case_id,checkpoint,gold_rank,kind,margin,mode,tokens,top1,top3
0,anchor_tree_massive_ep1,2,SVO3,-0.005358412861824036,l0,we offer variety,0,1
1,anchor_tree_massive_ep1,1,SVO3,0.15948393940925598,l0,you have pool,1,1
2,anchor_tree_massive_ep1,2,SVO3,-0.03355520963668823,l0,federation thought condition,0,1
3,anchor_tree_massive_ep1,3,SVO3,-0.05416462570428848,l0,sapphire called one,0,1
4,anchor_tree_massive_ep1,4,SVO3,-0.09086983650922775,l0,administrations revoke certificates,0,0
5,anchor_tree_massive_ep1,3,SVO3,-0.07359736785292625,l0,google done job,0,1
6,anchor_tree_massive_ep1,5,SVO3,-0.0793236568570137,l0,residents dos remédios,0,0
7,anchor_tree_massive_ep1,4,SVO3,-0.0656106579117477,l0,he asked questions,0,0
8,anchor_tree_massive_ep1,1,SVOA4,0.07348787784576416,l0,you capture that how,1,1
9,anchor_tree_massive_ep1,1,SVOA4,0.03579548001289368,l0,we transformed businesses repeatedly,1,1
10,anchor_tree_massive_ep1,6,SVO3,-0.12271060049533844,l0,lutron dimming installation,0,0
11,anchor_tree_massive_ep1,1,SVO3,0.025872260332107544,l0,they provide life,1,1
12,anchor_tree_massive_ep1,2,SVOA4,-0.004889488220214844,l0,hotel provides rentals also,0,1
13,anchor_tree_massive_ep1,3,SVO3,-0.013162761926651001,l0,he loves it,0,1
14,anchor_tree_massive_ep1,4,SVOA4,-0.05754701420664787,l0,ye pollute land so,0,0
15,anchor_tree_massive_ep1,2,SVO3,-0.013206014409661293,l0,she heard sound,0,1
16,anchor_tree_massive_ep1,4,SVO3,-0.03400264121592045,l0,software used quicktime,0,0
17,anchor_tree_massive_ep1,1,SVO3,0.03267858177423477,l0,hotel combines business,1,1
18,anchor_tree_massive_ep1,3,SVO3,-0.017204841133207083,l0,they spread garment,0,1
19,anchor_tree_massive_ep1,3,SVO3,-0.08037964068353176,l0,museum offers introduction,0,1
20,anchor_tree_massive_ep1,1,SVO3,0.045029670000076294,l0,you find gruta,1,1
21,anchor_tree_massive_ep1,2,SVO3,-0.03873486630618572,l0,they put gods,0,1
22,anchor_tree_massive_ep1,3,SVOA4,-0.034343600273132324,l0,parties enjoy pavilion also,0,1
23,anchor_tree_massive_ep1,4,SVOA4,-0.03977655619382858,l0,i catch him sometimes,0,0
24,anchor_tree_massive_ep1,20,SVOA4,-0.0896666431799531,l0,industry implement standards actively,0,0
25,anchor_tree_massive_ep1,1,SVO3,0.03732091188430786,l0,you spit them,1,1
26,anchor_tree_massive_ep1,1,SVO3,0.03489499818533659,l0,enterprises install edition,1,1
27,anchor_tree_massive_ep1,1,SVOA4,0.05129405856132507,l0,you read more here,1,1
28,anchor_tree_massive_ep1,16,SVOA4,-0.10207084938883781,l0,eurotree reserves right explicitly,0,0
29,anchor_tree_massive_ep1,4,SVO3,-0.06173386052250862,l0,collins picked box,0,0
30,anchor_tree_massive_ep1,14,SVOA4,-0.21604585647583008,l0,knowledge carry you here,0,0
31,anchor_tree_massive_ep1,3,SVO3,-0.043673956650309265,l0,project supports systems,0,1
32,anchor_tree_massive_ep1,5,SVO3,-0.04711223393678665,l0,dancers fused features,0,0
33,anchor_tree_massive_ep1,1,SVO3,0.059644103050231934,l0,you turn entry,1,1
34,anchor_tree_massive_ep1,1,SVO3,0.006242603063583374,l0,we offer price,1,1
35,anchor_tree_massive_ep1,4,SVOA4,-0.01738259196281433,l0,attendees have text next,0,0
36,anchor_tree_massive_ep1,6,SVO3,-0.08388055860996246,l0,gate reveals pathway,0,0
37,anchor_tree_massive_ep1,2,SVO3,-0.008270055055618286,l0,vouchers permit people,0,1
38,anchor_tree_massive_ep1,1,SVO3,0.01384483277797699,l0,nordson provides equipment,1,1
39,anchor_tree_massive_ep1,3,SVO3,-0.03197458293288946,l0,china improve coordination,0,1
40,anchor_tree_massive_ep1,6,SVO3,-0.05474070645868778,l0,she slowed acceleration,0,0
41,anchor_tree_massive_ep1,4,SVO3,-0.07263711094856262,l0,hotels found stars,0,0
42,anchor_tree_massive_ep1,2,SVOA4,-0.006552457809448242,l0,sathorn offers facilities also,0,1
43,anchor_tree_massive_ep1,5,SVO3,-0.05342798214405775,l0,use terminates permission,0,0
44,anchor_tree_massive_ep1,7,SVOA4,-0.04252628795802593,l0,cook made plaque ago,0,0
45,anchor_tree_massive_ep1,4,SVO3,-0.21029817312955856,l0,map shows bay,0,0
46,anchor_tree_massive_ep1,6,SVO3,-0.06091214902698994,l0,group pursues research,0,0
47,anchor_tree_massive_ep1,1,SVOA4,0.03379291296005249,l0,you send inquiries also,1,1
48,anchor_tree_massive_ep1,1,SVO3,0.05561054457211867,l0,ferries offers fares,1,1
49,anchor_tree_massive_ep1,4,SVO3,-0.05632683279691264,l0,coromant developed solutions,0,0
50,anchor_tree_massive_ep1,5,SVO3,-0.09870280604809523,l0,offers has addition,0,0
51,anchor_tree_massive_ep1,3,SVOA4,-0.04046006500720978,l0,it gives output then,0,1
52,anchor_tree_massive_ep1,1,SVO3,0.037297323346138,l0,we offer seaways,1,1
53,anchor_tree_massive_ep1,10,SVOA4,-0.03884465992450714,l0,category describes invention best,0,0
54,anchor_tree_massive_ep1,1,SVO3,0.02298043668270111,l0,we offer hotels,1,1
55,anchor_tree_massive_ep1,1,SVOA4,0.032884854823350906,l0,network allows access only,1,1
56,anchor_tree_massive_ep1,4,SVOA4,-0.03315195441246033,l0,company abrogate account instantly,0,0
57,anchor_tree_massive_ep1,2,SVO3,-0.005917274858802557,l0,working watch video,0,1
58,anchor_tree_massive_ep1,1,SVO3,0.02912643551826477,l0,you hit button,1,1
59,anchor_tree_massive_ep1,1,SVOA4,0.11172446608543396,l0,you have models so,1,1
60,anchor_tree_massive_ep1,1,SVO3,0.07679232954978943,l0,you read more,1,1
61,anchor_tree_massive_ep1,2,SVO3,-0.029643554240465164,l0,room features tv,0,1
62,anchor_tree_massive_ep1,1,SVOA4,0.032965391874313354,l0,revolution driving demand also,1,1
63,anchor_tree_massive_ep1,3,SVOA4,-0.02509942650794983,l0,you ask me long,0,1
64,anchor_tree_massive_ep1,5,SVO3,-0.10986512899398804,l0,rotor contains parts,0,0
65,anchor_tree_massive_ep1,2,SVO3,-0.01820272207260132,l0,apartment has bathroom,0,1
66,anchor_tree_massive_ep1,12,SVOA4,-0.0778802364366129,l0,review type webiste above,0,0
67,anchor_tree_massive_ep1,1,SVO3,0.035524338483810425,l0,i hate word,1,1
68,anchor_tree_massive_ep1,6,SVO3,-0.16003592684864998,l0,isms covers matters,0,0
69,anchor_tree_massive_ep1,1,SVO3,0.03400811553001404,l0,you find streets,1,1
70,anchor_tree_massive_ep1,12,SVOA4,-0.09198841452598572,l0,i suffered deaths already,0,0
71,anchor_tree_massive_ep1,4,SVOA4,-0.036410242319107056,l0,browser resize cells also,0,0
72,anchor_tree_massive_ep1,1,SVO3,0.09751629829406738,l0,you saw it,1,1
73,anchor_tree_massive_ep1,1,SVO3,0.05056416988372803,l0,you see destination,1,1
74,anchor_tree_massive_ep1,3,SVO3,-0.12516643106937408,l0,i tell you,0,1
75,anchor_tree_massive_ep1,1,SVO3,0.04723441042006016,l0,widodo welcomed visit,1,1
76,anchor_tree_massive_ep1,2,SVO3,-0.040316998958587646,l0,you assign style,0,1
77,anchor_tree_massive_ep1,1,SVO3,0.054322779178619385,l0,you ask me,1,1
78,anchor_tree_massive_ep1,4,SVO3,-0.08981434628367424,l0,palmtran includes keyboard,0,0
79,anchor_tree_massive_ep1,1,SVO3,0.03252413123846054,l0,ye take satisfaction,1,1
0,anchor_tree_massive_ep1,2,SVO3,-0.08459588885307312,cmul,we offer variety,0,1
1,anchor_tree_massive_ep1,1,SVO3,0.16291749477386475,cmul,you have pool,1,1
2,anchor_tree_massive_ep1,5,SVO3,-0.10869590193033218,cmul,federation thought condition,0,0
3,anchor_tree_massive_ep1,2,SVO3,-0.06534856744110584,cmul,sapphire called one,0,1
4,anchor_tree_massive_ep1,4,SVO3,-0.03809826821088791,cmul,administrations revoke certificates,0,0
5,anchor_tree_massive_ep1,5,SVO3,-0.09354202449321747,cmul,google done job,0,0
6,anchor_tree_massive_ep1,1,SVO3,0.009678557515144348,cmul,residents dos remédios,1,1
7,anchor_tree_massive_ep1,3,SVO3,-0.07763212732970715,cmul,he asked questions,0,1
8,anchor_tree_massive_ep1,1,SVOA4,0.060960352420806885,cmul,you capture that how,1,1
9,anchor_tree_massive_ep1,6,SVOA4,-0.07155419886112213,cmul,we transformed businesses repeatedly,0,0
10,anchor_tree_massive_ep1,5,SVO3,-0.16040156385861337,cmul,lutron dimming installation,0,0
11,anchor_tree_massive_ep1,1,SVO3,0.04996597394347191,cmul,they provide life,1,1
12,anchor_tree_massive_ep1,2,SVOA4,-0.00821635127067566,cmul,hotel provides rentals also,0,1
13,anchor_tree_massive_ep1,2,SVO3,-0.03183943242765963,cmul,he loves it,0,1
14,anchor_tree_massive_ep1,4,SVOA4,-0.025194868445396423,cmul,ye pollute land so,0,0
15,anchor_tree_massive_ep1,4,SVO3,-0.09283236414194107,cmul,she heard sound,0,0
16,anchor_tree_massive_ep1,3,SVO3,-0.09973013773560524,cmul,software used quicktime,0,1
17,anchor_tree_massive_ep1,5,SVO3,-0.0816035233438015,cmul,hotel combines business,0,0
18,anchor_tree_massive_ep1,3,SVO3,-0.008805996680166572,cmul,they spread garment,0,1
19,anchor_tree_massive_ep1,3,SVO3,-0.04014962166547775,cmul,museum offers introduction,0,1
20,anchor_tree_massive_ep1,2,SVO3,-0.016578227281570435,cmul,you find gruta,0,1
21,anchor_tree_massive_ep1,2,SVO3,-0.015921302139759064,cmul,they put gods,0,1
22,anchor_tree_massive_ep1,2,SVOA4,-0.002398371696472168,cmul,parties enjoy pavilion also,0,1
23,anchor_tree_massive_ep1,1,SVOA4,0.014585629105567932,cmul,i catch him sometimes,1,1
24,anchor_tree_massive_ep1,16,SVOA4,-0.09613834042102098,cmul,industry implement standards actively,0,0
25,anchor_tree_massive_ep1,1,SVO3,0.0026084184646606445,cmul,you spit them,1,1
26,anchor_tree_massive_ep1,4,SVO3,-0.0559433251619339,cmul,enterprises install edition,0,0
27,anchor_tree_massive_ep1,1,SVOA4,0.028810113668441772,cmul,you read more here,1,1
28,anchor_tree_massive_ep1,17,SVOA4,-0.08316134661436081,cmul,eurotree reserves right explicitly,0,0
29,anchor_tree_massive_ep1,1,SVO3,0.010082265362143517,cmul,collins picked box,1,1
30,anchor_tree_massive_ep1,19,SVOA4,-0.21122439950704575,cmul,knowledge carry you here,0,0
31,anchor_tree_massive_ep1,1,SVO3,0.0505338404327631,cmul,project supports systems,1,1
32,anchor_tree_massive_ep1,6,SVO3,-0.0722256675362587,cmul,dancers fused features,0,0
33,anchor_tree_massive_ep1,1,SVO3,0.02570834755897522,cmul,you turn entry,1,1
34,anchor_tree_massive_ep1,2,SVO3,-0.036249011754989624,cmul,we offer price,0,1
35,anchor_tree_massive_ep1,4,SVOA4,-0.06987839937210083,cmul,attendees have text next,0,0
36,anchor_tree_massive_ep1,4,SVO3,-0.05091838166117668,cmul,gate reveals pathway,0,0
37,anchor_tree_massive_ep1,2,SVO3,-0.04049943387508392,cmul,vouchers permit people,0,1
38,anchor_tree_massive_ep1,2,SVO3,-0.024241551756858826,cmul,nordson provides equipment,0,1
39,anchor_tree_massive_ep1,1,SVO3,0.0008558966219425201,cmul,china improve coordination,1,1
40,anchor_tree_massive_ep1,5,SVO3,-0.08842798694968224,cmul,she slowed acceleration,0,0
41,anchor_tree_massive_ep1,4,SVO3,-0.05363871902227402,cmul,hotels found stars,0,0
42,anchor_tree_massive_ep1,1,SVOA4,0.00671347975730896,cmul,sathorn offers facilities also,1,1
43,anchor_tree_massive_ep1,5,SVO3,-0.20039017871022224,cmul,use terminates permission,0,0
44,anchor_tree_massive_ep1,5,SVOA4,-0.05410212650895119,cmul,cook made plaque ago,0,0
45,anchor_tree_massive_ep1,6,SVO3,-0.17214716970920563,cmul,map shows bay,0,0
46,anchor_tree_massive_ep1,6,SVO3,-0.1367887370288372,cmul,group pursues research,0,0
47,anchor_tree_massive_ep1,1,SVOA4,0.033944934606552124,cmul,you send inquiries also,1,1
48,anchor_tree_massive_ep1,1,SVO3,0.059284524992108345,cmul,ferries offers fares,1,1
49,anchor_tree_massive_ep1,6,SVO3,-0.1435849480330944,cmul,coromant developed solutions,0,0
50,anchor_tree_massive_ep1,5,SVO3,-0.11056715808808804,cmul,offers has addition,0,0
51,anchor_tree_massive_ep1,3,SVOA4,-0.010058693587779999,cmul,it gives output then,0,1
52,anchor_tree_massive_ep1,2,SVO3,-0.03399762511253357,cmul,we offer seaways,0,1
53,anchor_tree_massive_ep1,15,SVOA4,-0.12539377063512802,cmul,category describes invention best,0,0
54,anchor_tree_massive_ep1,2,SVO3,-0.0531650185585022,cmul,we offer hotels,0,1
55,anchor_tree_massive_ep1,2,SVOA4,-0.0008664578199386597,cmul,network allows access only,0,1
56,anchor_tree_massive_ep1,16,SVOA4,-0.08567766100168228,cmul,company abrogate account instantly,0,0
57,anchor_tree_massive_ep1,2,SVO3,-0.010791344568133354,cmul,working watch video,0,1
58,anchor_tree_massive_ep1,2,SVO3,-0.06177002191543579,cmul,you hit button,0,1
59,anchor_tree_massive_ep1,1,SVOA4,0.07590985298156738,cmul,you have models so,1,1
60,anchor_tree_massive_ep1,1,SVO3,0.11277329921722412,cmul,you read more,1,1
61,anchor_tree_massive_ep1,3,SVO3,-0.01611391454935074,cmul,room features tv,0,1
62,anchor_tree_massive_ep1,4,SVOA4,-0.036164239048957825,cmul,revolution driving demand also,0,0
63,anchor_tree_massive_ep1,2,SVOA4,-0.002882450819015503,cmul,you ask me long,0,1
64,anchor_tree_massive_ep1,4,SVO3,-0.05609786696732044,cmul,rotor contains parts,0,0
65,anchor_tree_massive_ep1,2,SVO3,-0.015089675784111023,cmul,apartment has bathroom,0,1
66,anchor_tree_massive_ep1,2,SVOA4,-0.06847760081291199,cmul,review type webiste above,0,1
67,anchor_tree_massive_ep1,1,SVO3,0.004929147660732269,cmul,i hate word,1,1
68,anchor_tree_massive_ep1,6,SVO3,-0.18588918447494507,cmul,isms covers matters,0,0
69,anchor_tree_massive_ep1,2,SVO3,-0.0006895065307617188,cmul,you find streets,0,1
70,anchor_tree_massive_ep1,6,SVOA4,-0.04614216089248657,cmul,i suffered deaths already,0,0
71,anchor_tree_massive_ep1,4,SVOA4,-0.04458087682723999,cmul,browser resize cells also,0,0
72,anchor_tree_massive_ep1,1,SVO3,0.07802078127861023,cmul,you saw it,1,1
73,anchor_tree_massive_ep1,1,SVO3,0.0770387053489685,cmul,you see destination,1,1
74,anchor_tree_massive_ep1,3,SVO3,-0.1111251711845398,cmul,i tell you,0,1
75,anchor_tree_massive_ep1,2,SVO3,-0.017156117130070925,cmul,widodo welcomed visit,0,1
76,anchor_tree_massive_ep1,2,SVO3,-0.004072993993759155,cmul,you assign style,0,1
77,anchor_tree_massive_ep1,1,SVO3,0.08401891589164734,cmul,you ask me,1,1
78,anchor_tree_massive_ep1,4,SVO3,-0.04958268254995346,cmul,palmtran includes keyboard,0,0
79,anchor_tree_massive_ep1,2,SVO3,-0.028453655540943146,cmul,ye take satisfaction,0,1
0,anchor_tree_massive_ep1,2,SVO3,-0.00017398595809936523,tree,we offer variety,0,1
1,anchor_tree_massive_ep1,1,SVO3,0.0004017949104309082,tree,you have pool,1,1
2,anchor_tree_massive_ep1,6,SVO3,-0.0002110600471496582,tree,federation thought condition,0,0
3,anchor_tree_massive_ep1,2,SVO3,-0.00026100873947143555,tree,sapphire called one,0,1
4,anchor_tree_massive_ep1,4,SVO3,-0.00010442733764648438,tree,administrations revoke certificates,0,0
5,anchor_tree_massive_ep1,5,SVO3,-0.0003688931465148926,tree,google done job,0,0
6,anchor_tree_massive_ep1,2,SVO3,-3.784894943237305e-05,tree,residents dos remédios,0,1
7,anchor_tree_massive_ep1,6,SVO3,-0.00025719404220581055,tree,he asked questions,0,0
8,anchor_tree_massive_ep1,2,SVOA4,-5.3048133850097656e-05,tree,you capture that how,0,1
9,anchor_tree_massive_ep1,10,SVOA4,-0.00046497583389282227,tree,we transformed businesses repeatedly,0,0
10,anchor_tree_massive_ep1,5,SVO3,-0.0002468228340148926,tree,lutron dimming installation,0,0
11,anchor_tree_massive_ep1,1,SVO3,8.559226989746094e-05,tree,they provide life,1,1
12,anchor_tree_massive_ep1,3,SVOA4,-0.000152587890625,tree,hotel provides rentals also,0,1
13,anchor_tree_massive_ep1,3,SVO3,-4.3272972106933594e-05,tree,he loves it,0,1
14,anchor_tree_massive_ep1,1,SVOA4,4.655122756958008e-05,tree,ye pollute land so,1,1
15,anchor_tree_massive_ep1,4,SVO3,-0.00028443336486816406,tree,she heard sound,0,0
16,anchor_tree_massive_ep1,5,SVO3,-0.00022095441818237305,tree,software used quicktime,0,0
17,anchor_tree_massive_ep1,4,SVO3,-0.00025534629821777344,tree,hotel combines business,0,0
18,anchor_tree_massive_ep1,1,SVO3,6.473064422607422e-05,tree,they spread garment,1,1
19,anchor_tree_massive_ep1,3,SVO3,-0.0001226663589477539,tree,museum offers introduction,0,1
20,anchor_tree_massive_ep1,1,SVO3,0.00010788440704345703,tree,you find gruta,1,1
21,anchor_tree_massive_ep1,3,SVO3,-0.00016450881958007812,tree,they put gods,0,1
22,anchor_tree_massive_ep1,4,SVOA4,-0.00014209747314453125,tree,parties enjoy pavilion also,0,0
23,anchor_tree_massive_ep1,2,SVOA4,-6.079673767089844e-05,tree,i catch him sometimes,0,1
24,anchor_tree_massive_ep1,19,SVOA4,-0.0002498626708984375,tree,industry implement standards actively,0,0
25,anchor_tree_massive_ep1,2,SVO3,-6.288290023803711e-05,tree,you spit them,0,1
26,anchor_tree_massive_ep1,4,SVO3,-0.00011330842971801758,tree,enterprises install edition,0,0
27,anchor_tree_massive_ep1,1,SVOA4,0.00020128488540649414,tree,you read more here,1,1
28,anchor_tree_massive_ep1,12,SVOA4,-0.00024837255477905273,tree,eurotree reserves right explicitly,0,0
29,anchor_tree_massive_ep1,1,SVO3,1.3709068298339844e-05,tree,collins picked box,1,1
30,anchor_tree_massive_ep1,15,SVOA4,-0.0006120800971984863,tree,knowledge carry you here,0,0
31,anchor_tree_massive_ep1,1,SVO3,5.1140785217285156e-05,tree,project supports systems,1,1
32,anchor_tree_massive_ep1,4,SVO3,-0.0002422928810119629,tree,dancers fused features,0,0
33,anchor_tree_massive_ep1,1,SVO3,3.2186508178710938e-06,tree,you turn entry,1,1
34,anchor_tree_massive_ep1,2,SVO3,-0.00010073184967041016,tree,we offer price,0,1
35,anchor_tree_massive_ep1,2,SVOA4,-1.9788742065429688e-05,tree,attendees have text next,0,1
36,anchor_tree_massive_ep1,2,SVO3,-8.612871170043945e-05,tree,gate reveals pathway,0,1
37,anchor_tree_massive_ep1,3,SVO3,-0.0001036524772644043,tree,vouchers permit people,0,1
38,anchor_tree_massive_ep1,1,SVO3,0.0001290440559387207,tree,nordson provides equipment,1,1
39,anchor_tree_massive_ep1,3,SVO3,-9.781122207641602e-05,tree,china improve coordination,0,1
40,anchor_tree_massive_ep1,5,SVO3,-0.0001608729362487793,tree,she slowed acceleration,0,0
41,anchor_tree_massive_ep1,2,SVO3,-0.00012499094009399414,tree,hotels found stars,0,1
42,anchor_tree_massive_ep1,1,SVOA4,0.00011163949966430664,tree,sathorn offers facilities also,1,1
43,anchor_tree_massive_ep1,5,SVO3,-0.0004241466522216797,tree,use terminates permission,0,0
44,anchor_tree_massive_ep1,5,SVOA4,-0.00010156631469726562,tree,cook made plaque ago,0,0
45,anchor_tree_massive_ep1,6,SVO3,-0.0004952549934387207,tree,map shows bay,0,0
46,anchor_tree_massive_ep1,5,SVO3,-0.00019407272338867188,tree,group pursues research,0,0
47,anchor_tree_massive_ep1,1,SVOA4,0.00020951032638549805,tree,you send inquiries also,1,1
48,anchor_tree_massive_ep1,1,SVO3,0.0001525282859802246,tree,ferries offers fares,1,1
49,anchor_tree_massive_ep1,6,SVO3,-0.0002714395523071289,tree,coromant developed solutions,0,0
50,anchor_tree_massive_ep1,5,SVO3,-0.00032007694244384766,tree,offers has addition,0,0
51,anchor_tree_massive_ep1,4,SVOA4,-0.00013720989227294922,tree,it gives output then,0,0
52,anchor_tree_massive_ep1,2,SVO3,-9.40561294555664e-05,tree,we offer seaways,0,1
53,anchor_tree_massive_ep1,19,SVOA4,-0.0007660984992980957,tree,category describes invention best,0,0
54,anchor_tree_massive_ep1,2,SVO3,-0.00017726421356201172,tree,we offer hotels,0,1
55,anchor_tree_massive_ep1,1,SVOA4,4.2319297790527344e-05,tree,network allows access only,1,1
56,anchor_tree_massive_ep1,15,SVOA4,-0.00043654441833496094,tree,company abrogate account instantly,0,0
57,anchor_tree_massive_ep1,3,SVO3,-0.00014388561248779297,tree,working watch video,0,1
58,anchor_tree_massive_ep1,2,SVO3,-6.73532485961914e-05,tree,you hit button,0,1
59,anchor_tree_massive_ep1,1,SVOA4,0.0002669095993041992,tree,you have models so,1,1
60,anchor_tree_massive_ep1,1,SVO3,0.0001595616340637207,tree,you read more,1,1
61,anchor_tree_massive_ep1,3,SVO3,-2.3603439331054688e-05,tree,room features tv,0,1
62,anchor_tree_massive_ep1,5,SVOA4,-0.000258028507232666,tree,revolution driving demand also,0,0
63,anchor_tree_massive_ep1,4,SVOA4,-0.00016325712203979492,tree,you ask me long,0,0
64,anchor_tree_massive_ep1,2,SVO3,-3.546476364135742e-05,tree,rotor contains parts,0,1
65,anchor_tree_massive_ep1,1,SVO3,8.14199447631836e-05,tree,apartment has bathroom,1,1
66,anchor_tree_massive_ep1,4,SVOA4,-6.222724914550781e-05,tree,review type webiste above,0,0
67,anchor_tree_massive_ep1,2,SVO3,-3.266334533691406e-05,tree,i hate word,0,1
68,anchor_tree_massive_ep1,6,SVO3,-0.0004393458366394043,tree,isms covers matters,0,0
69,anchor_tree_massive_ep1,1,SVO3,0.00011157989501953125,tree,you find streets,1,1
70,anchor_tree_massive_ep1,6,SVOA4,-5.555152893066406e-05,tree,i suffered deaths already,0,0
71,anchor_tree_massive_ep1,6,SVOA4,-0.00023609399795532227,tree,browser resize cells also,0,0
72,anchor_tree_massive_ep1,1,SVO3,2.4974346160888672e-05,tree,you saw it,1,1
73,anchor_tree_massive_ep1,1,SVO3,0.00025582313537597656,tree,you see destination,1,1
74,anchor_tree_massive_ep1,3,SVO3,-0.00013887882232666016,tree,i tell you,0,1
75,anchor_tree_massive_ep1,1,SVO3,1.2576580047607422e-05,tree,widodo welcomed visit,1,1
76,anchor_tree_massive_ep1,2,SVO3,-7.748603820800781e-06,tree,you assign style,0,1
77,anchor_tree_massive_ep1,1,SVO3,0.0001385807991027832,tree,you ask me,1,1
78,anchor_tree_massive_ep1,6,SVO3,-0.00038814544677734375,tree,palmtran includes keyboard,0,0
79,anchor_tree_massive_ep1,1,SVO3,8.881092071533203e-06,tree,ye take satisfaction,1,1
0,anchor_tree_massive_ep1,2,SVO3,-0.008091211318969727,l0_path,we offer variety,0,1
1,anchor_tree_massive_ep1,1,SVO3,0.01435023546218872,l0_path,you have pool,1,1
2,anchor_tree_massive_ep1,6,SVO3,-0.03203946352005005,l0_path,federation thought condition,0,0
3,anchor_tree_massive_ep1,2,SVO3,-0.0012774467468261719,l0_path,sapphire called one,0,1
4,anchor_tree_massive_ep1,4,SVO3,-0.013829916715621948,l0_path,administrations revoke certificates,0,0
5,anchor_tree_massive_ep1,2,SVO3,-0.009135186672210693,l0_path,google done job,0,1
6,anchor_tree_massive_ep1,6,SVO3,-0.06584683060646057,l0_path,residents dos remédios,0,0
7,anchor_tree_massive_ep1,2,SVO3,-0.0066803693771362305,l0_path,he asked questions,0,1
8,anchor_tree_massive_ep1,1,SVOA4,0.014010071754455566,l0_path,you capture that how,1,1
9,anchor_tree_massive_ep1,2,SVOA4,-0.0021916627883911133,l0_path,we transformed businesses repeatedly,0,1
10,anchor_tree_massive_ep1,4,SVO3,-0.010416388511657715,l0_path,lutron dimming installation,0,0
11,anchor_tree_massive_ep1,1,SVO3,0.003211379051208496,l0_path,they provide life,1,1
12,anchor_tree_massive_ep1,2,SVOA4,-0.007065474987030029,l0_path,hotel provides rentals also,0,1
13,anchor_tree_massive_ep1,2,SVO3,-0.0006757378578186035,l0_path,he loves it,0,1
14,anchor_tree_massive_ep1,5,SVOA4,-0.010005772113800049,l0_path,ye pollute land so,0,0
15,anchor_tree_massive_ep1,1,SVO3,0.00034123659133911133,l0_path,she heard sound,1,1
16,anchor_tree_massive_ep1,3,SVO3,-0.008826613426208496,l0_path,software used quicktime,0,1
17,anchor_tree_massive_ep1,1,SVO3,0.007075369358062744,l0_path,hotel combines business,1,1
18,anchor_tree_massive_ep1,2,SVO3,-0.0005456209182739258,l0_path,they spread garment,0,1
19,anchor_tree_massive_ep1,6,SVO3,-0.056060612201690674,l0_path,museum offers introduction,0,0
20,anchor_tree_massive_ep1,1,SVO3,0.0001436471939086914,l0_path,you find gruta,1,1
21,anchor_tree_massive_ep1,1,SVO3,0.0027137398719787598,l0_path,they put gods,1,1
22,anchor_tree_massive_ep1,6,SVOA4,-0.018384218215942383,l0_path,parties enjoy pavilion also,0,0
23,anchor_tree_massive_ep1,2,SVOA4,-0.008281350135803223,l0_path,i catch him sometimes,0,1
24,anchor_tree_massive_ep1,9,SVOA4,-0.020724952220916748,l0_path,industry implement standards actively,0,0
25,anchor_tree_massive_ep1,1,SVO3,0.004632472991943359,l0_path,you spit them,1,1
26,anchor_tree_massive_ep1,3,SVO3,-0.013120502233505249,l0_path,enterprises install edition,0,1
27,anchor_tree_massive_ep1,1,SVOA4,0.008963823318481445,l0_path,you read more here,1,1
28,anchor_tree_massive_ep1,21,SVOA4,-0.04520595073699951,l0_path,eurotree reserves right explicitly,0,0
29,anchor_tree_massive_ep1,3,SVO3,-0.020086675882339478,l0_path,collins picked box,0,1
30,anchor_tree_massive_ep1,12,SVOA4,-0.057900846004486084,l0_path,knowledge carry you here,0,0
31,anchor_tree_massive_ep1,1,SVO3,0.013238131999969482,l0_path,project supports systems,1,1
32,anchor_tree_massive_ep1,5,SVO3,-0.00584787130355835,l0_path,dancers fused features,0,0
33,anchor_tree_massive_ep1,2,SVO3,-0.0002974867820739746,l0_path,you turn entry,0,1
34,anchor_tree_massive_ep1,1,SVO3,0.0007749199867248535,l0_path,we offer price,1,1
35,anchor_tree_massive_ep1,18,SVOA4,-0.03488832712173462,l0_path,attendees have text next,0,0
36,anchor_tree_massive_ep1,2,SVO3,-0.0022209584712982178,l0_path,gate reveals pathway,0,1
37,anchor_tree_massive_ep1,2,SVO3,-0.0010265111923217773,l0_path,vouchers permit people,0,1
38,anchor_tree_massive_ep1,1,SVO3,0.00749361515045166,l0_path,nordson provides equipment,1,1
39,anchor_tree_massive_ep1,6,SVO3,-0.03253376483917236,l0_path,china improve coordination,0,0
40,anchor_tree_massive_ep1,2,SVO3,-0.00557255744934082,l0_path,she slowed acceleration,0,1
41,anchor_tree_massive_ep1,4,SVO3,-0.014461696147918701,l0_path,hotels found stars,0,0
42,anchor_tree_massive_ep1,2,SVOA4,-0.001145005226135254,l0_path,sathorn offers facilities also,0,1
43,anchor_tree_massive_ep1,2,SVO3,-0.007762312889099121,l0_path,use terminates permission,0,1
44,anchor_tree_massive_ep1,20,SVOA4,-0.056936562061309814,l0_path,cook made plaque ago,0,0
45,anchor_tree_massive_ep1,2,SVO3,-0.015755772590637207,l0_path,map shows bay,0,1
46,anchor_tree_massive_ep1,2,SVO3,-0.0033916234970092773,l0_path,group pursues research,0,1
47,anchor_tree_massive_ep1,1,SVOA4,0.009820759296417236,l0_path,you send inquiries also,1,1
48,anchor_tree_massive_ep1,3,SVO3,-0.009810209274291992,l0_path,ferries offers fares,0,1
49,anchor_tree_massive_ep1,1,SVO3,0.0030900239944458008,l0_path,coromant developed solutions,1,1
50,anchor_tree_massive_ep1,3,SVO3,-0.011410117149353027,l0_path,offers has addition,0,1
51,anchor_tree_massive_ep1,2,SVOA4,-0.0005562901496887207,l0_path,it gives output then,0,1
52,anchor_tree_massive_ep1,1,SVO3,0.00462949275970459,l0_path,we offer seaways,1,1
53,anchor_tree_massive_ep1,4,SVOA4,-0.014310717582702637,l0_path,category describes invention best,0,0
54,anchor_tree_massive_ep1,1,SVO3,0.002852320671081543,l0_path,we offer hotels,1,1
55,anchor_tree_massive_ep1,1,SVOA4,0.005746662616729736,l0_path,network allows access only,1,1
56,anchor_tree_massive_ep1,14,SVOA4,-0.025546789169311523,l0_path,company abrogate account instantly,0,0
57,anchor_tree_massive_ep1,2,SVO3,-0.0007344484329223633,l0_path,working watch video,0,1
58,anchor_tree_massive_ep1,1,SVO3,0.012412786483764648,l0_path,you hit button,1,1
59,anchor_tree_massive_ep1,1,SVOA4,0.008406579494476318,l0_path,you have models so,1,1
60,anchor_tree_massive_ep1,1,SVO3,0.009531855583190918,l0_path,you read more,1,1
61,anchor_tree_massive_ep1,2,SVO3,-0.0036794543266296387,l0_path,room features tv,0,1
62,anchor_tree_massive_ep1,1,SVOA4,0.010897248983383179,l0_path,revolution driving demand also,1,1
63,anchor_tree_massive_ep1,3,SVOA4,-0.0043860673904418945,l0_path,you ask me long,0,1
64,anchor_tree_massive_ep1,5,SVO3,-0.03195202350616455,l0_path,rotor contains parts,0,0
65,anchor_tree_massive_ep1,2,SVO3,-0.0035014748573303223,l0_path,apartment has bathroom,0,1
66,anchor_tree_massive_ep1,9,SVOA4,-0.019474267959594727,l0_path,review type webiste above,0,0
67,anchor_tree_massive_ep1,1,SVO3,0.014340221881866455,l0_path,i hate word,1,1
68,anchor_tree_massive_ep1,2,SVO3,-0.0007051825523376465,l0_path,isms covers matters,0,1
69,anchor_tree_massive_ep1,2,SVO3,-0.011155247688293457,l0_path,you find streets,0,1
70,anchor_tree_massive_ep1,2,SVOA4,-0.0009091496467590332,l0_path,i suffered deaths already,0,1
71,anchor_tree_massive_ep1,7,SVOA4,-0.0436672568321228,l0_path,browser resize cells also,0,0
72,anchor_tree_massive_ep1,1,SVO3,0.017549753189086914,l0_path,you saw it,1,1
73,anchor_tree_massive_ep1,2,SVO3,-0.0008271336555480957,l0_path,you see destination,0,1
74,anchor_tree_massive_ep1,3,SVO3,-0.0152474045753479,l0_path,i tell you,0,1
75,anchor_tree_massive_ep1,3,SVO3,-0.028495997190475464,l0_path,widodo welcomed visit,0,1
76,anchor_tree_massive_ep1,1,SVO3,0.0007159113883972168,l0_path,you assign style,1,1
77,anchor_tree_massive_ep1,1,SVO3,0.0067427754402160645,l0_path,you ask me,1,1
78,anchor_tree_massive_ep1,4,SVO3,-0.04258853197097778,l0_path,palmtran includes keyboard,0,0
79,anchor_tree_massive_ep1,3,SVO3,-0.01934880018234253,l0_path,ye take satisfaction,0,1
0,anchor_tree_massive_ep2,2,SVO3,-0.005353868007659912,l0,we offer variety,0,1
1,anchor_tree_massive_ep2,1,SVO3,0.15948274731636047,l0,you have pool,1,1
2,anchor_tree_massive_ep2,2,SVO3,-0.033571019768714905,l0,federation thought condition,0,1
3,anchor_tree_massive_ep2,3,SVO3,-0.05415833368897438,l0,sapphire called one,0,1
4,anchor_tree_massive_ep2,4,SVO3,-0.0908686462789774,l0,administrations revoke certificates,0,0
5,anchor_tree_massive_ep2,3,SVO3,-0.07360855676233768,l0,google done job,0,1
6,anchor_tree_massive_ep2,5,SVO3,-0.07931635854765773,l0,residents dos remédios,0,0
7,anchor_tree_massive_ep2,4,SVO3,-0.06559768971055746,l0,he asked questions,0,0
8,anchor_tree_massive_ep2,1,SVOA4,0.07348281145095825,l0,you capture that how,1,1
9,anchor_tree_massive_ep2,1,SVOA4,0.035792067646980286,l0,we transformed businesses repeatedly,1,1
10,anchor_tree_massive_ep2,6,SVO3,-0.1227621641010046,l0,lutron dimming installation,0,0
11,anchor_tree_massive_ep2,1,SVO3,0.025889717042446136,l0,they provide life,1,1
12,anchor_tree_massive_ep2,2,SVOA4,-0.004883617162704468,l0,hotel provides rentals also,0,1
13,anchor_tree_massive_ep2,3,SVO3,-0.013143282383680344,l0,he loves it,0,1
14,anchor_tree_massive_ep2,4,SVOA4,-0.057545557618141174,l0,ye pollute land so,0,0
15,anchor_tree_massive_ep2,2,SVO3,-0.013208009768277407,l0,she heard sound,0,1
16,anchor_tree_massive_ep2,4,SVO3,-0.034027074463665485,l0,software used quicktime,0,0
17,anchor_tree_massive_ep2,1,SVO3,0.03271368145942688,l0,hotel combines business,1,1
18,anchor_tree_massive_ep2,3,SVO3,-0.017187526682391763,l0,they spread garment,0,1
19,anchor_tree_massive_ep2,3,SVO3,-0.08035996928811073,l0,museum offers introduction,0,1
20,anchor_tree_massive_ep2,1,SVO3,0.04503369331359863,l0,you find gruta,1,1
21,anchor_tree_massive_ep2,2,SVO3,-0.03874006774276495,l0,they put gods,0,1
22,anchor_tree_massive_ep2,3,SVOA4,-0.03432673215866089,l0,parties enjoy pavilion also,0,1
23,anchor_tree_massive_ep2,4,SVOA4,-0.0397927388548851,l0,i catch him sometimes,0,0
24,anchor_tree_massive_ep2,20,SVOA4,-0.0896611176431179,l0,industry implement standards actively,0,0
25,anchor_tree_massive_ep2,1,SVO3,0.037323176860809326,l0,you spit them,1,1
26,anchor_tree_massive_ep2,1,SVO3,0.03490749932825565,l0,enterprises install edition,1,1
27,anchor_tree_massive_ep2,1,SVOA4,0.05129522085189819,l0,you read more here,1,1
28,anchor_tree_massive_ep2,16,SVOA4,-0.10206931084394455,l0,eurotree reserves right explicitly,0,0
29,anchor_tree_massive_ep2,4,SVO3,-0.0617847740650177,l0,collins picked box,0,0
30,anchor_tree_massive_ep2,14,SVOA4,-0.21608063578605652,l0,knowledge carry you here,0,0
31,anchor_tree_massive_ep2,3,SVO3,-0.04375187016557902,l0,project supports systems,0,1
32,anchor_tree_massive_ep2,5,SVO3,-0.047087181359529495,l0,dancers fused features,0,0
33,anchor_tree_massive_ep2,1,SVO3,0.05964714288711548,l0,you turn entry,1,1
34,anchor_tree_massive_ep2,1,SVO3,0.0062440186738967896,l0,we offer price,1,1
35,anchor_tree_massive_ep2,4,SVOA4,-0.017378784716129303,l0,attendees have text next,0,0
36,anchor_tree_massive_ep2,6,SVO3,-0.08389106020331383,l0,gate reveals pathway,0,0
37,anchor_tree_massive_ep2,2,SVO3,-0.00826679915189743,l0,vouchers permit people,0,1
38,anchor_tree_massive_ep2,1,SVO3,0.013867050409317017,l0,nordson provides equipment,1,1
39,anchor_tree_massive_ep2,3,SVO3,-0.03197220992296934,l0,china improve coordination,0,1
40,anchor_tree_massive_ep2,6,SVO3,-0.054748909547924995,l0,she slowed acceleration,0,0
41,anchor_tree_massive_ep2,4,SVO3,-0.07266062125563622,l0,hotels found stars,0,0
42,anchor_tree_massive_ep2,2,SVOA4,-0.006567955017089844,l0,sathorn offers facilities also,0,1
43,anchor_tree_massive_ep2,5,SVO3,-0.05341840977780521,l0,use terminates permission,0,0
44,anchor_tree_massive_ep2,7,SVOA4,-0.04253804171457887,l0,cook made plaque ago,0,0
45,anchor_tree_massive_ep2,4,SVO3,-0.2103266790509224,l0,map shows bay,0,0
46,anchor_tree_massive_ep2,6,SVO3,-0.06090365909039974,l0,group pursues research,0,0
47,anchor_tree_massive_ep2,1,SVOA4,0.03380727767944336,l0,you send inquiries also,1,1
48,anchor_tree_massive_ep2,1,SVO3,0.05560105346376076,l0,ferries offers fares,1,1
49,anchor_tree_massive_ep2,4,SVO3,-0.056297750619705766,l0,coromant developed solutions,0,0
50,anchor_tree_massive_ep2,5,SVO3,-0.09867751877754927,l0,offers has addition,0,0
51,anchor_tree_massive_ep2,3,SVOA4,-0.040454551577568054,l0,it gives output then,0,1
52,anchor_tree_massive_ep2,1,SVO3,0.03730711340904236,l0,we offer seaways,1,1
53,anchor_tree_massive_ep2,10,SVOA4,-0.03884202055633068,l0,category describes invention best,0,0
54,anchor_tree_massive_ep2,1,SVO3,0.022997140884399414,l0,we offer hotels,1,1
55,anchor_tree_massive_ep2,1,SVOA4,0.03286900371313095,l0,network allows access only,1,1
56,anchor_tree_massive_ep2,4,SVOA4,-0.03315340727567673,l0,company abrogate account instantly,0,0
57,anchor_tree_massive_ep2,2,SVO3,-0.005922775249928236,l0,working watch video,0,1
58,anchor_tree_massive_ep2,1,SVO3,0.029116839170455933,l0,you hit button,1,1
59,anchor_tree_massive_ep2,1,SVOA4,0.11172962188720703,l0,you have models so,1,1
60,anchor_tree_massive_ep2,1,SVO3,0.0767972469329834,l0,you read more,1,1
61,anchor_tree_massive_ep2,2,SVO3,-0.02960827574133873,l0,room features tv,0,1
62,anchor_tree_massive_ep2,1,SVOA4,0.03296908736228943,l0,revolution driving demand also,1,1
63,anchor_tree_massive_ep2,3,SVOA4,-0.02510017156600952,l0,you ask me long,0,1
64,anchor_tree_massive_ep2,5,SVO3,-0.10989052057266235,l0,rotor contains parts,0,0
65,anchor_tree_massive_ep2,2,SVO3,-0.01820313185453415,l0,apartment has bathroom,0,1
66,anchor_tree_massive_ep2,12,SVOA4,-0.07788181793875992,l0,review type webiste above,0,0
67,anchor_tree_massive_ep2,1,SVO3,0.03549398481845856,l0,i hate word,1,1
68,anchor_tree_massive_ep2,6,SVO3,-0.16007115319371223,l0,isms covers matters,0,0
69,anchor_tree_massive_ep2,1,SVO3,0.03399929404258728,l0,you find streets,1,1
70,anchor_tree_massive_ep2,12,SVOA4,-0.09195877611637115,l0,i suffered deaths already,0,0
71,anchor_tree_massive_ep2,4,SVOA4,-0.036424219608306885,l0,browser resize cells also,0,0
72,anchor_tree_massive_ep2,1,SVO3,0.09750241041183472,l0,you saw it,1,1
73,anchor_tree_massive_ep2,1,SVO3,0.050564736127853394,l0,you see destination,1,1
74,anchor_tree_massive_ep2,3,SVO3,-0.12518353760242462,l0,i tell you,0,1
75,anchor_tree_massive_ep2,1,SVO3,0.04722830839455128,l0,widodo welcomed visit,1,1
76,anchor_tree_massive_ep2,2,SVO3,-0.04030182957649231,l0,you assign style,0,1
77,anchor_tree_massive_ep2,1,SVO3,0.054326146841049194,l0,you ask me,1,1
78,anchor_tree_massive_ep2,4,SVO3,-0.08975762873888016,l0,palmtran includes keyboard,0,0
79,anchor_tree_massive_ep2,1,SVO3,0.03248137980699539,l0,ye take satisfaction,1,1
0,anchor_tree_massive_ep2,2,SVO3,-0.08462986350059509,cmul,we offer variety,0,1
1,anchor_tree_massive_ep2,1,SVO3,0.16299182176589966,cmul,you have pool,1,1
2,anchor_tree_massive_ep2,5,SVO3,-0.10871206223964691,cmul,federation thought condition,0,0
3,anchor_tree_massive_ep2,2,SVO3,-0.0653481725603342,cmul,sapphire called one,0,1
4,anchor_tree_massive_ep2,4,SVO3,-0.038076385855674744,cmul,administrations revoke certificates,0,0
5,anchor_tree_massive_ep2,5,SVO3,-0.09359457157552242,cmul,google done job,0,0
6,anchor_tree_massive_ep2,1,SVO3,0.009575575590133667,cmul,residents dos remédios,1,1
7,anchor_tree_massive_ep2,3,SVO3,-0.07768772728741169,cmul,he asked questions,0,1
8,anchor_tree_massive_ep2,1,SVOA4,0.060894668102264404,cmul,you capture that how,1,1
9,anchor_tree_massive_ep2,6,SVOA4,-0.07154475152492523,cmul,we transformed businesses repeatedly,0,0
10,anchor_tree_massive_ep2,5,SVO3,-0.16066965088248253,cmul,lutron dimming installation,0,0
11,anchor_tree_massive_ep2,1,SVO3,0.049856171011924744,cmul,they provide life,1,1
12,anchor_tree_massive_ep2,2,SVOA4,-0.008106499910354614,cmul,hotel provides rentals also,0,1
13,anchor_tree_massive_ep2,2,SVO3,-0.03196639777161181,cmul,he loves it,0,1
14,anchor_tree_massive_ep2,4,SVOA4,-0.0252438485622406,cmul,ye pollute land so,0,0
15,anchor_tree_massive_ep2,4,SVO3,-0.09291356429457664,cmul,she heard sound,0,0
16,anchor_tree_massive_ep2,3,SVO3,-0.09968475438654423,cmul,software used quicktime,0,1
17,anchor_tree_massive_ep2,5,SVO3,-0.0816563069820404,cmul,hotel combines business,0,0
18,anchor_tree_massive_ep2,3,SVO3,-0.00862005352973938,cmul,they spread garment,0,1
19,anchor_tree_massive_ep2,3,SVO3,-0.04017999395728111,cmul,museum offers introduction,0,1
20,anchor_tree_massive_ep2,2,SVO3,-0.01663312315940857,cmul,you find gruta,0,1
21,anchor_tree_massive_ep2,2,SVO3,-0.01590929925441742,cmul,they put gods,0,1
22,anchor_tree_massive_ep2,2,SVOA4,-0.0024201571941375732,cmul,parties enjoy pavilion also,0,1
23,anchor_tree_massive_ep2,1,SVOA4,0.014595970511436462,cmul,i catch him sometimes,1,1
24,anchor_tree_massive_ep2,16,SVOA4,-0.09606663603335619,cmul,industry implement standards actively,0,0
25,anchor_tree_massive_ep2,1,SVO3,0.0026942193508148193,cmul,you spit them,1,1
26,anchor_tree_massive_ep2,4,SVO3,-0.05594616197049618,cmul,enterprises install edition,0,0
27,anchor_tree_massive_ep2,1,SVOA4,0.02886795997619629,cmul,you read more here,1,1
28,anchor_tree_massive_ep2,17,SVOA4,-0.08316583931446075,cmul,eurotree reserves right explicitly,0,0
29,anchor_tree_massive_ep2,1,SVO3,0.009981967508792877,cmul,collins picked box,1,1
30,anchor_tree_massive_ep2,19,SVOA4,-0.21118370816111565,cmul,knowledge carry you here,0,0
31,anchor_tree_massive_ep2,1,SVO3,0.05049910023808479,cmul,project supports systems,1,1
32,anchor_tree_massive_ep2,6,SVO3,-0.07221696525812149,cmul,dancers fused features,0,0
33,anchor_tree_massive_ep2,1,SVO3,0.0257643461227417,cmul,you turn entry,1,1
34,anchor_tree_massive_ep2,2,SVO3,-0.03631255030632019,cmul,we offer price,0,1
35,anchor_tree_massive_ep2,4,SVOA4,-0.0696612000465393,cmul,attendees have text next,0,0
36,anchor_tree_massive_ep2,4,SVO3,-0.050857579335570335,cmul,gate reveals pathway,0,0
37,anchor_tree_massive_ep2,2,SVO3,-0.040448807179927826,cmul,vouchers permit people,0,1
38,anchor_tree_massive_ep2,2,SVO3,-0.024242006242275238,cmul,nordson provides equipment,0,1
39,anchor_tree_massive_ep2,1,SVO3,0.0009187441319227219,cmul,china improve coordination,1,1
40,anchor_tree_massive_ep2,5,SVO3,-0.08844866929575801,cmul,she slowed acceleration,0,0
41,anchor_tree_massive_ep2,4,SVO3,-0.05361374467611313,cmul,hotels found stars,0,0
42,anchor_tree_massive_ep2,1,SVOA4,0.006591528654098511,cmul,sathorn offers facilities also,1,1
43,anchor_tree_massive_ep2,5,SVO3,-0.20035192370414734,cmul,use terminates permission,0,0
44,anchor_tree_massive_ep2,5,SVOA4,-0.05409576743841171,cmul,cook made plaque ago,0,0
45,anchor_tree_massive_ep2,6,SVO3,-0.17217795550823212,cmul,map shows bay,0,0
46,anchor_tree_massive_ep2,6,SVO3,-0.13691825792193413,cmul,group pursues research,0,0
47,anchor_tree_massive_ep2,1,SVOA4,0.033918529748916626,cmul,you send inquiries also,1,1
48,anchor_tree_massive_ep2,1,SVO3,0.05925833433866501,cmul,ferries offers fares,1,1
49,anchor_tree_massive_ep2,6,SVO3,-0.14346767961978912,cmul,coromant developed solutions,0,0
50,anchor_tree_massive_ep2,5,SVO3,-0.11042646737769246,cmul,offers has addition,0,0
51,anchor_tree_massive_ep2,3,SVOA4,-0.010047905147075653,cmul,it gives output then,0,1
52,anchor_tree_massive_ep2,2,SVO3,-0.033988624811172485,cmul,we offer seaways,0,1
53,anchor_tree_massive_ep2,15,SVOA4,-0.12542172893881798,cmul,category describes invention best,0,0
54,anchor_tree_massive_ep2,2,SVO3,-0.05316781997680664,cmul,we offer hotels,0,1
55,anchor_tree_massive_ep2,2,SVOA4,-0.0008879974484443665,cmul,network allows access only,0,1
56,anchor_tree_massive_ep2,16,SVOA4,-0.08563488721847534,cmul,company abrogate account instantly,0,0
57,anchor_tree_massive_ep2,2,SVO3,-0.010800271295011044,cmul,working watch video,0,1
58,anchor_tree_massive_ep2,2,SVO3,-0.061741530895233154,cmul,you hit button,0,1
59,anchor_tree_massive_ep2,1,SVOA4,0.07575851678848267,cmul,you have models so,1,1
60,anchor_tree_massive_ep2,1,SVO3,0.11278784275054932,cmul,you read more,1,1
61,anchor_tree_massive_ep2,3,SVO3,-0.015985317528247833,cmul,room features tv,0,1
62,anchor_tree_massive_ep2,4,SVOA4,-0.03610718250274658,cmul,revolution driving demand also,0,0
63,anchor_tree_massive_ep2,2,SVOA4,-0.002855241298675537,cmul,you ask me long,0,1
64,anchor_tree_massive_ep2,4,SVO3,-0.056137606501579285,cmul,rotor contains parts,0,0
65,anchor_tree_massive_ep2,2,SVO3,-0.015028990805149078,cmul,apartment has bathroom,0,1
66,anchor_tree_massive_ep2,2,SVOA4,-0.06840673834085464,cmul,review type webiste above,0,1
67,anchor_tree_massive_ep2,1,SVO3,0.004964515566825867,cmul,i hate word,1,1
68,anchor_tree_massive_ep2,6,SVO3,-0.1861475221812725,cmul,isms covers matters,0,0
69,anchor_tree_massive_ep2,2,SVO3,-0.0006811320781707764,cmul,you find streets,0,1
70,anchor_tree_massive_ep2,6,SVOA4,-0.04613637924194336,cmul,i suffered deaths already,0,0
71,anchor_tree_massive_ep2,4,SVOA4,-0.044683754444122314,cmul,browser resize cells also,0,0
72,anchor_tree_massive_ep2,1,SVO3,0.0781373679637909,cmul,you saw it,1,1
73,anchor_tree_massive_ep2,1,SVO3,0.07710939645767212,cmul,you see destination,1,1
74,anchor_tree_massive_ep2,3,SVO3,-0.11115624010562897,cmul,i tell you,0,1
75,anchor_tree_massive_ep2,2,SVO3,-0.017128164879977703,cmul,widodo welcomed visit,0,1
76,anchor_tree_massive_ep2,2,SVO3,-0.00395694375038147,cmul,you assign style,0,1
77,anchor_tree_massive_ep2,1,SVO3,0.084063321352005,cmul,you ask me,1,1
78,anchor_tree_massive_ep2,4,SVO3,-0.04951689392328262,cmul,palmtran includes keyboard,0,0
79,anchor_tree_massive_ep2,2,SVO3,-0.028485789895057678,cmul,ye take satisfaction,0,1
0,anchor_tree_massive_ep2,2,SVO3,-0.0001780986785888672,tree,we offer variety,0,1
1,anchor_tree_massive_ep2,1,SVO3,0.00041353702545166016,tree,you have pool,1,1
2,anchor_tree_massive_ep2,6,SVO3,-0.0002136826515197754,tree,federation thought condition,0,0
3,anchor_tree_massive_ep2,2,SVO3,-0.000261843204498291,tree,sapphire called one,0,1
4,anchor_tree_massive_ep2,4,SVO3,-9.906291961669922e-05,tree,administrations revoke certificates,0,0
5,anchor_tree_massive_ep2,5,SVO3,-0.0003764629364013672,tree,google done job,0,0
6,anchor_tree_massive_ep2,2,SVO3,-3.6835670471191406e-05,tree,residents dos remédios,0,1
7,anchor_tree_massive_ep2,6,SVO3,-0.00026416778564453125,tree,he asked questions,0,0
8,anchor_tree_massive_ep2,2,SVOA4,-5.346536636352539e-05,tree,you capture that how,0,1
9,anchor_tree_massive_ep2,10,SVOA4,-0.0004692673683166504,tree,we transformed businesses repeatedly,0,0
10,anchor_tree_massive_ep2,5,SVO3,-0.000255584716796875,tree,lutron dimming installation,0,0
11,anchor_tree_massive_ep2,1,SVO3,8.165836334228516e-05,tree,they provide life,1,1
12,anchor_tree_massive_ep2,4,SVOA4,-0.0001582503318786621,tree,hotel provides rentals also,0,0
13,anchor_tree_massive_ep2,3,SVO3,-4.26173210144043e-05,tree,he loves it,0,1
14,anchor_tree_massive_ep2,1,SVOA4,4.482269287109375e-05,tree,ye pollute land so,1,1
15,anchor_tree_massive_ep2,4,SVO3,-0.0002911090850830078,tree,she heard sound,0,0
16,anchor_tree_massive_ep2,5,SVO3,-0.0002281665802001953,tree,software used quicktime,0,0
17,anchor_tree_massive_ep2,5,SVO3,-0.00026547908782958984,tree,hotel combines business,0,0
18,anchor_tree_massive_ep2,1,SVO3,6.705522537231445e-05,tree,they spread garment,1,1
19,anchor_tree_massive_ep2,3,SVO3,-0.00012803077697753906,tree,museum offers introduction,0,1
20,anchor_tree_massive_ep2,1,SVO3,0.00010603666305541992,tree,you find gruta,1,1
21,anchor_tree_massive_ep2,3,SVO3,-0.00016826391220092773,tree,they put gods,0,1
22,anchor_tree_massive_ep2,4,SVOA4,-0.00014322996139526367,tree,parties enjoy pavilion also,0,0
23,anchor_tree_massive_ep2,2,SVOA4,-6.22868537902832e-05,tree,i catch him sometimes,0,1
24,anchor_tree_massive_ep2,19,SVOA4,-0.0002582073211669922,tree,industry implement standards actively,0,0
25,anchor_tree_massive_ep2,2,SVO3,-6.812810897827148e-05,tree,you spit them,0,1
26,anchor_tree_massive_ep2,4,SVO3,-0.00011157989501953125,tree,enterprises install edition,0,0
27,anchor_tree_massive_ep2,1,SVOA4,0.00020581483840942383,tree,you read more here,1,1
28,anchor_tree_massive_ep2,12,SVOA4,-0.0002593994140625,tree,eurotree reserves right explicitly,0,0
29,anchor_tree_massive_ep2,1,SVO3,1.2874603271484375e-05,tree,collins picked box,1,1
30,anchor_tree_massive_ep2,15,SVOA4,-0.0006271600723266602,tree,knowledge carry you here,0,0
31,anchor_tree_massive_ep2,1,SVO3,5.823373794555664e-05,tree,project supports systems,1,1
32,anchor_tree_massive_ep2,4,SVO3,-0.00024431943893432617,tree,dancers fused features,0,0
33,anchor_tree_massive_ep2,1,SVO3,1.0728836059570312e-06,tree,you turn entry,1,1
34,anchor_tree_massive_ep2,2,SVO3,-0.00010585784912109375,tree,we offer price,0,1
35,anchor_tree_massive_ep2,2,SVOA4,-1.7642974853515625e-05,tree,attendees have text next,0,1
36,anchor_tree_massive_ep2,2,SVO3,-8.499622344970703e-05,tree,gate reveals pathway,0,1
37,anchor_tree_massive_ep2,3,SVO3,-0.00011080503463745117,tree,vouchers permit people,0,1
38,anchor_tree_massive_ep2,1,SVO3,0.00013214349746704102,tree,nordson provides equipment,1,1
39,anchor_tree_massive_ep2,3,SVO3,-0.00010311603546142578,tree,china improve coordination,0,1
40,anchor_tree_massive_ep2,5,SVO3,-0.0001652240753173828,tree,she slowed acceleration,0,0
41,anchor_tree_massive_ep2,2,SVO3,-0.00013107061386108398,tree,hotels found stars,0,1
42,anchor_tree_massive_ep2,1,SVOA4,0.00010764598846435547,tree,sathorn offers facilities also,1,1
43,anchor_tree_massive_ep2,5,SVO3,-0.00043070316314697266,tree,use terminates permission,0,0
44,anchor_tree_massive_ep2,6,SVOA4,-0.00010335445404052734,tree,cook made plaque ago,0,0
45,anchor_tree_massive_ep2,6,SVO3,-0.0005090236663818359,tree,map shows bay,0,0
46,anchor_tree_massive_ep2,5,SVO3,-0.00019693374633789062,tree,group pursues research,0,0
47,anchor_tree_massive_ep2,1,SVOA4,0.00021320581436157227,tree,you send inquiries also,1,1
48,anchor_tree_massive_ep2,1,SVO3,0.00015604496002197266,tree,ferries offers fares,1,1
49,anchor_tree_massive_ep2,6,SVO3,-0.0002811551094055176,tree,coromant developed solutions,0,0
50,anchor_tree_massive_ep2,5,SVO3,-0.0003254413604736328,tree,offers has addition,0,0
51,anchor_tree_massive_ep2,4,SVOA4,-0.0001398921012878418,tree,it gives output then,0,0
52,anchor_tree_massive_ep2,2,SVO3,-9.554624557495117e-05,tree,we offer seaways,0,1
53,anchor_tree_massive_ep2,19,SVOA4,-0.0007827877998352051,tree,category describes invention best,0,0
54,anchor_tree_massive_ep2,2,SVO3,-0.00018644332885742188,tree,we offer hotels,0,1
55,anchor_tree_massive_ep2,1,SVOA4,4.369020462036133e-05,tree,network allows access only,1,1
56,anchor_tree_massive_ep2,15,SVOA4,-0.0004468560218811035,tree,company abrogate account instantly,0,0
57,anchor_tree_massive_ep2,3,SVO3,-0.0001442432403564453,tree,working watch video,0,1
58,anchor_tree_massive_ep2,2,SVO3,-6.92605972290039e-05,tree,you hit button,0,1
59,anchor_tree_massive_ep2,1,SVOA4,0.00027447938919067383,tree,you have models so,1,1
60,anchor_tree_massive_ep2,1,SVO3,0.00016766786575317383,tree,you read more,1,1
61,anchor_tree_massive_ep2,3,SVO3,-2.8967857360839844e-05,tree,room features tv,0,1
62,anchor_tree_massive_ep2,5,SVOA4,-0.00025850534439086914,tree,revolution driving demand also,0,0
63,anchor_tree_massive_ep2,4,SVOA4,-0.00016611814498901367,tree,you ask me long,0,0
64,anchor_tree_massive_ep2,2,SVO3,-4.1365623474121094e-05,tree,rotor contains parts,0,1
65,anchor_tree_massive_ep2,1,SVO3,8.314847946166992e-05,tree,apartment has bathroom,1,1
66,anchor_tree_massive_ep2,4,SVOA4,-6.181001663208008e-05,tree,review type webiste above,0,0
67,anchor_tree_massive_ep2,2,SVO3,-3.2782554626464844e-05,tree,i hate word,0,1
68,anchor_tree_massive_ep2,6,SVO3,-0.0004487037658691406,tree,isms covers matters,0,0
69,anchor_tree_massive_ep2,1,SVO3,0.00011265277862548828,tree,you find streets,1,1
70,anchor_tree_massive_ep2,6,SVOA4,-5.40614128112793e-05,tree,i suffered deaths already,0,0
71,anchor_tree_massive_ep2,6,SVOA4,-0.000240325927734375,tree,browser resize cells also,0,0
72,anchor_tree_massive_ep2,1,SVO3,2.8431415557861328e-05,tree,you saw it,1,1
73,anchor_tree_massive_ep2,1,SVO3,0.0002620220184326172,tree,you see destination,1,1
74,anchor_tree_massive_ep2,3,SVO3,-0.00014466047286987305,tree,i tell you,0,1
75,anchor_tree_massive_ep2,1,SVO3,1.5079975128173828e-05,tree,widodo welcomed visit,1,1
76,anchor_tree_massive_ep2,2,SVO3,-5.304813385009766e-06,tree,you assign style,0,1
77,anchor_tree_massive_ep2,1,SVO3,0.00013816356658935547,tree,you ask me,1,1
78,anchor_tree_massive_ep2,6,SVO3,-0.0003935098648071289,tree,palmtran includes keyboard,0,0
79,anchor_tree_massive_ep2,1,SVO3,8.404254913330078e-06,tree,ye take satisfaction,1,1
0,anchor_tree_massive_ep2,2,SVO3,-0.008089184761047363,l0_path,we offer variety,0,1
1,anchor_tree_massive_ep2,1,SVO3,0.014350473880767822,l0_path,you have pool,1,1
2,anchor_tree_massive_ep2,6,SVO3,-0.03203672170639038,l0_path,federation thought condition,0,0
3,anchor_tree_massive_ep2,2,SVO3,-0.001277148723602295,l0_path,sapphire called one,0,1
4,anchor_tree_massive_ep2,4,SVO3,-0.013831287622451782,l0_path,administrations revoke certificates,0,0
5,anchor_tree_massive_ep2,2,SVO3,-0.009136617183685303,l0_path,google done job,0,1
6,anchor_tree_massive_ep2,6,SVO3,-0.06583955883979797,l0_path,residents dos remédios,0,0
7,anchor_tree_massive_ep2,2,SVO3,-0.006677150726318359,l0_path,he asked questions,0,1
8,anchor_tree_massive_ep2,1,SVOA4,0.01400899887084961,l0_path,you capture that how,1,1
9,anchor_tree_massive_ep2,2,SVOA4,-0.0021934807300567627,l0_path,we transformed businesses repeatedly,0,1
10,anchor_tree_massive_ep2,4,SVO3,-0.010420560836791992,l0_path,lutron dimming installation,0,0
11,anchor_tree_massive_ep2,1,SVO3,0.00321352481842041,l0_path,they provide life,1,1
12,anchor_tree_massive_ep2,2,SVOA4,-0.007066488265991211,l0_path,hotel provides rentals also,0,1
13,anchor_tree_massive_ep2,2,SVO3,-0.0006753206253051758,l0_path,he loves it,0,1
14,anchor_tree_massive_ep2,5,SVOA4,-0.010007143020629883,l0_path,ye pollute land so,0,0
15,anchor_tree_massive_ep2,1,SVO3,0.0003400444984436035,l0_path,she heard sound,1,1
16,anchor_tree_massive_ep2,3,SVO3,-0.0088270902633667,l0_path,software used quicktime,0,1
17,anchor_tree_massive_ep2,1,SVO3,0.007075071334838867,l0_path,hotel combines business,1,1
18,anchor_tree_massive_ep2,2,SVO3,-0.0005438327789306641,l0_path,they spread garment,0,1
19,anchor_tree_massive_ep2,6,SVO3,-0.056054145097732544,l0_path,museum offers introduction,0,0
20,anchor_tree_massive_ep2,1,SVO3,0.00014454126358032227,l0_path,you find gruta,1,1
21,anchor_tree_massive_ep2,1,SVO3,0.0027111172676086426,l0_path,they put gods,1,1
22,anchor_tree_massive_ep2,6,SVOA4,-0.018381595611572266,l0_path,parties enjoy pavilion also,0,0
23,anchor_tree_massive_ep2,2,SVOA4,-0.00828409194946289,l0_path,i catch him sometimes,0,1
24,anchor_tree_massive_ep2,9,SVOA4,-0.020720630884170532,l0_path,industry implement standards actively,0,0
25,anchor_tree_massive_ep2,1,SVO3,0.0046326518058776855,l0_path,you spit them,1,1
26,anchor_tree_massive_ep2,3,SVO3,-0.01311957836151123,l0_path,enterprises install edition,0,1
27,anchor_tree_massive_ep2,1,SVOA4,0.008964002132415771,l0_path,you read more here,1,1
28,anchor_tree_massive_ep2,21,SVOA4,-0.04520010948181152,l0_path,eurotree reserves right explicitly,0,0
29,anchor_tree_massive_ep2,3,SVO3,-0.020090103149414062,l0_path,collins picked box,0,1
30,anchor_tree_massive_ep2,12,SVOA4,-0.05790680646896362,l0_path,knowledge carry you here,0,0
31,anchor_tree_massive_ep2,1,SVO3,0.013229906558990479,l0_path,project supports systems,1,1
32,anchor_tree_massive_ep2,5,SVO3,-0.0058446526527404785,l0_path,dancers fused features,0,0
33,anchor_tree_massive_ep2,2,SVO3,-0.00029665231704711914,l0_path,you turn entry,0,1
34,anchor_tree_massive_ep2,1,SVO3,0.0007749199867248535,l0_path,we offer price,1,1
35,anchor_tree_massive_ep2,18,SVOA4,-0.03488492965698242,l0_path,attendees have text next,0,0
36,anchor_tree_massive_ep2,2,SVO3,-0.0022192299365997314,l0_path,gate reveals pathway,0,1
37,anchor_tree_massive_ep2,2,SVO3,-0.0010260939598083496,l0_path,vouchers permit people,0,1
38,anchor_tree_massive_ep2,1,SVO3,0.007494568824768066,l0_path,nordson provides equipment,1,1
39,anchor_tree_massive_ep2,6,SVO3,-0.032522767782211304,l0_path,china improve coordination,0,0
40,anchor_tree_massive_ep2,2,SVO3,-0.005571126937866211,l0_path,she slowed acceleration,0,1
41,anchor_tree_massive_ep2,4,SVO3,-0.014464199542999268,l0_path,hotels found stars,0,0
42,anchor_tree_massive_ep2,2,SVOA4,-0.0011477470397949219,l0_path,sathorn offers facilities also,0,1
43,anchor_tree_massive_ep2,2,SVO3,-0.007763266563415527,l0_path,use terminates permission,0,1
44,anchor_tree_massive_ep2,20,SVOA4,-0.05693328380584717,l0_path,cook made plaque ago,0,0
45,anchor_tree_massive_ep2,2,SVO3,-0.01575648784637451,l0_path,map shows bay,0,1
46,anchor_tree_massive_ep2,2,SVO3,-0.0033951997756958008,l0_path,group pursues research,0,1
47,anchor_tree_massive_ep2,1,SVOA4,0.009821176528930664,l0_path,you send inquiries also,1,1
48,anchor_tree_massive_ep2,3,SVO3,-0.009811937808990479,l0_path,ferries offers fares,0,1
49,anchor_tree_massive_ep2,1,SVO3,0.0030885934829711914,l0_path,coromant developed solutions,1,1
50,anchor_tree_massive_ep2,3,SVO3,-0.011408746242523193,l0_path,offers has addition,0,1
51,anchor_tree_massive_ep2,2,SVOA4,-0.000554502010345459,l0_path,it gives output then,0,1
52,anchor_tree_massive_ep2,1,SVO3,0.004630684852600098,l0_path,we offer seaways,1,1
53,anchor_tree_massive_ep2,4,SVOA4,-0.014309912919998169,l0_path,category describes invention best,0,0
54,anchor_tree_massive_ep2,1,SVO3,0.002854585647583008,l0_path,we offer hotels,1,1
55,anchor_tree_massive_ep2,1,SVOA4,0.005743920803070068,l0_path,network allows access only,1,1
56,anchor_tree_massive_ep2,14,SVOA4,-0.025541305541992188,l0_path,company abrogate account instantly,0,0
57,anchor_tree_massive_ep2,2,SVO3,-0.000735163688659668,l0_path,working watch video,0,1
58,anchor_tree_massive_ep2,1,SVO3,0.01241213083267212,l0_path,you hit button,1,1
59,anchor_tree_massive_ep2,1,SVOA4,0.008407831192016602,l0_path,you have models so,1,1
60,anchor_tree_massive_ep2,1,SVO3,0.009532332420349121,l0_path,you read more,1,1
61,anchor_tree_massive_ep2,2,SVO3,-0.003675103187561035,l0_path,room features tv,0,1
62,anchor_tree_massive_ep2,1,SVOA4,0.010904639959335327,l0_path,revolution driving demand also,1,1
63,anchor_tree_massive_ep2,3,SVOA4,-0.0043863654136657715,l0_path,you ask me long,0,1
64,anchor_tree_massive_ep2,5,SVO3,-0.03194507956504822,l0_path,rotor contains parts,0,0
65,anchor_tree_massive_ep2,2,SVO3,-0.003500699996948242,l0_path,apartment has bathroom,0,1
66,anchor_tree_massive_ep2,9,SVOA4,-0.01947420835494995,l0_path,review type webiste above,0,0
67,anchor_tree_massive_ep2,1,SVO3,0.01433497667312622,l0_path,i hate word,1,1
68,anchor_tree_massive_ep2,2,SVO3,-0.0007039010524749756,l0_path,isms covers matters,0,1
69,anchor_tree_massive_ep2,2,SVO3,-0.011154353618621826,l0_path,you find streets,0,1
70,anchor_tree_massive_ep2,2,SVOA4,-0.0009056925773620605,l0_path,i suffered deaths already,0,1
71,anchor_tree_massive_ep2,7,SVOA4,-0.043669283390045166,l0_path,browser resize cells also,0,0
72,anchor_tree_massive_ep2,1,SVO3,0.017547607421875,l0_path,you saw it,1,1
73,anchor_tree_massive_ep2,2,SVO3,-0.0008262395858764648,l0_path,you see destination,0,1
74,anchor_tree_massive_ep2,3,SVO3,-0.015250325202941895,l0_path,i tell you,0,1
75,anchor_tree_massive_ep2,3,SVO3,-0.028496384620666504,l0_path,widodo welcomed visit,0,1
76,anchor_tree_massive_ep2,1,SVO3,0.0007184147834777832,l0_path,you assign style,1,1
77,anchor_tree_massive_ep2,1,SVO3,0.006743192672729492,l0_path,you ask me,1,1
78,anchor_tree_massive_ep2,4,SVO3,-0.042568981647491455,l0_path,palmtran includes keyboard,0,0
79,anchor_tree_massive_ep2,3,SVO3,-0.019352227449417114,l0_path,ye take satisfaction,0,1
0,anchor_tree_massive_ep3,2,SVO3,-0.0053499191999435425,l0,we offer variety,0,1
1,anchor_tree_massive_ep3,1,SVO3,0.15948089957237244,l0,you have pool,1,1
2,anchor_tree_massive_ep3,2,SVO3,-0.033587031066417694,l0,federation thought condition,0,1
3,anchor_tree_massive_ep3,3,SVO3,-0.05415218323469162,l0,sapphire called one,0,1
4,anchor_tree_massive_ep3,4,SVO3,-0.09086715616285801,l0,administrations revoke certificates,0,0
5,anchor_tree_massive_ep3,3,SVO3,-0.07361866347491741,l0,google done job,0,1
6,anchor_tree_massive_ep3,5,SVO3,-0.07930831774137914,l0,residents dos remédios,0,0
7,anchor_tree_massive_ep3,4,SVO3,-0.06558391731232405,l0,he asked questions,0,0
8,anchor_tree_massive_ep3,1,SVOA4,0.07347720861434937,l0,you capture that how,1,1
9,anchor_tree_massive_ep3,1,SVOA4,0.03578881919384003,l0,we transformed businesses repeatedly,1,1
10,anchor_tree_massive_ep3,6,SVO3,-0.12281353585422039,l0,lutron dimming installation,0,0
11,anchor_tree_massive_ep3,1,SVO3,0.025906957685947418,l0,they provide life,1,1
12,anchor_tree_massive_ep3,2,SVOA4,-0.004878908395767212,l0,hotel provides rentals also,0,1
13,anchor_tree_massive_ep3,3,SVO3,-0.013121776282787323,l0,he loves it,0,1
14,anchor_tree_massive_ep3,4,SVOA4,-0.05754491873085499,l0,ye pollute land so,0,0
15,anchor_tree_massive_ep3,2,SVO3,-0.013209613505750895,l0,she heard sound,0,1
16,anchor_tree_massive_ep3,4,SVO3,-0.03405359387397766,l0,software used quicktime,0,0
17,anchor_tree_massive_ep3,1,SVO3,0.03274808079004288,l0,hotel combines business,1,1
18,anchor_tree_massive_ep3,3,SVO3,-0.017170969862490892,l0,they spread garment,0,1
19,anchor_tree_massive_ep3,3,SVO3,-0.08033991791307926,l0,museum offers introduction,0,1
20,anchor_tree_massive_ep3,1,SVO3,0.04503759741783142,l0,you find gruta,1,1
21,anchor_tree_massive_ep3,2,SVO3,-0.03874554205685854,l0,they put gods,0,1
22,anchor_tree_massive_ep3,3,SVOA4,-0.034309953451156616,l0,parties enjoy pavilion also,0,1
23,anchor_tree_massive_ep3,4,SVOA4,-0.039809659123420715,l0,i catch him sometimes,0,0
24,anchor_tree_massive_ep3,20,SVOA4,-0.08965674228966236,l0,industry implement standards actively,0,0
25,anchor_tree_massive_ep3,1,SVO3,0.037325531244277954,l0,you spit them,1,1
26,anchor_tree_massive_ep3,1,SVO3,0.03492037393152714,l0,enterprises install edition,1,1
27,anchor_tree_massive_ep3,1,SVOA4,0.05129706859588623,l0,you read more here,1,1
28,anchor_tree_massive_ep3,16,SVOA4,-0.10206729546189308,l0,eurotree reserves right explicitly,0,0
29,anchor_tree_massive_ep3,4,SVO3,-0.061835188418626785,l0,collins picked box,0,0
30,anchor_tree_massive_ep3,14,SVOA4,-0.21611382812261581,l0,knowledge carry you here,0,0
31,anchor_tree_massive_ep3,3,SVO3,-0.04383042629342526,l0,project supports systems,0,1
32,anchor_tree_massive_ep3,5,SVO3,-0.04706227779388428,l0,dancers fused features,0,0
33,anchor_tree_massive_ep3,1,SVO3,0.0596500039100647,l0,you turn entry,1,1
34,anchor_tree_massive_ep3,1,SVO3,0.006245270371437073,l0,we offer price,1,1
35,anchor_tree_massive_ep3,4,SVOA4,-0.01737462729215622,l0,attendees have text next,0,0
36,anchor_tree_massive_ep3,6,SVO3,-0.08390168100595474,l0,gate reveals pathway,0,0
37,anchor_tree_massive_ep3,2,SVO3,-0.008263379335403442,l0,vouchers permit people,0,1
38,anchor_tree_massive_ep3,1,SVO3,0.013890400528907776,l0,nordson provides equipment,1,1
39,anchor_tree_massive_ep3,3,SVO3,-0.03196881618350744,l0,china improve coordination,0,1
40,anchor_tree_massive_ep3,6,SVO3,-0.05475723557174206,l0,she slowed acceleration,0,0
41,anchor_tree_massive_ep3,4,SVO3,-0.07268394529819489,l0,hotels found stars,0,0
42,anchor_tree_massive_ep3,2,SVOA4,-0.006582021713256836,l0,sathorn offers facilities also,0,1
43,anchor_tree_massive_ep3,5,SVO3,-0.053409094689413905,l0,use terminates permission,0,0
44,anchor_tree_massive_ep3,7,SVOA4,-0.04254960874095559,l0,cook made plaque ago,0,0
45,anchor_tree_massive_ep3,4,SVO3,-0.21035465598106384,l0,map shows bay,0,0
46,anchor_tree_massive_ep3,6,SVO3,-0.060896145179867744,l0,group pursues research,0,0
47,anchor_tree_massive_ep3,1,SVOA4,0.03382125496864319,l0,you send inquiries also,1,1
48,anchor_tree_massive_ep3,1,SVO3,0.055591308570001274,l0,ferries offers fares,1,1
49,anchor_tree_massive_ep3,4,SVO3,-0.0562692460953258,l0,coromant developed solutions,0,0
50,anchor_tree_massive_ep3,5,SVO3,-0.09865067526698112,l0,offers has addition,0,0
51,anchor_tree_massive_ep3,3,SVOA4,-0.040449365973472595,l0,it gives output then,0,1
52,anchor_tree_massive_ep3,1,SVO3,0.03731626272201538,l0,we offer seaways,1,1
53,anchor_tree_massive_ep3,10,SVOA4,-0.038840774446725845,l0,category describes invention best,0,0
54,anchor_tree_massive_ep3,1,SVO3,0.023014143109321594,l0,we offer hotels,1,1
55,anchor_tree_massive_ep3,1,SVOA4,0.03285318240523338,l0,network allows access only,1,1
56,anchor_tree_massive_ep3,4,SVOA4,-0.03315611556172371,l0,company abrogate account instantly,0,0
57,anchor_tree_massive_ep3,2,SVO3,-0.0059294202364981174,l0,working watch video,0,1
58,anchor_tree_massive_ep3,1,SVO3,0.029107987880706787,l0,you hit button,1,1
59,anchor_tree_massive_ep3,1,SVOA4,0.11173522472381592,l0,you have models so,1,1
60,anchor_tree_massive_ep3,1,SVO3,0.07680153846740723,l0,you read more,1,1
61,anchor_tree_massive_ep3,2,SVO3,-0.029573436826467514,l0,room features tv,0,1
62,anchor_tree_massive_ep3,1,SVOA4,0.03297305107116699,l0,revolution driving demand also,1,1
63,anchor_tree_massive_ep3,3,SVOA4,-0.02510109543800354,l0,you ask me long,0,1
64,anchor_tree_massive_ep3,5,SVO3,-0.10991586744785309,l0,rotor contains parts,0,0
65,anchor_tree_massive_ep3,2,SVO3,-0.018202751874923706,l0,apartment has bathroom,0,1
66,anchor_tree_massive_ep3,12,SVOA4,-0.07788375089876354,l0,review type webiste above,0,0
67,anchor_tree_massive_ep3,1,SVO3,0.03546372056007385,l0,i hate word,1,1
68,anchor_tree_massive_ep3,6,SVO3,-0.16010679677128792,l0,isms covers matters,0,0
69,anchor_tree_massive_ep3,1,SVO3,0.033990949392318726,l0,you find streets,1,1
70,anchor_tree_massive_ep3,12,SVOA4,-0.09192894399166107,l0,i suffered deaths already,0,0
71,anchor_tree_massive_ep3,4,SVOA4,-0.03643861413002014,l0,browser resize cells also,0,0
72,anchor_tree_massive_ep3,1,SVO3,0.09748831391334534,l0,you saw it,1,1
73,anchor_tree_massive_ep3,1,SVO3,0.05056539177894592,l0,you see destination,1,1
74,anchor_tree_massive_ep3,3,SVO3,-0.12520067393779755,l0,i tell you,0,1
75,anchor_tree_massive_ep3,1,SVO3,0.04722302593290806,l0,widodo welcomed visit,1,1
76,anchor_tree_massive_ep3,2,SVO3,-0.040286481380462646,l0,you assign style,0,1
77,anchor_tree_massive_ep3,1,SVO3,0.05432900786399841,l0,you ask me,1,1
78,anchor_tree_massive_ep3,4,SVO3,-0.08970127254724503,l0,palmtran includes keyboard,0,0
79,anchor_tree_massive_ep3,1,SVO3,0.03243812173604965,l0,ye take satisfaction,1,1
0,anchor_tree_massive_ep3,2,SVO3,-0.08467002213001251,cmul,we offer variety,0,1
1,anchor_tree_massive_ep3,1,SVO3,0.16306769847869873,cmul,you have pool,1,1
2,anchor_tree_massive_ep3,5,SVO3,-0.10872717201709747,cmul,federation thought condition,0,0
3,anchor_tree_massive_ep3,2,SVO3,-0.06535198353230953,cmul,sapphire called one,0,1
4,anchor_tree_massive_ep3,4,SVO3,-0.03805382922291756,cmul,administrations revoke certificates,0,0
5,anchor_tree_massive_ep3,5,SVO3,-0.09364861249923706,cmul,google done job,0,0
6,anchor_tree_massive_ep3,1,SVO3,0.009476378560066223,cmul,residents dos remédios,1,1
7,anchor_tree_massive_ep3,3,SVO3,-0.07774503715336323,cmul,he asked questions,0,1
8,anchor_tree_massive_ep3,1,SVOA4,0.06082466244697571,cmul,you capture that how,1,1
9,anchor_tree_massive_ep3,6,SVOA4,-0.07153518497943878,cmul,we transformed businesses repeatedly,0,0
10,anchor_tree_massive_ep3,5,SVO3,-0.16093436744995415,cmul,lutron dimming installation,0,0
11,anchor_tree_massive_ep3,1,SVO3,0.04974278062582016,cmul,they provide life,1,1
12,anchor_tree_massive_ep3,2,SVOA4,-0.007998853921890259,cmul,hotel provides rentals also,0,1
13,anchor_tree_massive_ep3,2,SVO3,-0.032090420136228204,cmul,he loves it,0,1
14,anchor_tree_massive_ep3,4,SVOA4,-0.025292150676250458,cmul,ye pollute land so,0,0
15,anchor_tree_massive_ep3,4,SVO3,-0.09299369901418686,cmul,she heard sound,0,0
16,anchor_tree_massive_ep3,3,SVO3,-0.09964668937027454,cmul,software used quicktime,0,1
17,anchor_tree_massive_ep3,5,SVO3,-0.08171192556619644,cmul,hotel combines business,0,0
18,anchor_tree_massive_ep3,3,SVO3,-0.008436549338512123,cmul,they spread garment,0,1
19,anchor_tree_massive_ep3,3,SVO3,-0.04021545127034187,cmul,museum offers introduction,0,1
20,anchor_tree_massive_ep3,2,SVO3,-0.016685843467712402,cmul,you find gruta,0,1
21,anchor_tree_massive_ep3,2,SVO3,-0.01589839532971382,cmul,they put gods,0,1
22,anchor_tree_massive_ep3,2,SVOA4,-0.0024476945400238037,cmul,parties enjoy pavilion also,0,1
23,anchor_tree_massive_ep3,1,SVOA4,0.014606267213821411,cmul,i catch him sometimes,1,1
24,anchor_tree_massive_ep3,16,SVOA4,-0.09599544946104288,cmul,industry implement standards actively,0,0
25,anchor_tree_massive_ep3,1,SVO3,0.002781778573989868,cmul,you spit them,1,1
26,anchor_tree_massive_ep3,4,SVO3,-0.05594820901751518,cmul,enterprises install edition,0,0
27,anchor_tree_massive_ep3,1,SVOA4,0.028932273387908936,cmul,you read more here,1,1
28,anchor_tree_massive_ep3,17,SVOA4,-0.08316759392619133,cmul,eurotree reserves right explicitly,0,0
29,anchor_tree_massive_ep3,1,SVO3,0.009882671758532524,cmul,collins picked box,1,1
30,anchor_tree_massive_ep3,19,SVOA4,-0.21113526821136475,cmul,knowledge carry you here,0,0
31,anchor_tree_massive_ep3,1,SVO3,0.05046403966844082,cmul,project supports systems,1,1
32,anchor_tree_massive_ep3,6,SVO3,-0.07221067696809769,cmul,dancers fused features,0,0
33,anchor_tree_massive_ep3,1,SVO3,0.0258217453956604,cmul,you turn entry,1,1
34,anchor_tree_massive_ep3,2,SVO3,-0.03637820482254028,cmul,we offer price,0,1
35,anchor_tree_massive_ep3,4,SVOA4,-0.06944207102060318,cmul,attendees have text next,0,0
36,anchor_tree_massive_ep3,4,SVO3,-0.05079571157693863,cmul,gate reveals pathway,0,0
37,anchor_tree_massive_ep3,2,SVO3,-0.040398046374320984,cmul,vouchers permit people,0,1
38,anchor_tree_massive_ep3,2,SVO3,-0.02424028515815735,cmul,nordson provides equipment,0,1
39,anchor_tree_massive_ep3,1,SVO3,0.000986175611615181,cmul,china improve coordination,1,1
40,anchor_tree_massive_ep3,5,SVO3,-0.08847005246207118,cmul,she slowed acceleration,0,0
41,anchor_tree_massive_ep3,4,SVO3,-0.053587645292282104,cmul,hotels found stars,0,0
42,anchor_tree_massive_ep3,1,SVOA4,0.006466805934906006,cmul,sathorn offers facilities also,1,1
43,anchor_tree_massive_ep3,5,SVO3,-0.20030994899570942,cmul,use terminates permission,0,0
44,anchor_tree_massive_ep3,5,SVOA4,-0.054091569036245346,cmul,cook made plaque ago,0,0
45,anchor_tree_massive_ep3,6,SVO3,-0.17220041900873184,cmul,map shows bay,0,0
46,anchor_tree_massive_ep3,6,SVO3,-0.13703890144824982,cmul,group pursues research,0,0
47,anchor_tree_massive_ep3,1,SVOA4,0.03389102220535278,cmul,you send inquiries also,1,1
48,anchor_tree_massive_ep3,1,SVO3,0.05923573672771454,cmul,ferries offers fares,1,1
49,anchor_tree_massive_ep3,6,SVO3,-0.14334377646446228,cmul,coromant developed solutions,0,0
50,anchor_tree_massive_ep3,5,SVO3,-0.11028541810810566,cmul,offers has addition,0,0
51,anchor_tree_massive_ep3,3,SVOA4,-0.010036595165729523,cmul,it gives output then,0,1
52,anchor_tree_massive_ep3,2,SVO3,-0.03398023545742035,cmul,we offer seaways,0,1
53,anchor_tree_massive_ep3,15,SVOA4,-0.12545286864042282,cmul,category describes invention best,0,0
54,anchor_tree_massive_ep3,2,SVO3,-0.05317002534866333,cmul,we offer hotels,0,1
55,anchor_tree_massive_ep3,2,SVOA4,-0.0009194090962409973,cmul,network allows access only,0,1
56,anchor_tree_massive_ep3,16,SVOA4,-0.08559984341263771,cmul,company abrogate account instantly,0,0
57,anchor_tree_massive_ep3,2,SVO3,-0.010808140970766544,cmul,working watch video,0,1
58,anchor_tree_massive_ep3,2,SVO3,-0.061708927154541016,cmul,you hit button,0,1
59,anchor_tree_massive_ep3,1,SVOA4,0.07560676336288452,cmul,you have models so,1,1
60,anchor_tree_massive_ep3,1,SVO3,0.11280098557472229,cmul,you read more,1,1
61,anchor_tree_massive_ep3,3,SVO3,-0.015855111181735992,cmul,room features tv,0,1
62,anchor_tree_massive_ep3,4,SVOA4,-0.03604723513126373,cmul,revolution driving demand also,0,0
63,anchor_tree_massive_ep3,2,SVOA4,-0.002827167510986328,cmul,you ask me long,0,1
64,anchor_tree_massive_ep3,4,SVO3,-0.056175186298787594,cmul,rotor contains parts,0,0
65,anchor_tree_massive_ep3,2,SVO3,-0.014967717230319977,cmul,apartment has bathroom,0,1
66,anchor_tree_massive_ep3,2,SVOA4,-0.06833893060684204,cmul,review type webiste above,0,1
67,anchor_tree_massive_ep3,1,SVO3,0.0050026848912239075,cmul,i hate word,1,1
68,anchor_tree_massive_ep3,6,SVO3,-0.18640273436903954,cmul,isms covers matters,0,0
69,anchor_tree_massive_ep3,2,SVO3,-0.000670701265335083,cmul,you find streets,0,1
70,anchor_tree_massive_ep3,6,SVOA4,-0.046129852533340454,cmul,i suffered deaths already,0,0
71,anchor_tree_massive_ep3,4,SVOA4,-0.04478776454925537,cmul,browser resize cells also,0,0
72,anchor_tree_massive_ep3,1,SVO3,0.07825371623039246,cmul,you saw it,1,1
73,anchor_tree_massive_ep3,1,SVO3,0.0771837830543518,cmul,you see destination,1,1
74,anchor_tree_massive_ep3,3,SVO3,-0.11118866503238678,cmul,i tell you,0,1
75,anchor_tree_massive_ep3,2,SVO3,-0.01710260147228837,cmul,widodo welcomed visit,0,1
76,anchor_tree_massive_ep3,2,SVO3,-0.003841608762741089,cmul,you assign style,0,1
77,anchor_tree_massive_ep3,1,SVO3,0.08410856127738953,cmul,you ask me,1,1
78,anchor_tree_massive_ep3,4,SVO3,-0.04944371432065964,cmul,palmtran includes keyboard,0,0
79,anchor_tree_massive_ep3,2,SVO3,-0.028519347310066223,cmul,ye take satisfaction,0,1
0,anchor_tree_massive_ep3,2,SVO3,-0.00018233060836791992,tree,we offer variety,0,1
1,anchor_tree_massive_ep3,1,SVO3,0.0004258155822753906,tree,you have pool,1,1
2,anchor_tree_massive_ep3,6,SVO3,-0.00021845102310180664,tree,federation thought condition,0,0
3,anchor_tree_massive_ep3,2,SVO3,-0.0002627372741699219,tree,sapphire called one,0,1
4,anchor_tree_massive_ep3,4,SVO3,-9.298324584960938e-05,tree,administrations revoke certificates,0,0
5,anchor_tree_massive_ep3,5,SVO3,-0.0003839731216430664,tree,google done job,0,0
6,anchor_tree_massive_ep3,2,SVO3,-3.600120544433594e-05,tree,residents dos remédios,0,1
7,anchor_tree_massive_ep3,6,SVO3,-0.0002721548080444336,tree,he asked questions,0,0
8,anchor_tree_massive_ep3,2,SVOA4,-5.412101745605469e-05,tree,you capture that how,0,1
9,anchor_tree_massive_ep3,10,SVOA4,-0.0004737973213195801,tree,we transformed businesses repeatedly,0,0
10,anchor_tree_massive_ep3,5,SVO3,-0.00026482343673706055,tree,lutron dimming installation,0,0
11,anchor_tree_massive_ep3,1,SVO3,7.766485214233398e-05,tree,they provide life,1,1
12,anchor_tree_massive_ep3,4,SVOA4,-0.00016438961029052734,tree,hotel provides rentals also,0,0
13,anchor_tree_massive_ep3,3,SVO3,-4.202127456665039e-05,tree,he loves it,0,1
14,anchor_tree_massive_ep3,1,SVOA4,4.273653030395508e-05,tree,ye pollute land so,1,1
15,anchor_tree_massive_ep3,4,SVO3,-0.0002982020378112793,tree,she heard sound,0,0
16,anchor_tree_massive_ep3,5,SVO3,-0.0002352595329284668,tree,software used quicktime,0,0
17,anchor_tree_massive_ep3,5,SVO3,-0.0002760887145996094,tree,hotel combines business,0,0
18,anchor_tree_massive_ep3,1,SVO3,6.943941116333008e-05,tree,they spread garment,1,1
19,anchor_tree_massive_ep3,3,SVO3,-0.00013375282287597656,tree,museum offers introduction,0,1
20,anchor_tree_massive_ep3,1,SVO3,0.0001042485237121582,tree,you find gruta,1,1
21,anchor_tree_massive_ep3,3,SVO3,-0.00017201900482177734,tree,they put gods,0,1
22,anchor_tree_massive_ep3,3,SVOA4,-0.0001443028450012207,tree,parties enjoy pavilion also,0,1
23,anchor_tree_massive_ep3,2,SVOA4,-6.42538070678711e-05,tree,i catch him sometimes,0,1
24,anchor_tree_massive_ep3,19,SVOA4,-0.00026673078536987305,tree,industry implement standards actively,0,0
25,anchor_tree_massive_ep3,2,SVO3,-7.37905502319336e-05,tree,you spit them,0,1
26,anchor_tree_massive_ep3,4,SVO3,-0.00011026859283447266,tree,enterprises install edition,0,0
27,anchor_tree_massive_ep3,1,SVOA4,0.00021117925643920898,tree,you read more here,1,1
28,anchor_tree_massive_ep3,12,SVOA4,-0.0002709031105041504,tree,eurotree reserves right explicitly,0,0
29,anchor_tree_massive_ep3,1,SVO3,1.2278556823730469e-05,tree,collins picked box,1,1
30,anchor_tree_massive_ep3,15,SVOA4,-0.0006425976753234863,tree,knowledge carry you here,0,0
31,anchor_tree_massive_ep3,1,SVO3,6.562471389770508e-05,tree,project supports systems,1,1
32,anchor_tree_massive_ep3,3,SVO3,-0.000246584415435791,tree,dancers fused features,0,1
33,anchor_tree_massive_ep3,2,SVO3,-1.0132789611816406e-06,tree,you turn entry,0,1
34,anchor_tree_massive_ep3,2,SVO3,-0.00011134147644042969,tree,we offer price,0,1
35,anchor_tree_massive_ep3,2,SVOA4,-1.5735626220703125e-05,tree,attendees have text next,0,1
36,anchor_tree_massive_ep3,2,SVO3,-8.398294448852539e-05,tree,gate reveals pathway,0,1
37,anchor_tree_massive_ep3,3,SVO3,-0.00011813640594482422,tree,vouchers permit people,0,1
38,anchor_tree_massive_ep3,1,SVO3,0.0001354813575744629,tree,nordson provides equipment,1,1
39,anchor_tree_massive_ep3,3,SVO3,-0.00010889768600463867,tree,china improve coordination,0,1
40,anchor_tree_massive_ep3,5,SVO3,-0.00016939640045166016,tree,she slowed acceleration,0,0
41,anchor_tree_massive_ep3,2,SVO3,-0.00013715028762817383,tree,hotels found stars,0,1
42,anchor_tree_massive_ep3,1,SVOA4,0.00010383129119873047,tree,sathorn offers facilities also,1,1
43,anchor_tree_massive_ep3,5,SVO3,-0.00043720006942749023,tree,use terminates permission,0,0
44,anchor_tree_massive_ep3,6,SVOA4,-0.00010561943054199219,tree,cook made plaque ago,0,0
45,anchor_tree_massive_ep3,6,SVO3,-0.0005235671997070312,tree,map shows bay,0,0
46,anchor_tree_massive_ep3,5,SVO3,-0.00019997358322143555,tree,group pursues research,0,0
47,anchor_tree_massive_ep3,1,SVOA4,0.00021690130233764648,tree,you send inquiries also,1,1
48,anchor_tree_massive_ep3,1,SVO3,0.0001595616340637207,tree,ferries offers fares,1,1
49,anchor_tree_massive_ep3,6,SVO3,-0.0002913475036621094,tree,coromant developed solutions,0,0
50,anchor_tree_massive_ep3,5,SVO3,-0.00033104419708251953,tree,offers has addition,0,0
51,anchor_tree_massive_ep3,4,SVOA4,-0.0001424551010131836,tree,it gives output then,0,0
52,anchor_tree_massive_ep3,2,SVO3,-9.685754776000977e-05,tree,we offer seaways,0,1
53,anchor_tree_massive_ep3,19,SVOA4,-0.0007999539375305176,tree,category describes invention best,0,0
54,anchor_tree_massive_ep3,2,SVO3,-0.00019592046737670898,tree,we offer hotels,0,1
55,anchor_tree_massive_ep3,1,SVOA4,4.488229751586914e-05,tree,network allows access only,1,1
56,anchor_tree_massive_ep3,15,SVOA4,-0.00045734643936157227,tree,company abrogate account instantly,0,0
57,anchor_tree_massive_ep3,3,SVO3,-0.0001443624496459961,tree,working watch video,0,1
58,anchor_tree_massive_ep3,2,SVO3,-7.11679458618164e-05,tree,you hit button,0,1
59,anchor_tree_massive_ep3,1,SVOA4,0.0002824068069458008,tree,you have models so,1,1
60,anchor_tree_massive_ep3,1,SVO3,0.00017625093460083008,tree,you read more,1,1
61,anchor_tree_massive_ep3,3,SVO3,-3.457069396972656e-05,tree,room features tv,0,1
62,anchor_tree_massive_ep3,5,SVOA4,-0.00025916099548339844,tree,revolution driving demand also,0,0
63,anchor_tree_massive_ep3,4,SVOA4,-0.0001690387725830078,tree,you ask me long,0,0
64,anchor_tree_massive_ep3,2,SVO3,-4.7266483306884766e-05,tree,rotor contains parts,0,1
65,anchor_tree_massive_ep3,1,SVO3,8.535385131835938e-05,tree,apartment has bathroom,1,1
66,anchor_tree_massive_ep3,4,SVOA4,-6.145238876342773e-05,tree,review type webiste above,0,0
67,anchor_tree_massive_ep3,2,SVO3,-3.2782554626464844e-05,tree,i hate word,0,1
68,anchor_tree_massive_ep3,6,SVO3,-0.00045877695083618164,tree,isms covers matters,0,0
69,anchor_tree_massive_ep3,1,SVO3,0.00011372566223144531,tree,you find streets,1,1
70,anchor_tree_massive_ep3,6,SVOA4,-5.555152893066406e-05,tree,i suffered deaths already,0,0
71,anchor_tree_massive_ep3,6,SVOA4,-0.00024437904357910156,tree,browser resize cells also,0,0
72,anchor_tree_massive_ep3,1,SVO3,3.147125244140625e-05,tree,you saw it,1,1
73,anchor_tree_massive_ep3,1,SVO3,0.0002683401107788086,tree,you see destination,1,1
74,anchor_tree_massive_ep3,3,SVO3,-0.00015097856521606445,tree,i tell you,0,1
75,anchor_tree_massive_ep3,1,SVO3,1.7464160919189453e-05,tree,widodo welcomed visit,1,1
76,anchor_tree_massive_ep3,2,SVO3,-3.159046173095703e-06,tree,you assign style,0,1
77,anchor_tree_massive_ep3,1,SVO3,0.00013810396194458008,tree,you ask me,1,1
78,anchor_tree_massive_ep3,6,SVO3,-0.0003992319107055664,tree,palmtran includes keyboard,0,0
79,anchor_tree_massive_ep3,1,SVO3,7.62939453125e-06,tree,ye take satisfaction,1,1
0,anchor_tree_massive_ep3,2,SVO3,-0.008087337017059326,l0_path,we offer variety,0,1
1,anchor_tree_massive_ep3,1,SVO3,0.014350414276123047,l0_path,you have pool,1,1
2,anchor_tree_massive_ep3,6,SVO3,-0.03203430771827698,l0_path,federation thought condition,0,0
3,anchor_tree_massive_ep3,2,SVO3,-0.001276552677154541,l0_path,sapphire called one,0,1
4,anchor_tree_massive_ep3,4,SVO3,-0.013832718133926392,l0_path,administrations revoke certificates,0,0
5,anchor_tree_massive_ep3,2,SVO3,-0.009137928485870361,l0_path,google done job,0,1
6,anchor_tree_massive_ep3,6,SVO3,-0.06583216786384583,l0_path,residents dos remédios,0,0
7,anchor_tree_massive_ep3,2,SVO3,-0.0066738128662109375,l0_path,he asked questions,0,1
8,anchor_tree_massive_ep3,1,SVOA4,0.014007747173309326,l0_path,you capture that how,1,1
9,anchor_tree_massive_ep3,2,SVOA4,-0.002195209264755249,l0_path,we transformed businesses repeatedly,0,1
10,anchor_tree_massive_ep3,4,SVO3,-0.010424435138702393,l0_path,lutron dimming installation,0,0
11,anchor_tree_massive_ep3,1,SVO3,0.003215610980987549,l0_path,they provide life,1,1
12,anchor_tree_massive_ep3,2,SVOA4,-0.007067859172821045,l0_path,hotel provides rentals also,0,1
13,anchor_tree_massive_ep3,2,SVO3,-0.0006744265556335449,l0_path,he loves it,0,1
14,anchor_tree_massive_ep3,5,SVOA4,-0.01000833511352539,l0_path,ye pollute land so,0,0
15,anchor_tree_massive_ep3,1,SVO3,0.0003387928009033203,l0_path,she heard sound,1,1
16,anchor_tree_massive_ep3,3,SVO3,-0.008827567100524902,l0_path,software used quicktime,0,1
17,anchor_tree_massive_ep3,1,SVO3,0.00707477331161499,l0_path,hotel combines business,1,1
18,anchor_tree_massive_ep3,2,SVO3,-0.0005420446395874023,l0_path,they spread garment,0,1
19,anchor_tree_massive_ep3,6,SVO3,-0.0560479462146759,l0_path,museum offers introduction,0,0
20,anchor_tree_massive_ep3,1,SVO3,0.00014531612396240234,l0_path,you find gruta,1,1
21,anchor_tree_massive_ep3,1,SVO3,0.0027084946632385254,l0_path,they put gods,1,1
22,anchor_tree_massive_ep3,6,SVOA4,-0.018378615379333496,l0_path,parties enjoy pavilion also,0,0
23,anchor_tree_massive_ep3,2,SVOA4,-0.008286714553833008,l0_path,i catch him sometimes,0,1
24,anchor_tree_massive_ep3,9,SVOA4,-0.02071624994277954,l0_path,industry implement standards actively,0,0
25,anchor_tree_massive_ep3,1,SVO3,0.004633009433746338,l0_path,you spit them,1,1
26,anchor_tree_massive_ep3,3,SVO3,-0.013118594884872437,l0_path,enterprises install edition,0,1
27,anchor_tree_massive_ep3,1,SVOA4,0.008964359760284424,l0_path,you read more here,1,1
28,anchor_tree_massive_ep3,21,SVOA4,-0.045194387435913086,l0_path,eurotree reserves right explicitly,0,0
29,anchor_tree_massive_ep3,3,SVO3,-0.02009403705596924,l0_path,collins picked box,0,1
30,anchor_tree_massive_ep3,12,SVOA4,-0.05791282653808594,l0_path,knowledge carry you here,0,0
31,anchor_tree_massive_ep3,1,SVO3,0.013222217559814453,l0_path,project supports systems,1,1
32,anchor_tree_massive_ep3,5,SVO3,-0.005841493606567383,l0_path,dancers fused features,0,0
33,anchor_tree_massive_ep3,2,SVO3,-0.0002957582473754883,l0_path,you turn entry,0,1
34,anchor_tree_massive_ep3,1,SVO3,0.0007750988006591797,l0_path,we offer price,1,1
35,anchor_tree_massive_ep3,18,SVOA4,-0.034881651401519775,l0_path,attendees have text next,0,0
36,anchor_tree_massive_ep3,2,SVO3,-0.002217501401901245,l0_path,gate reveals pathway,0,1
37,anchor_tree_massive_ep3,2,SVO3,-0.0010256767272949219,l0_path,vouchers permit people,0,1
38,anchor_tree_massive_ep3,1,SVO3,0.0074953436851501465,l0_path,nordson provides equipment,1,1
39,anchor_tree_massive_ep3,6,SVO3,-0.032511740922927856,l0_path,china improve coordination,0,0
40,anchor_tree_massive_ep3,2,SVO3,-0.0055696964263916016,l0_path,she slowed acceleration,0,1
41,anchor_tree_massive_ep3,4,SVO3,-0.01446688175201416,l0_path,hotels found stars,0,0
42,anchor_tree_massive_ep3,2,SVOA4,-0.0011503100395202637,l0_path,sathorn offers facilities also,0,1
43,anchor_tree_massive_ep3,2,SVO3,-0.007764190435409546,l0_path,use terminates permission,0,1
44,anchor_tree_massive_ep3,20,SVOA4,-0.05693000555038452,l0_path,cook made plaque ago,0,0
45,anchor_tree_massive_ep3,2,SVO3,-0.015756994485855103,l0_path,map shows bay,0,1
46,anchor_tree_massive_ep3,2,SVO3,-0.0033987760543823242,l0_path,group pursues research,0,1
47,anchor_tree_massive_ep3,1,SVOA4,0.009821414947509766,l0_path,you send inquiries also,1,1
48,anchor_tree_massive_ep3,3,SVO3,-0.009814023971557617,l0_path,ferries offers fares,0,1
49,anchor_tree_massive_ep3,1,SVO3,0.0030871033668518066,l0_path,coromant developed solutions,1,1
50,anchor_tree_massive_ep3,3,SVO3,-0.011407256126403809,l0_path,offers has addition,0,1
51,anchor_tree_massive_ep3,2,SVOA4,-0.0005528926849365234,l0_path,it gives output then,0,1
52,anchor_tree_massive_ep3,1,SVO3,0.00463181734085083,l0_path,we offer seaways,1,1
53,anchor_tree_massive_ep3,4,SVOA4,-0.014309138059616089,l0_path,category describes invention best,0,0
54,anchor_tree_massive_ep3,1,SVO3,0.0028566718101501465,l0_path,we offer hotels,1,1
55,anchor_tree_massive_ep3,1,SVOA4,0.0057411789894104,l0_path,network allows access only,1,1
56,anchor_tree_massive_ep3,14,SVOA4,-0.025535881519317627,l0_path,company abrogate account instantly,0,0
57,anchor_tree_massive_ep3,2,SVO3,-0.0007358789443969727,l0_path,working watch video,0,1
58,anchor_tree_massive_ep3,1,SVO3,0.012411713600158691,l0_path,you hit button,1,1
59,anchor_tree_massive_ep3,1,SVOA4,0.008408963680267334,l0_path,you have models so,1,1
60,anchor_tree_massive_ep3,1,SVO3,0.009532928466796875,l0_path,you read more,1,1
61,anchor_tree_massive_ep3,2,SVO3,-0.003670811653137207,l0_path,room features tv,0,1
62,anchor_tree_massive_ep3,1,SVOA4,0.010912090539932251,l0_path,revolution driving demand also,1,1
63,anchor_tree_massive_ep3,3,SVOA4,-0.004386544227600098,l0_path,you ask me long,0,1
64,anchor_tree_massive_ep3,5,SVO3,-0.03193804621696472,l0_path,rotor contains parts,0,0
65,anchor_tree_massive_ep3,2,SVO3,-0.0035001039505004883,l0_path,apartment has bathroom,0,1
66,anchor_tree_massive_ep3,9,SVOA4,-0.019474148750305176,l0_path,review type webiste above,0,0
67,anchor_tree_massive_ep3,1,SVO3,0.014329612255096436,l0_path,i hate word,1,1
68,anchor_tree_massive_ep3,2,SVO3,-0.0007025301456451416,l0_path,isms covers matters,0,1
69,anchor_tree_massive_ep3,2,SVO3,-0.011153638362884521,l0_path,you find streets,0,1
70,anchor_tree_massive_ep3,2,SVOA4,-0.0009019970893859863,l0_path,i suffered deaths already,0,1
71,anchor_tree_massive_ep3,7,SVOA4,-0.043671607971191406,l0_path,browser resize cells also,0,0
72,anchor_tree_massive_ep3,1,SVO3,0.017545640468597412,l0_path,you saw it,1,1
73,anchor_tree_massive_ep3,2,SVO3,-0.0008252859115600586,l0_path,you see destination,0,1
74,anchor_tree_massive_ep3,3,SVO3,-0.015252947807312012,l0_path,i tell you,0,1
75,anchor_tree_massive_ep3,3,SVO3,-0.028497040271759033,l0_path,widodo welcomed visit,0,1
76,anchor_tree_massive_ep3,1,SVO3,0.0007207393646240234,l0_path,you assign style,1,1
77,anchor_tree_massive_ep3,1,SVO3,0.0067435503005981445,l0_path,you ask me,1,1
78,anchor_tree_massive_ep3,4,SVO3,-0.04254961013793945,l0_path,palmtran includes keyboard,0,0
79,anchor_tree_massive_ep3,3,SVO3,-0.01935526728630066,l0_path,ye take satisfaction,0,1
