train_lines,depth,leaves,fit_pairs,dev_pairs,sealed_test_pairs,initial_dev_nll,best_dev_nll,dev_gain,initial_test_nll,best_test_nll,test_gain,random_test_nll,leaf_utilization,occupancy_entropy,frequency_r2_by_leaf,mechanical_gates_pass,mechanical_gates,a11_quality_gates,assignment_sha256
50000,3,8,1466135.0,366093.0,3670609.0,5.4754943194431736,5.414545640497197,0.06094867894597655,5.47985549424809,5.419492709100963,0.06036278514712734,5.508448096982026,1.0,0.8644036461686664,0.1443837633059647,True,"{'finite': True, 'fold_conservation_le_1e_10': True, 'residual_closure_le_1e_10': True, 'full_search_budget': True, 'routing_index_complete': True}","{'finite': True, 'accepted_at_least_one': True, 'fold_conservation_le_1e_10': True, 'residual_closure_le_1e_10': True, 'dev_gain_ge_0_005': True, 'sealed_test_not_worse_gt_0_01': True, 'sealed_test_better_than_random': True, 'leaf_utilization_ge_0_50': True}",a988d1da25a066024ee13328dd03cc66161d343ddaf67c3b1009f33ea492840a
50000,5,32,1466135.0,366093.0,3670609.0,5.378478849600938,5.343624641596407,0.034854208004531095,5.384017821284627,5.349729692974359,0.034288128310268284,5.4490509041818305,1.0,0.8861128379709005,0.31251936080085274,True,"{'finite': True, 'fold_conservation_le_1e_10': True, 'residual_closure_le_1e_10': True, 'full_search_budget': True, 'routing_index_complete': True}","{'finite': True, 'accepted_at_least_one': True, 'fold_conservation_le_1e_10': True, 'residual_closure_le_1e_10': True, 'dev_gain_ge_0_005': True, 'sealed_test_not_worse_gt_0_01': True, 'sealed_test_better_than_random': True, 'leaf_utilization_ge_0_50': True}",bb40a082aa3e37490bc461049e732ee7fccfe44d63ffda5aab47966d7b1a2779
100000,3,8,2930641.0,731362.0,3670609.0,5.474310579908319,5.423363040911588,0.05094753899673066,5.474436570710606,5.422999032534339,0.05143753817626706,5.506515757568088,1.0,0.9395991343525536,0.22178056482423525,True,"{'finite': True, 'fold_conservation_le_1e_10': True, 'residual_closure_le_1e_10': True, 'full_search_budget': True, 'routing_index_complete': True}","{'finite': True, 'accepted_at_least_one': True, 'fold_conservation_le_1e_10': True, 'residual_closure_le_1e_10': True, 'dev_gain_ge_0_005': True, 'sealed_test_not_worse_gt_0_01': True, 'sealed_test_better_than_random': True, 'leaf_utilization_ge_0_50': True}",e348fce917c393db986b493c74edd71423f21f66df7a9cbac445bd67a8c3c714
100000,5,32,2930641.0,731362.0,3670609.0,5.371655074313096,5.337140816218368,0.034514258094727523,5.37298511191416,5.337925607783007,0.03505950413115233,5.440967725012633,1.0,0.9460353942117792,0.2949052784933307,True,"{'finite': True, 'fold_conservation_le_1e_10': True, 'residual_closure_le_1e_10': True, 'full_search_budget': True, 'routing_index_complete': True}","{'finite': True, 'accepted_at_least_one': True, 'fold_conservation_le_1e_10': True, 'residual_closure_le_1e_10': True, 'dev_gain_ge_0_005': True, 'sealed_test_not_worse_gt_0_01': True, 'sealed_test_better_than_random': True, 'leaf_utilization_ge_0_50': True}",03c5d901c3946845389f380b4373c88004d623dd317fe4b04d6d4e2afdf6ec48
200000,3,8,5869078.0,1465879.0,3670609.0,5.470741358992184,5.4148258575133825,0.05591550147880131,5.47031837475569,5.413568762223368,0.05674961253232258,5.505612514743168,1.0,0.8230965012692423,0.12504361690628907,True,"{'finite': True, 'fold_conservation_le_1e_10': True, 'residual_closure_le_1e_10': True, 'full_search_budget': True, 'routing_index_complete': True}","{'finite': True, 'accepted_at_least_one': True, 'fold_conservation_le_1e_10': True, 'residual_closure_le_1e_10': True, 'dev_gain_ge_0_005': True, 'sealed_test_not_worse_gt_0_01': True, 'sealed_test_better_than_random': True, 'leaf_utilization_ge_0_50': True}",015eef67e08c1bc39a42381e28c9d8f7d046bae3569b93c7e475c315cbd44d00
200000,5,32,5869078.0,1465879.0,3670609.0,5.370846477844552,5.32791705285234,0.042929424992212084,5.371289405440839,5.328783924576419,0.04250548086442052,5.437496570030747,1.0,0.9167271453005261,0.25118294127789076,True,"{'finite': True, 'fold_conservation_le_1e_10': True, 'residual_closure_le_1e_10': True, 'full_search_budget': True, 'routing_index_complete': True}","{'finite': True, 'accepted_at_least_one': True, 'fold_conservation_le_1e_10': True, 'residual_closure_le_1e_10': True, 'dev_gain_ge_0_005': True, 'sealed_test_not_worse_gt_0_01': True, 'sealed_test_better_than_random': True, 'leaf_utilization_ge_0_50': True}",52158b6c383a4142f7347af56462e334245c44347a7738aad85d199659604a74
500000,3,8,14692813.0,3671882.0,3670609.0,5.459968938639999,5.410661800573298,0.04930713806670184,5.461300472758419,5.411712371698864,0.04958810105955447,5.5050480153249115,1.0,0.8748273968046127,0.1048651102091791,True,"{'finite': True, 'fold_conservation_le_1e_10': True, 'residual_closure_le_1e_10': True, 'full_search_budget': True, 'routing_index_complete': True}","{'finite': True, 'accepted_at_least_one': True, 'fold_conservation_le_1e_10': True, 'residual_closure_le_1e_10': True, 'dev_gain_ge_0_005': True, 'sealed_test_not_worse_gt_0_01': True, 'sealed_test_better_than_random': True, 'leaf_utilization_ge_0_50': True}",87b6aa26b8bf37d0ea37dc285ad5f97a2f730ca0622ff15f9405c8707a4110f7
500000,5,32,14692813.0,3671882.0,3670609.0,5.369293907833309,5.330299057054794,0.038994850778514945,5.371301797612582,5.332391716476866,0.03891008113571637,5.435529695095551,1.0,0.9329526356461507,0.35710709853175593,True,"{'finite': True, 'fold_conservation_le_1e_10': True, 'residual_closure_le_1e_10': True, 'full_search_budget': True, 'routing_index_complete': True}","{'finite': True, 'accepted_at_least_one': True, 'fold_conservation_le_1e_10': True, 'residual_closure_le_1e_10': True, 'dev_gain_ge_0_005': True, 'sealed_test_not_worse_gt_0_01': True, 'sealed_test_better_than_random': True, 'leaf_utilization_ge_0_50': True}",2da5b6c76c30f8e52fa5b2c48aa2746ce5154783c677edc6f851a4b9589e205c
1000000,3,8,29460566.0,7366000.0,3670609.0,5.467579046029859,5.408498249075872,0.05908079695398705,5.468807977360905,5.409086307103176,0.05972167025772901,5.504857649557219,1.0,0.8980343632352784,0.09940317266198917,True,"{'finite': True, 'fold_conservation_le_1e_10': True, 'residual_closure_le_1e_10': True, 'full_search_budget': True, 'routing_index_complete': True}","{'finite': True, 'accepted_at_least_one': True, 'fold_conservation_le_1e_10': True, 'residual_closure_le_1e_10': True, 'dev_gain_ge_0_005': True, 'sealed_test_not_worse_gt_0_01': True, 'sealed_test_better_than_random': True, 'leaf_utilization_ge_0_50': True, 'checkpoint_reload_exact': True}",2cdac51e0bd407ae382a4bf2e66fd7518036e8d009c8ac33091ce7be468075b7
1000000,5,32,29460566.0,7366000.0,3670609.0,5.3711323043558155,5.329462753441284,0.041669550914531506,5.372555192205883,5.331227367356797,0.0413278248490867,5.434866010402404,1.0,0.9272267515552008,0.2812843051519177,True,"{'finite': True, 'fold_conservation_le_1e_10': True, 'residual_closure_le_1e_10': True, 'full_search_budget': True, 'routing_index_complete': True}","{'finite': True, 'accepted_at_least_one': True, 'fold_conservation_le_1e_10': True, 'residual_closure_le_1e_10': True, 'dev_gain_ge_0_005': True, 'sealed_test_not_worse_gt_0_01': True, 'sealed_test_better_than_random': True, 'leaf_utilization_ge_0_50': True, 'checkpoint_reload_exact': True}",d7a78b20d8e3a69fcf4e8487e4b457ff2f67e436517fb9280714310f1bd216d4
