case,count,offset,protocol_depth,ablate_depth,margin_delta_vs_full,target_logit,target_probability,target_rank,target_margin,vocab_entropy
count0,0,0,5,0,-0.2910337448120117,0.39493027329444885,1.043641532305628e-06,7363,-13.772793769836426,5.905256271362305
count1-offset0,1,0,5,0,-0.23903179168701172,0.8710278272628784,1.2690372841461794e-06,6485,-13.577250480651855,5.448185920715332
count1-offset1,1,1,5,0,-0.2435894012451172,0.8683688640594482,1.2725432725346764e-06,6498,-13.574492454528809,5.480093479156494
count1-offset2,1,2,5,0,-0.25193214416503906,0.8432489633560181,1.2920201015731436e-06,6544,-13.55930233001709,5.556844711303711
count1-offset3,1,3,5,0,-0.14888477325439453,1.41506826877594,1.6579731436650036e-06,5328,-13.30991268157959,4.741756439208984
count2-offset0,2,0,5,0,-0.12607097625732422,1.5088226795196533,1.6705622556401067e-06,5163,-13.302348136901855,4.4735026359558105
count2-offset1,2,1,5,0,-0.12238693237304688,1.5706205368041992,1.6905372604014701e-06,5052,-13.290462493896484,4.388986587524414
count2-offset2,2,2,5,0,-0.1289806365966797,1.5420664548873901,1.747691499076609e-06,5111,-13.257213592529297,4.50596284866333
count2-offset3,2,3,5,0,-0.06541633605957031,1.8322930335998535,3.5177029076294275e-06,4408,-12.557699203491211,4.890817642211914
count4-offset0,4,0,5,0,-0.09586715698242188,2.238778829574585,4.90280081066885e-06,3743,-12.225699424743652,4.912896156311035
count4-offset1,4,1,5,0,0.026305198669433594,2.6440043449401855,8.997375516628381e-06,2994,-11.618568420410156,5.056412696838379
count4-offset2,4,2,5,0,-0.09586715698242188,2.238778829574585,4.9028003559214994e-06,3743,-12.225699424743652,4.912896156311035
count4-offset3,4,3,5,0,0.026305198669433594,2.6440043449401855,8.997374607133679e-06,2994,-11.618568420410156,5.056412220001221
count8,8,0,5,0,-0.24495887756347656,3.681858539581299,4.814170461031608e-05,1421,-9.941314697265625,6.071721076965332
count0,0,0,5,1,0.09280586242675781,0.5641912817955017,1.5319707244998426e-06,6629,-13.388954162597656,5.844656944274902
count1-offset0,1,0,5,1,0.0747365951538086,0.9070130586624146,1.7367700593240443e-06,5990,-13.263482093811035,5.353001594543457
count1-offset1,1,1,5,1,0.07687950134277344,0.917880654335022,1.7532751144244685e-06,5965,-13.254023551940918,5.379690170288086
count1-offset2,1,2,5,1,0.06693458557128906,0.8958761692047119,1.7772605360732996e-06,5998,-13.240435600280762,5.453047752380371
count1-offset3,1,3,5,1,0.16869735717773438,1.279212236404419,2.277726935062674e-06,5019,-12.992330551147461,4.735754489898682
count2-offset0,2,0,5,1,0.20971965789794922,1.3338642120361328,2.3371919724013424e-06,4883,-12.966557502746582,4.552423000335693
count2-offset1,2,1,5,1,0.21721267700195312,1.4047003984451294,2.3741647510178154e-06,4759,-12.950862884521484,4.4773664474487305
count2-offset2,2,2,5,1,0.19936847686767578,1.3661564588546753,2.4269700134027516e-06,4824,-12.928864479064941,4.568072319030762
count2-offset3,2,3,5,1,0.11748504638671875,1.5527856349945068,4.22368884755997e-06,4229,-12.374797821044922,4.731616497039795
count4-offset0,4,0,5,1,0.25075721740722656,1.9860684871673584,6.93394395057112e-06,3379,-11.879075050354004,4.882582664489746
count4-offset1,4,1,5,1,0.23973560333251953,2.27610445022583,1.11379904410569e-05,2767,-11.40513801574707,4.917465686798096
count4-offset2,4,2,5,1,0.25075721740722656,1.9860684871673584,6.933943041076418e-06,3379,-11.879075050354004,4.882582187652588
count4-offset3,4,3,5,1,0.23973560333251953,2.27610445022583,1.1137988622067496e-05,2767,-11.40513801574707,4.9174652099609375
count8,8,0,5,1,-0.08973503112792969,3.3203654289245605,5.622505705105141e-05,1317,-9.786090850830078,6.139594078063965
count0,0,0,5,2,-0.265045166015625,0.11600211262702942,1.0711191862355918e-06,7419,-13.746805191040039,5.7968597412109375
count1-offset0,1,0,5,2,-0.21330738067626953,0.5274335145950317,1.3021063978158054e-06,6661,-13.551526069641113,5.3263444900512695
count1-offset1,1,1,5,2,-0.22581005096435547,0.5269603729248047,1.2953701116202865e-06,6666,-13.556713104248047,5.341384410858154
count1-offset2,1,2,5,2,-0.23564529418945312,0.5059722661972046,1.3132350886735367e-06,6693,-13.543015480041504,5.418015956878662
count1-offset3,1,3,5,2,-0.11395835876464844,0.9221566915512085,1.7169035118058673e-06,5588,-13.274986267089844,4.697608947753906
count2-offset0,2,0,5,2,-0.020833969116210938,1.0041279792785645,1.855950131357531e-06,5334,-13.197111129760742,4.4932355880737305
count2-offset1,2,1,5,2,-0.009660720825195312,1.0759392976760864,1.8922610252047889e-06,5168,-13.177736282348633,4.38523006439209
count2-offset2,2,2,5,2,-0.028329849243164062,1.0400404930114746,1.932751956701395e-06,5247,-13.156562805175781,4.508244037628174
count2-offset3,2,3,5,2,0.05107879638671875,1.343540906906128,3.952320184907876e-06,4411,-12.441204071044922,4.823227882385254
count4-offset0,4,0,5,2,0.19941234588623047,1.795412540435791,6.5869085119629744e-06,3478,-11.930419921875,4.796444892883301
count4-offset1,4,1,5,2,0.3576974868774414,2.214977741241455,1.25324513646774e-05,2632,-11.287176132202148,4.854868412017822
count4-offset2,4,2,5,2,0.19941234588623047,1.795412540435791,6.5869085119629744e-06,3478,-11.930419921875,4.796445369720459
count4-offset3,4,3,5,2,0.3576974868774414,2.214977741241455,1.2532452274172101e-05,2632,-11.287176132202148,4.854867935180664
count8,8,0,5,2,0.22919464111328125,3.4661459922790527,7.734467362752184e-05,1100,-9.467161178588867,6.208889961242676
count0,0,0,5,3,0.3645458221435547,0.6238980889320374,2.010321622947231e-06,6233,-13.11721420288086,6.01430606842041
count1-offset0,1,0,5,3,0.3588571548461914,0.983768105506897,2.3074585442373063e-06,5603,-12.979361534118652,5.5756425857543945
count1-offset1,1,1,5,3,0.3412179946899414,0.9816101789474487,2.2837609776615864e-06,5625,-12.98968505859375,5.586906433105469
count1-offset2,1,2,5,3,0.3380870819091797,0.9668515920639038,2.3308325580728706e-06,5643,-12.969283103942871,5.659029483795166
count1-offset3,1,3,5,3,0.3712730407714844,1.3159528970718384,2.7891953777725575e-06,4815,-12.789754867553711,4.934189796447754
count2-offset0,2,0,5,3,0.3937549591064453,1.3487112522125244,2.8094414119550493e-06,4693,-12.782522201538086,4.70282506942749
count2-offset1,2,1,5,3,0.3598604202270508,1.3862144947052002,2.7381779545976315e-06,4628,-12.808215141296387,4.576101303100586
count2-offset2,2,2,5,3,0.3590278625488281,1.363640546798706,2.8471047244238434e-06,4677,-12.769205093383789,4.702880859375
count2-offset3,2,3,5,3,0.3919239044189453,1.6572279930114746,5.557484655582812e-06,3912,-12.100358963012695,5.003246307373047
count4-offset0,4,0,5,3,0.2515277862548828,1.8953732252120972,6.93928450345993e-06,3361,-11.878304481506348,4.8567609786987305
count4-offset1,4,1,5,3,0.18287086486816406,2.1175973415374756,1.0522304364712909e-05,2803,-11.462002754211426,4.880010604858398
count4-offset2,4,2,5,3,0.2515277862548828,1.8953732252120972,6.939285412954632e-06,3361,-11.878304481506348,4.856761932373047
count4-offset3,4,3,5,3,0.18287086486816406,2.1175973415374756,1.0522302545723505e-05,2803,-11.462002754211426,4.880009651184082
count8,8,0,5,3,-0.01817035675048828,3.283625602722168,6.039605432306416e-05,1193,-9.714526176452637,6.0767292976379395
count0,0,0,5,4,0.3219442367553711,0.38660958409309387,1.9264762158854865e-06,6468,-13.159815788269043,6.075198173522949
count1-offset0,1,0,5,4,0.3345317840576172,0.7863590717315674,2.252005742775509e-06,5758,-13.003686904907227,5.6352338790893555
count1-offset1,1,1,5,4,0.33242130279541016,0.7935184240341187,2.263757778564468e-06,5727,-12.998481750488281,5.65677547454834
count1-offset2,1,2,5,4,0.3241081237792969,0.7767345905303955,2.2984770566836232e-06,5764,-12.983262062072754,5.728357315063477
count1-offset3,1,3,5,4,0.38428592681884766,1.1468474864959717,2.8257279609533725e-06,4807,-12.776741981506348,4.914486885070801
count2-offset0,2,0,5,4,0.4230213165283203,1.2062022686004639,2.8928784558956977e-06,4632,-12.753255844116211,4.628780841827393
count2-offset1,2,1,5,4,0.42215919494628906,1.2603645324707031,2.9141885988792637e-06,4467,-12.745916366577148,4.50474739074707
count2-offset2,2,2,5,4,0.4078655242919922,1.2301158905029297,2.989600261571468e-06,4546,-12.720367431640625,4.638484001159668
count2-offset3,2,3,5,4,0.4624900817871094,1.5656187534332275,5.963822331978008e-06,3810,-12.029792785644531,4.982821464538574
count4-offset0,4,0,5,4,0.37790966033935547,1.8999135494232178,7.874108632677235e-06,3022,-11.751922607421875,4.630465507507324
count4-offset1,4,1,5,4,0.3654642105102539,2.224208354949951,1.2630180208361708e-05,2464,-11.279409408569336,4.717714786529541
count4-offset2,4,2,5,4,0.37790966033935547,1.8999135494232178,7.874108632677235e-06,3022,-11.751922607421875,4.630465507507324
count4-offset3,4,3,5,4,0.3654642105102539,2.224208354949951,1.263018111785641e-05,2464,-11.279409408569336,4.717715263366699
count8,8,0,5,4,0.15298748016357422,3.3308675289154053,7.166986324591562e-05,1108,-9.543368339538574,6.097897529602051
count0,0,0,5,5,0.2868385314941406,0.23629873991012573,1.8600200064611272e-06,6114,-13.194921493530273,5.828619956970215
count1-offset0,1,0,5,5,0.23101234436035156,0.563940703868866,2.030541736530722e-06,5476,-13.107206344604492,5.269801139831543
count1-offset1,1,1,5,5,0.23725128173828125,0.5731224417686462,2.058251311609638e-06,5445,-13.09365177154541,5.304271697998047
count1-offset2,1,2,5,5,0.23972511291503906,0.5618104338645935,2.1124817521922523e-06,5466,-13.067645072937012,5.394908428192139
count1-offset3,1,3,5,5,0.1858053207397461,0.8954369425773621,2.3170289296103874e-06,4719,-12.97522258758545,4.4474029541015625
count2-offset0,2,0,5,5,0.17123889923095703,0.9265077114105225,2.2489643924927805e-06,4620,-13.005038261413574,4.164581298828125
count2-offset1,2,1,5,5,0.16911888122558594,0.9932223558425903,2.262682983200648e-06,4490,-12.998956680297852,4.045862197875977
count2-offset2,2,2,5,5,0.17232608795166016,0.9665381908416748,2.3622196749784052e-06,4546,-12.955906867980957,4.185285568237305
count2-offset3,2,3,5,5,0.14142227172851562,1.233599305152893,4.326010639488231e-06,3876,-12.350860595703125,4.505022048950195
count4-offset0,4,0,5,5,0.16110610961914062,1.6136057376861572,6.339360879792366e-06,3104,-11.96872615814209,4.395106792449951
count4-offset1,4,1,5,5,0.1362009048461914,1.9117027521133423,1.0042521353170741e-05,2519,-11.508672714233398,4.434909343719482
count4-offset2,4,2,5,5,0.16110610961914062,1.6136057376861572,6.339361334539717e-06,3104,-11.96872615814209,4.395107269287109
count4-offset3,4,3,5,5,0.1362018585205078,1.9117027521133423,1.0042523172160145e-05,2519,-11.508671760559082,4.434909820556641
count8,8,0,5,5,0.05215644836425781,3.1479992866516113,6.479613512055948e-05,1041,-9.64419937133789,5.838364601135254
count0,0,0,6,0,-0.21361351013183594,-1.5174051523208618,1.3972116619243025e-07,12348,-15.78361701965332,5.015391826629639
count1-offset0,1,0,6,0,-0.24329471588134766,-1.0395816564559937,2.3687107386649586e-07,10984,-15.255749702453613,5.07740592956543
count1-offset1,1,1,6,0,-0.3813800811767578,0.6680951118469238,2.309663614141755e-06,6425,-12.97840690612793,6.269359588623047
count1-offset2,1,2,6,0,-0.3980236053466797,0.6331014633178711,2.1956786895316327e-06,6561,-13.029017448425293,6.294578552246094
count1-offset3,1,3,6,0,-0.020659446716308594,-0.6975967288017273,6.593604666704778e-07,9676,-14.23199462890625,6.060938835144043
count2-offset0,2,0,6,0,-0.058879852294921875,-0.3224141597747803,9.608093023416586e-07,8878,-13.855488777160645,6.052192211151123
count2-offset1,2,1,6,0,-0.30179786682128906,1.3152433633804321,3.2580451261310373e-06,5047,-12.634379386901855,5.739978313446045
count2-offset2,2,2,6,0,-0.3233156204223633,1.2690600156784058,3.161818312946707e-06,5172,-12.664360046386719,5.824028015136719
count2-offset3,2,3,6,0,0.005512237548828125,0.18090975284576416,1.8343591818847926e-06,6936,-13.208813667297363,6.164808750152588
count4-offset0,4,0,6,0,-0.2696342468261719,2.0637576580047607,7.991542588570155e-06,4035,-11.7371187210083,6.19657039642334
count4-offset1,4,1,6,0,-0.1373577117919922,2.5721535682678223,1.3460297850542702e-05,3037,-11.215753555297852,6.16205358505249
count4-offset2,4,2,6,0,-0.2696342468261719,2.0637576580047607,7.991542588570155e-06,4035,-11.7371187210083,6.19657039642334
count4-offset3,4,3,6,0,-0.1373577117919922,2.5721535682678223,1.3460297850542702e-05,3037,-11.215753555297852,6.16205358505249
count8,8,0,6,0,-0.04165935516357422,3.6140801906585693,4.374178752186708e-05,1563,-10.037162780761719,6.294862747192383
count0,0,0,6,1,0.8185520172119141,-0.7422198057174683,3.922166911252134e-07,10015,-14.75145149230957,5.469039440155029
count1-offset0,1,0,6,1,0.6891422271728516,-0.42463812232017517,6.018164526722103e-07,9109,-14.323312759399414,5.503662586212158
count1-offset1,1,1,6,1,0.0640268325805664,0.9498169422149658,3.6056669614481507e-06,5697,-12.532999992370605,6.404484748840332
count1-offset2,1,2,6,1,0.06137275695800781,0.9182138442993164,3.476013034742209e-06,5796,-12.569621086120605,6.428709030151367
count1-offset3,1,3,6,1,0.8035030364990234,-0.08822444081306458,1.5033213003334822e-06,7845,-13.407832145690918,6.385206699371338
count2-offset0,2,0,6,1,0.7603073120117188,0.18222641944885254,2.1797434328618692e-06,7215,-13.036301612854004,6.414738655090332
count2-offset1,2,1,6,1,-0.017023086547851562,1.4584757089614868,4.331448053562781e-06,4719,-12.349604606628418,5.781943321228027
count2-offset2,2,2,6,1,-0.03475379943847656,1.3960354328155518,4.21946197093348e-06,4844,-12.375798225402832,5.858607292175293
count2-offset3,2,3,6,1,0.7658596038818359,0.7176514863967896,3.923721578757977e-06,5620,-12.448466300964355,6.455886363983154
count4-offset0,4,0,6,1,-0.0727376937866211,1.9439218044281006,9.730628335091751e-06,3858,-11.54022216796875,6.116207122802734
count4-offset1,4,1,6,1,-0.08139610290527344,2.414620876312256,1.4235000890039373e-05,3027,-11.159791946411133,6.027403831481934
count4-offset2,4,2,6,1,-0.0727376937866211,1.9439218044281006,9.73062742559705e-06,3858,-11.54022216796875,6.116206169128418
count4-offset3,4,3,6,1,-0.08139610290527344,2.414620876312256,1.4235000890039373e-05,3027,-11.159791946411133,6.027403831481934
count8,8,0,6,1,0.1224508285522461,3.4396486282348633,5.1542476285248995e-05,1497,-9.873052597045898,6.382573127746582
count0,0,0,6,2,0.27846336364746094,-1.5542023181915283,2.2854335668398562e-07,11288,-15.291540145874023,5.185330390930176
count1-offset0,1,0,6,2,0.2582206726074219,-1.2134108543395996,3.911265196165914e-07,10081,-14.754234313964844,5.318126201629639
count1-offset1,1,1,6,2,-0.02515411376953125,0.6453365087509155,3.2980344712996157e-06,5878,-12.622180938720703,6.4240827560424805
count1-offset2,1,2,6,2,-0.027045249938964844,0.6175893545150757,3.1818672141525894e-06,5984,-12.658039093017578,6.442802429199219
count1-offset3,1,3,6,2,0.24286746978759766,-0.8243850469589233,8.58166174566577e-07,9098,-13.968467712402344,6.1331939697265625
count2-offset0,2,0,6,2,0.2967710494995117,-0.463040828704834,1.3711778592551127e-06,8051,-13.499837875366211,6.201397895812988
count2-offset1,2,1,6,2,0.04944133758544922,1.2679157257080078,4.629114300769288e-06,4683,-12.283140182495117,5.97186279296875
count2-offset2,2,2,6,2,0.045203208923339844,1.2370550632476807,4.570694727590308e-06,4754,-12.295841217041016,6.034712791442871
count2-offset3,2,3,6,2,0.20247840881347656,-0.0589335560798645,2.2337035261443816e-06,6546,-13.011847496032715,6.250349044799805
count4-offset0,4,0,6,2,0.19519424438476562,1.9509631395339966,1.2720410268229898e-05,3558,-11.272290229797363,6.4655256271362305
count4-offset1,4,1,6,2,0.16163158416748047,2.3892314434051514,1.8151038602809422e-05,2832,-10.916764259338379,6.352741241455078
count4-offset2,4,2,6,2,0.19519424438476562,1.9509631395339966,1.2720412087219302e-05,3558,-11.272290229797363,6.465526580810547
count4-offset3,4,3,6,2,0.16163158416748047,2.3892314434051514,1.8151038602809422e-05,2832,-10.916764259338379,6.352741241455078
count8,8,0,6,2,0.39375972747802734,3.44248366355896,6.760618998669088e-05,1357,-9.601743698120117,6.581031799316406
count0,0,0,6,3,0.24286842346191406,-1.6950684785842896,2.2055138515497674e-07,12570,-15.32713508605957,5.511005401611328
count1-offset0,1,0,6,3,0.07332706451416016,-1.1866915225982666,3.251015812111291e-07,11229,-14.939127922058105,5.527608871459961
count1-offset1,1,1,6,3,-0.03936004638671875,0.6754273176193237,3.2515138173039304e-06,6221,-12.63638687133789,6.473042964935303
count1-offset2,1,2,6,3,-0.04201507568359375,0.645378053188324,3.13459031531238e-06,6335,-12.673008918762207,6.501894950866699
count1-offset3,1,3,6,3,0.14351177215576172,-0.9989033937454224,7.770012189212139e-07,10157,-14.06782341003418,6.319741249084473
count2-offset0,2,0,6,3,-0.035125732421875,-0.645822286605835,9.839060339800199e-07,9299,-13.831734657287598,6.245046615600586
count2-offset1,2,1,6,3,-0.03095531463623047,1.2862954139709473,4.271515535947401e-06,4996,-12.363536834716797,5.908167839050293
count2-offset2,2,2,6,3,-0.03407096862792969,1.2511930465698242,4.222347797622206e-06,5083,-12.375115394592285,5.999829292297363
count2-offset3,2,3,6,3,0.14148902893066406,-0.06693452596664429,2.1015418951719766e-06,7049,-13.072836875915527,6.390519142150879
count4-offset0,4,0,6,3,0.09520721435546875,1.9682598114013672,1.1510063814057503e-05,3633,-11.37227725982666,6.245100975036621
count4-offset1,4,1,6,3,0.1363058090209961,2.5143463611602783,1.769712798704859e-05,2823,-10.942090034484863,6.202305793762207
count4-offset2,4,2,6,3,0.09520721435546875,1.9682598114013672,1.1510062904562801e-05,3633,-11.37227725982666,6.245100021362305
count4-offset3,4,3,6,3,0.1363058090209961,2.5143463611602783,1.769712798704859e-05,2823,-10.942090034484863,6.202306747436523
count8,8,0,6,3,0.01126861572265625,3.2733428478240967,4.611922486219555e-05,1596,-9.984234809875488,6.398848533630371
count0,0,0,6,4,0.4166545867919922,-1.9588958024978638,2.6241215778100013e-07,11811,-15.153348922729492,5.416341781616211
count1-offset0,1,0,6,4,0.4572925567626953,-1.438661813735962,4.772799684360507e-07,10136,-14.55516242980957,5.560189247131348
count1-offset1,1,1,6,4,0.10190010070800781,0.4934769570827484,3.7448437524290057e-06,5833,-12.495126724243164,6.484799385070801
count1-offset2,1,2,6,4,0.08261394500732422,0.43899333477020264,3.5506375297700288e-06,6009,-12.548379898071289,6.517803192138672
count1-offset3,1,3,6,4,0.27080535888671875,-1.3094799518585205,8.824788437777897e-07,9747,-13.940529823303223,6.284243583679199
count2-offset0,2,0,6,4,0.36982059478759766,-0.8185725212097168,1.4750914942851523e-06,8203,-13.426788330078125,6.329290390014648
count2-offset1,2,1,6,4,0.11420059204101562,1.0702491998672485,4.9388117986381985e-06,4721,-12.21838092803955,6.0071868896484375
count2-offset2,2,2,6,4,0.09622001647949219,1.0157607793807983,4.809924121218501e-06,4863,-12.244824409484863,6.09302282333374
count2-offset3,2,3,6,4,0.22952556610107422,-0.481295108795166,2.2949436697672354e-06,6821,-12.984800338745117,6.373473167419434
count4-offset0,4,0,6,4,0.16649723052978516,1.7428070306777954,1.2360559594526421e-05,3439,-11.300987243652344,6.248699188232422
count4-offset1,4,1,6,4,0.12463665008544922,2.232872724533081,1.7491831385996193e-05,2837,-10.95375919342041,6.2154130935668945
count4-offset2,4,2,6,4,0.16649723052978516,1.7428070306777954,1.2360559594526421e-05,3439,-11.300987243652344,6.248699188232422
count4-offset3,4,3,6,4,0.12463665008544922,2.232872724533081,1.749182956700679e-05,2837,-10.95375919342041,6.2154130935668945
count8,8,0,6,4,0.19072437286376953,3.2136874198913574,5.518415491678752e-05,1372,-9.804779052734375,6.269656181335449
count0,0,0,6,5,0.2573204040527344,-1.6884331703186035,2.2376190145223518e-07,11450,-15.31268310546875,5.190135478973389
count1-offset0,1,0,6,5,0.22848892211914062,-1.1685585975646973,3.7966927379784465e-07,10020,-14.783966064453125,5.300970554351807
count1-offset1,1,1,6,5,0.27191925048828125,0.6611002683639526,4.438862106326269e-06,5354,-12.32510757446289,6.412429332733154
count1-offset2,1,2,6,5,0.2707939147949219,0.6334635019302368,4.285795512259938e-06,5412,-12.360199928283691,6.443452835083008
count1-offset3,1,3,6,5,0.259246826171875,-1.0425995588302612,8.723380346964404e-07,9132,-13.952088356018066,6.0817670822143555
count2-offset0,2,0,6,5,0.19122791290283203,-0.6314600706100464,1.2338359738350846e-06,8171,-13.60538101196289,6.106125831604004
count2-offset1,2,1,6,5,0.2626991271972656,1.146904706954956,5.7294660109619144e-06,4341,-12.0698823928833,5.864490985870361
count2-offset2,2,2,6,5,0.2641019821166992,1.1217589378356934,5.6891631174949e-06,4418,-12.076942443847656,5.94884729385376
count2-offset3,2,3,6,5,0.1862354278564453,-0.21887880563735962,2.1977145934215514e-06,6567,-13.028090476989746,6.220511436462402
count4-offset0,4,0,6,5,0.1860637664794922,1.8126742839813232,1.2604795301740523e-05,3315,-11.281420707702637,6.099403381347656
count4-offset1,4,1,6,5,0.18587493896484375,2.234830856323242,1.859645090007689e-05,2717,-10.892520904541016,6.167638778686523
count4-offset2,4,2,6,5,0.1860637664794922,1.8126742839813232,1.260479348275112e-05,3315,-11.281420707702637,6.099403381347656
count4-offset3,4,3,6,5,0.18587493896484375,2.234830856323242,1.8596452719066292e-05,2717,-10.892520904541016,6.167638778686523
count8,8,0,6,5,0.10812091827392578,3.187941789627075,5.080919436295517e-05,1368,-9.887382507324219,6.122387886047363
count0,0,0,7,0,-0.35399532318115234,-1.0840121507644653,9.800232874113135e-07,7873,-13.835688591003418,5.985660076141357
count1-offset0,1,0,7,0,-0.7174510955810547,0.48771145939826965,4.879081643593963e-06,4455,-12.230548858642578,6.256787300109863
count1-offset1,1,1,7,0,-0.5380363464355469,0.35095828771591187,3.7841077755729202e-06,4971,-12.484697341918945,6.280158996582031
count1-offset2,1,2,7,0,-0.3629751205444336,-0.4031800925731659,2.3824316031095805e-06,6220,-12.947386741638184,6.182842254638672
count1-offset3,1,3,7,0,-0.3554191589355469,-0.02394723892211914,3.6530677789414767e-06,5607,-12.519939422607422,6.442957878112793
count2-offset0,2,0,7,0,-0.6336612701416016,0.8033182621002197,8.31489342090208e-06,3955,-11.697454452514648,6.488903999328613
count2-offset1,2,1,7,0,-0.5025615692138672,0.7708662152290344,5.764236448158044e-06,4291,-12.06383228302002,6.3482866287231445
count2-offset2,2,2,7,0,-0.4012870788574219,0.31056398153305054,5.188989689486334e-06,4784,-12.168966293334961,6.356351852416992
count2-offset3,2,3,7,0,-0.31268978118896484,0.2145581841468811,5.174636044102954e-06,5010,-12.171736717224121,6.496099472045898
count4-offset0,4,0,7,0,-0.47626209259033203,2.0070061683654785,2.691870031412691e-05,2184,-10.522663116455078,6.458919525146484
count4-offset1,4,1,7,0,-0.34349727630615234,1.8733783960342407,1.8824272046913393e-05,2568,-10.88034439086914,6.436836242675781
count4-offset2,4,2,7,0,-0.47626209259033203,2.0070061683654785,2.691870031412691e-05,2184,-10.522663116455078,6.458920001983643
count4-offset3,4,3,7,0,-0.34349727630615234,1.8733783960342407,1.8824273865902796e-05,2568,-10.88034439086914,6.436837196350098
count8,8,0,7,0,-0.1848163604736328,4.321583271026611,8.634138794150203e-05,780,-9.357114791870117,5.6335272789001465
count0,0,0,7,1,0.6306629180908203,0.05104449391365051,2.6234158667648444e-06,5915,-12.851030349731445,6.195492267608643
count1-offset0,1,0,7,1,0.10625457763671875,1.4666121006011963,1.1119011105620302e-05,3280,-11.406843185424805,6.357428550720215
count1-offset1,1,1,7,1,0.16214275360107422,1.1047286987304688,7.621585609740578e-06,3995,-11.784518241882324,6.422906875610352
count1-offset2,1,2,7,1,0.6313772201538086,0.6143158674240112,6.4396244852105156e-06,4401,-11.953034400939941,6.333359241485596
count1-offset3,1,3,7,1,0.5541019439697266,0.950542151927948,9.07101002667332e-06,4046,-11.610418319702148,6.5747199058532715
count2-offset0,2,0,7,1,0.17681503295898438,1.6617436408996582,1.8699816791922785e-05,2875,-10.886978149414062,6.625874042510986
count2-offset1,2,1,7,1,0.22951889038085938,1.5088932514190674,1.198609697894426e-05,3348,-11.331751823425293,6.516086578369141
count2-offset2,2,2,7,1,0.551849365234375,1.2823783159255981,1.3459258298098575e-05,3357,-11.215829849243164,6.500164031982422
count2-offset3,2,3,7,1,0.5039196014404297,1.0844824314117432,1.1709168575180229e-05,3692,-11.355127334594727,6.60360050201416
count4-offset0,4,0,7,1,0.25916004180908203,2.678426742553711,5.616050475509837e-05,1503,-9.787240982055664,6.608014106750488
count4-offset1,4,1,7,1,0.26837825775146484,2.4651408195495605,3.470925730653107e-05,2047,-10.268468856811523,6.601724624633789
count4-offset2,4,2,7,1,0.25916004180908203,2.678426742553711,5.616050475509837e-05,1503,-9.787240982055664,6.608014106750488
count4-offset3,4,3,7,1,0.26837825775146484,2.4651408195495605,3.470925730653107e-05,2047,-10.268468856811523,6.601724624633789
count8,8,0,7,1,0.19376754760742188,4.780956745147705,0.0001260721473954618,653,-8.978530883789062,5.746632099151611
count0,0,0,7,2,-0.04752159118652344,-1.0162744522094727,1.331483872490935e-06,7475,-13.529214859008789,6.09459924697876
count1-offset0,1,0,7,2,-0.4096231460571289,0.4554593861103058,6.637816568400012e-06,4238,-11.922720909118652,6.426832675933838
count1-offset1,1,1,7,2,-0.39337730407714844,0.1713864505290985,4.373081537778489e-06,5104,-12.340038299560547,6.438973903656006
count1-offset2,1,2,7,2,0.0454864501953125,-0.2809910178184509,3.584366822906304e-06,5502,-12.538925170898438,6.265523910522461
count1-offset3,1,3,7,2,-0.0008172988891601562,0.033491700887680054,5.207855792832561e-06,5103,-12.165337562561035,6.522999286651611
count2-offset0,2,0,7,2,-0.21280193328857422,0.9197854995727539,1.2665771464526188e-05,3522,-11.276595115661621,6.662710189819336
count2-offset1,2,1,7,2,-0.2532634735107422,0.6493275165557861,7.3962191891041584e-06,4221,-11.814534187316895,6.550745487213135
count2-offset2,2,2,7,2,-0.043671607971191406,0.3668338358402252,7.419805115205236e-06,4214,-11.81135082244873,6.436229228973389
count2-offset3,2,3,7,2,0.09975337982177734,0.36393237113952637,7.816288416506723e-06,4383,-11.759293556213379,6.586245536804199
count4-offset0,4,0,7,2,-0.024295806884765625,2.079413652420044,4.2299332562834024e-05,1847,-10.070696830749512,6.710180282592773
count4-offset1,4,1,7,2,0.07175254821777344,1.8435548543930054,2.8513806682894938e-05,2392,-10.465094566345215,6.778400421142578
count4-offset2,4,2,7,2,-0.024295806884765625,2.079413652420044,4.2299332562834024e-05,1847,-10.070696830749512,6.710180282592773
count4-offset3,4,3,7,2,0.07175254821777344,1.8435548543930054,2.8513806682894938e-05,2392,-10.465094566345215,6.778400421142578
count8,8,0,7,2,0.22254562377929688,4.440536022186279,0.00012975232675671577,660,-8.949752807617188,5.830348968505859
count0,0,0,7,3,0.02851581573486328,-1.084364652633667,1.4366753475769656e-06,7558,-13.453177452087402,6.154656410217285
count1-offset0,1,0,7,3,-0.13016700744628906,0.6181886196136475,8.777903531154152e-06,3896,-11.643264770507812,6.517108917236328
count1-offset1,1,1,7,3,0.1852741241455078,0.5795155763626099,7.799939339747652e-06,4270,-11.76138687133789,6.587495803833008
count1-offset2,1,2,7,3,0.0225830078125,-0.3768647313117981,3.5032062442041934e-06,5581,-12.56182861328125,6.262622833251953
count1-offset3,1,3,7,3,-0.0831136703491211,-0.12603610754013062,4.796428584086243e-06,5413,-12.247633934020996,6.590117931365967
count2-offset0,2,0,7,3,-0.08411216735839844,0.9769389629364014,1.4405222827917896e-05,3336,-11.147905349731445,6.686187267303467
count2-offset1,2,1,7,3,0.18105602264404297,0.965484619140625,1.1419070688134525e-05,3666,-11.38021469116211,6.664141654968262
count2-offset2,2,2,7,3,-0.037250518798828125,0.3257836401462555,7.467600426025456e-06,4251,-11.804929733276367,6.436895370483398
count2-offset3,2,3,7,3,-0.0398406982421875,0.15297511219978333,6.7979126470163465e-06,4715,-11.898887634277344,6.603887557983398
count4-offset0,4,0,7,3,0.06075572967529297,2.170846700668335,4.605420690495521e-05,1711,-9.985645294189453,6.602782249450684
count4-offset1,4,1,7,3,0.33959197998046875,2.079824447631836,3.727110015461221e-05,2067,-10.19725513458252,6.765311241149902
count4-offset2,4,2,7,3,0.06075572967529297,2.170846700668335,4.605420690495521e-05,1711,-9.985645294189453,6.602782249450684
count4-offset3,4,3,7,3,0.33959197998046875,2.079824447631836,3.727110015461221e-05,2067,-10.19725513458252,6.765310764312744
count8,8,0,7,3,0.2165546417236328,4.5532546043396,0.00012897742271889,645,-8.955743789672852,5.755203723907471
count0,0,0,7,4,0.21393966674804688,-1.3426330089569092,1.7293665450779372e-06,7119,-13.267753601074219,6.147902488708496
count1-offset0,1,0,7,4,0.04178142547607422,0.3676925301551819,1.0424756510474253e-05,3693,-11.47131633758545,6.579211235046387
count1-offset1,1,1,7,4,0.17266178131103516,0.3023439049720764,7.702178663748782e-06,4294,-11.773999214172363,6.610204696655273
count1-offset2,1,2,7,4,0.1545391082763672,-0.6631050109863281,3.997360636276426e-06,5197,-12.429872512817383,6.187011241912842
count1-offset3,1,3,7,4,0.08409976959228516,-0.38016262650489807,5.669404799846234e-06,5113,-12.08042049407959,6.591581344604492
count2-offset0,2,0,7,4,-0.011488914489746094,0.610482394695282,1.5490282748942263e-05,3293,-11.075282096862793,6.757408142089844
count2-offset1,2,1,7,4,0.11968326568603516,0.673521101474762,1.0739331628428772e-05,3754,-11.441587448120117,6.669431686401367
count2-offset2,2,2,7,4,0.07901191711425781,0.057216137647628784,8.388272362935822e-06,3971,-11.688667297363281,6.360039710998535
count2-offset3,2,3,7,4,0.02618694305419922,-0.18727430701255798,7.261917289724806e-06,4555,-11.832859992980957,6.593452453613281
count4-offset0,4,0,7,4,-0.1346120834350586,1.6595102548599243,3.788135290960781e-05,1906,-10.181013107299805,6.612695693969727
count4-offset1,4,1,7,4,-0.030060768127441406,1.5918583869934082,2.5753663067007437e-05,2493,-10.56690788269043,6.766359329223633
count4-offset2,4,2,7,4,-0.1346120834350586,1.6595102548599243,3.788135290960781e-05,1906,-10.181013107299805,6.612695693969727
count4-offset3,4,3,7,4,-0.030060768127441406,1.5918583869934082,2.5753663067007437e-05,2493,-10.56690788269043,6.766359329223633
count8,8,0,7,4,0.10255050659179688,4.315432071685791,0.00011508222087286413,697,-9.069747924804688,5.775273323059082
count0,0,0,7,5,0.3043184280395508,-1.044814109802246,1.8929442830994958e-06,6328,-13.177374839782715,6.0002522468566895
count1-offset0,1,0,7,5,0.25191497802734375,0.7414861917495728,1.2862482435593847e-05,3139,-11.26118278503418,6.465790271759033
count1-offset1,1,1,7,5,0.3226957321166992,0.5000506639480591,8.948945833253674e-06,3651,-11.6239652633667,6.464496612548828
count1-offset2,1,2,7,5,0.24451732635498047,-0.34133297204971313,4.373710908112116e-06,4686,-12.33989429473877,6.048245429992676
count1-offset3,1,3,7,5,0.27201271057128906,-0.027251482009887695,6.841425602033269e-06,4351,-11.892507553100586,6.461269855499268
count2-offset0,2,0,7,5,0.19330596923828125,0.986144483089447,1.9010756659554318e-05,2797,-10.870487213134766,6.630463600158691
count2-offset1,2,1,7,5,0.30196571350097656,0.8856195211410522,1.2886667718703393e-05,3196,-11.259305000305176,6.526731967926025
count2-offset2,2,2,7,5,0.19812583923339844,0.3994617462158203,9.44937073654728e-06,3512,-11.56955337524414,6.2314863204956055
count2-offset3,2,3,7,5,0.2415609359741211,0.20698794722557068,9.007122571347281e-06,3924,-11.617486000061035,6.4908857345581055
count4-offset0,4,0,7,5,0.053572654724121094,2.0698180198669434,4.5724624214926735e-05,1578,-9.992828369140625,6.423029899597168
count4-offset1,4,1,7,5,0.24041175842285156,1.8786003589630127,3.375205415068194e-05,1993,-10.296435356140137,6.6011223793029785
count4-offset2,4,2,7,5,0.053572654724121094,2.0698180198669434,4.5724624214926735e-05,1578,-9.992828369140625,6.423029899597168
count4-offset3,4,3,7,5,0.24041175842285156,1.8786003589630127,3.375205415068194e-05,1993,-10.296435356140137,6.601122856140137
count8,8,0,7,5,0.20975875854492188,4.5375566482543945,0.00012810403131879866,591,-8.962539672851562,5.508108139038086
