held_out_family,feature,auroc,average_precision,balanced_accuracy,score_gap,finite,active_features,shuffled_auroc_mean,shuffled_auroc_max
physical,input_bow,0.513125,0.561671150114165,0.45,0.028694934457916266,True,3362,0.5221250000000001,0.653125
physical,d5:fold:root,0.523125,0.5391201610769338,0.5125,0.08396567196494376,True,640,0.46624999999999994,0.640625
physical,d5:fold:middle,0.5025,0.4915241115477997,0.55,0.06727303010381502,True,640,0.46775,0.65625
physical,d5:fold:leaf,0.479375,0.48165887365562154,0.4625,-0.020293829983795697,True,640,0.458,0.59875
physical,d5:read_facing:root,0.59875,0.5558721529780849,0.575,0.20835098945648922,True,640,0.45875000000000005,0.568125
physical,d5:read_facing:middle,0.626875,0.629336627000925,0.5625,0.30184211528652494,True,640,0.469375,0.674375
physical,d5:read_facing:leaf,0.479375,0.48165887365562154,0.4625,-0.020293829983795697,True,640,0.458,0.59875
physical,d6:fold:root,0.53625,0.5273368160186529,0.55,0.065197950993236,True,640,0.47337500000000005,0.621875
physical,d6:fold:middle,0.523125,0.5537286797489196,0.55,0.0279040343625393,True,640,0.47662499999999997,0.624375
physical,d6:fold:leaf,0.513125,0.5621648140511194,0.5125,0.022321661716733554,True,640,0.46762499999999996,0.594375
physical,d6:read_facing:root,0.576875,0.5904004180790532,0.575,0.1600286070459317,True,640,0.41175000000000006,0.561875
physical,d6:read_facing:middle,0.535625,0.5841511970871915,0.5125,0.12372128295894858,True,640,0.491875,0.578125
physical,d6:read_facing:leaf,0.513125,0.5621648140511194,0.5125,0.022321661716733554,True,640,0.46762499999999996,0.594375
physical,d7:fold:root,0.493125,0.5119618928607329,0.525,0.01224215295378428,True,640,0.507375,0.62
physical,d7:fold:middle,0.491875,0.5135124021679648,0.5,0.03244313842088031,True,640,0.522125,0.62375
physical,d7:fold:leaf,0.495,0.5200206734468733,0.5125,0.027524874668257482,True,640,0.520875,0.630625
physical,d7:read_facing:root,0.529375,0.4885487786299484,0.575,0.020287557939307144,True,640,0.5085,0.63375
physical,d7:read_facing:middle,0.5,0.5375407013674256,0.5125,-0.010353505883005876,True,640,0.5261250000000001,0.62625
physical,d7:read_facing:leaf,0.495,0.5200206734468733,0.5125,0.027524874668257482,True,640,0.520875,0.630625
technical,input_bow,0.42,0.4399628049447795,0.44999999999999996,-0.03379710544068637,True,3449,0.48450000000000004,0.590625
technical,d5:fold:root,0.39,0.4409971604098031,0.4,-0.1846481381410705,True,640,0.48575,0.5675
technical,d5:fold:middle,0.375625,0.43492434447274436,0.42500000000000004,-0.2200012189556396,True,640,0.478125,0.544375
technical,d5:fold:leaf,0.406875,0.44361368884111985,0.4625,-0.15675644281369042,True,640,0.44275000000000003,0.525625
technical,d5:read_facing:root,0.3525,0.42945628719071083,0.375,-0.2624382580000215,True,640,0.44525,0.56875
technical,d5:read_facing:middle,0.386875,0.4852452408401103,0.3875,-0.17474873818159728,True,640,0.48575,0.5875
technical,d5:read_facing:leaf,0.406875,0.44361368884111985,0.4625,-0.15675644281369042,True,640,0.44275000000000003,0.525625
technical,d6:fold:root,0.420625,0.4608536812205547,0.425,-0.1127457981396163,True,640,0.47062500000000007,0.56875
technical,d6:fold:middle,0.4175,0.4504281317625748,0.45,-0.14649218506850542,True,640,0.4522500000000001,0.550625
technical,d6:fold:leaf,0.46125,0.47202419979451343,0.4625,-0.09723955574491894,True,640,0.44749999999999995,0.554375
technical,d6:read_facing:root,0.465625,0.5022103625832245,0.46249999999999997,-0.006754490045401684,True,640,0.4925,0.6925
technical,d6:read_facing:middle,0.41,0.4672435900823112,0.4625,-0.1623957239806693,True,640,0.47787499999999994,0.603125
technical,d6:read_facing:leaf,0.46125,0.47202419979451343,0.4625,-0.09723955574491894,True,640,0.44749999999999995,0.554375
technical,d7:fold:root,0.405,0.5111552930918968,0.45,-0.15262935441672942,True,640,0.468875,0.538125
technical,d7:fold:middle,0.408125,0.4933200924856753,0.375,-0.15719691367949867,True,640,0.460375,0.523125
technical,d7:fold:leaf,0.398125,0.4580020477820108,0.475,-0.21443004108847913,True,640,0.4615,0.530625
technical,d7:read_facing:root,0.419375,0.45216701203133525,0.4625,-0.19814574798186094,True,640,0.49087500000000006,0.5525
technical,d7:read_facing:middle,0.44375,0.4850092999400443,0.44999999999999996,-0.17213989525980666,True,640,0.49474999999999997,0.598125
technical,d7:read_facing:leaf,0.398125,0.4580020477820108,0.475,-0.21443004108847913,True,640,0.4615,0.530625
abstract,input_bow,0.59125,0.5907964429717003,0.5874999999999999,0.02358286192603254,True,3328,0.457625,0.553125
abstract,d5:fold:root,0.54875,0.6113975629465396,0.55,0.0969854322928404,True,640,0.45875000000000005,0.485625
abstract,d5:fold:middle,0.555625,0.62030525921528,0.55,0.09660622777661726,True,640,0.45899999999999996,0.480625
abstract,d5:fold:leaf,0.516875,0.5658890359006661,0.525,-0.006270921133823049,True,640,0.46175000000000005,0.505
abstract,d5:read_facing:root,0.62875,0.6329029335178855,0.6125,0.226413734917289,True,640,0.44725000000000004,0.486875
abstract,d5:read_facing:middle,0.556875,0.5659080707188628,0.4875,0.17084972804213439,True,640,0.46475,0.56
abstract,d5:read_facing:leaf,0.516875,0.5658890359006661,0.525,-0.006270921133823049,True,640,0.46175000000000005,0.505
abstract,d6:fold:root,0.5525,0.5873644417333874,0.5375,0.11232796483210239,True,640,0.45199999999999996,0.46375
abstract,d6:fold:middle,0.5525,0.5867571695457798,0.55,0.10128764692921724,True,640,0.45737500000000003,0.48875
abstract,d6:fold:leaf,0.544375,0.6066401169961748,0.5375,0.09922549276085332,True,640,0.45875000000000005,0.508125
abstract,d6:read_facing:root,0.575625,0.6120534536976925,0.575,0.1697654911657126,True,640,0.469,0.51375
abstract,d6:read_facing:middle,0.49125,0.539762342506252,0.5,-0.006490945475087884,True,640,0.49474999999999997,0.550625
abstract,d6:read_facing:leaf,0.544375,0.6066401169961748,0.5375,0.09922549276085332,True,640,0.45875000000000005,0.508125
abstract,d7:fold:root,0.54875,0.6242611618716079,0.55,0.08136772499442346,True,640,0.47450000000000003,0.52
abstract,d7:fold:middle,0.485,0.5521620663240371,0.525,-0.05363146502092342,True,640,0.48587499999999995,0.519375
abstract,d7:fold:leaf,0.474375,0.5519847840211198,0.5,-0.04401828757339471,True,640,0.4955000000000001,0.52875
abstract,d7:read_facing:root,0.555,0.5841105059316657,0.5625,0.11049517382826679,True,640,0.507625,0.635
abstract,d7:read_facing:middle,0.57875,0.5911118238637565,0.5874999999999999,0.19084272362385546,True,640,0.487125,0.568125
abstract,d7:read_facing:leaf,0.474375,0.5519847840211198,0.5,-0.04401828757339471,True,640,0.4955000000000001,0.52875
press,input_bow,0.5275,0.5602173039632048,0.5,0.018306559450065985,True,3361,0.502,0.583125
press,d5:fold:root,0.43375,0.4941076861563004,0.4375,-0.06780350165692678,True,640,0.485375,0.5775
press,d5:fold:middle,0.399375,0.44980172523947176,0.4,-0.1380645375756589,True,640,0.48987500000000006,0.593125
press,d5:fold:leaf,0.465625,0.46788928155813914,0.4875,-0.05111538706472024,True,640,0.47887499999999994,0.584375
press,d5:read_facing:root,0.560625,0.5568584714383197,0.5375,0.112083776353962,True,640,0.46299999999999997,0.520625
press,d5:read_facing:middle,0.505625,0.5627038057775804,0.5,0.03701908085276634,True,640,0.504875,0.57
press,d5:read_facing:leaf,0.465625,0.46788928155813914,0.4875,-0.05111538706472024,True,640,0.47887499999999994,0.584375
press,d6:fold:root,0.5575,0.6178449888507125,0.5125,0.13391681469777322,True,640,0.47162499999999996,0.565
press,d6:fold:middle,0.5725,0.6037341349519542,0.5375000000000001,0.1291561364823377,True,640,0.46275000000000005,0.540625
press,d6:fold:leaf,0.566875,0.5816504271365222,0.5625,0.12182100781859273,True,640,0.468625,0.520625
press,d6:read_facing:root,0.58,0.5727063876746481,0.5375,0.1313319233303336,True,640,0.43724999999999997,0.454375
press,d6:read_facing:middle,0.52625,0.5375269861952617,0.525,0.06045528141235418,True,640,0.5025,0.561875
press,d6:read_facing:leaf,0.566875,0.5816504271365222,0.5625,0.12182100781859273,True,640,0.468625,0.520625
press,d7:fold:root,0.596875,0.6726331047829024,0.575,0.20359021166654473,True,640,0.45437500000000003,0.500625
press,d7:fold:middle,0.615625,0.6456258342733884,0.5625,0.20335721158147213,True,640,0.4645,0.52125
press,d7:fold:leaf,0.618125,0.6532244468654742,0.55,0.21452197098781128,True,640,0.46624999999999994,0.5225
press,d7:read_facing:root,0.626875,0.6408715550491808,0.6125,0.34919538735410444,True,640,0.425625,0.48875
press,d7:read_facing:middle,0.59875,0.608509432641014,0.575,0.21247846009608234,True,640,0.45725,0.523125
press,d7:read_facing:leaf,0.618125,0.6532244468654742,0.55,0.21452197098781128,True,640,0.46624999999999994,0.5225
force,input_bow,0.549375,0.5211895718205943,0.525,0.02391445068439435,True,3301,0.462,0.495
force,d5:fold:root,0.58375,0.6016050182664568,0.6000000000000001,0.18768149447783233,True,640,0.493375,0.590625
force,d5:fold:middle,0.6125,0.6361809888672803,0.5875,0.2350017242803174,True,640,0.48150000000000004,0.5875
force,d5:fold:leaf,0.561875,0.6211640812661378,0.5625,0.15437581586461346,True,640,0.47687500000000005,0.545
force,d5:read_facing:root,0.606875,0.6146362278093109,0.5375,0.26752880671648316,True,640,0.458125,0.631875
force,d5:read_facing:middle,0.596875,0.6460674697957133,0.55,0.20733150776525078,True,640,0.4925,0.57
force,d5:read_facing:leaf,0.561875,0.6211640812661378,0.5625,0.15437581586461346,True,640,0.47687500000000005,0.545
force,d6:fold:root,0.540625,0.5504019920266068,0.525,0.05919650350547023,True,640,0.509,0.611875
force,d6:fold:middle,0.545625,0.5734901960654964,0.5625,0.07882441608955315,True,640,0.499125,0.596875
force,d6:fold:leaf,0.526875,0.5361295117176279,0.5375,0.04499174334946343,True,640,0.4995,0.586875
force,d6:read_facing:root,0.530625,0.5775631371003598,0.5,0.060077985532663414,True,640,0.43425,0.508125
force,d6:read_facing:middle,0.5425,0.5819970091734789,0.525,0.10316547167084134,True,640,0.47462499999999996,0.551875
force,d6:read_facing:leaf,0.526875,0.5361295117176279,0.5375,0.04499174334946343,True,640,0.4995,0.586875
force,d7:fold:root,0.51,0.5245411855089088,0.5249999999999999,-0.002913306286549844,True,640,0.492875,0.57125
force,d7:fold:middle,0.510625,0.5180819215653585,0.525,0.018607251192983232,True,640,0.48949999999999994,0.58625
force,d7:fold:leaf,0.49125,0.5135073997285853,0.475,-0.021649455558644837,True,640,0.496875,0.6175
force,d7:read_facing:root,0.45,0.46040956610328704,0.5125,-0.09620622117559074,True,640,0.48637499999999995,0.60375
force,d7:read_facing:middle,0.4925,0.5508084595224629,0.475,0.012265480188748623,True,640,0.4603750000000001,0.52875
force,d7:read_facing:leaf,0.49125,0.5135073997285853,0.475,-0.021649455558644837,True,640,0.496875,0.6175
other_tui,input_bow,0.55875,0.5414633466749365,0.5625,0.01898782715854841,True,3295,0.484375,0.581875
other_tui,d5:fold:root,0.626875,0.616972823099422,0.5875,0.307469277337135,True,640,0.48274999999999996,0.545625
other_tui,d5:fold:middle,0.621875,0.6030880116190465,0.6000000000000001,0.29932917791052194,True,640,0.47862499999999997,0.551875
other_tui,d5:fold:leaf,0.59875,0.5869337111664577,0.6000000000000001,0.23948171147761074,True,640,0.471375,0.540625
other_tui,d5:read_facing:root,0.650625,0.5958159194886337,0.575,0.4132599922750886,True,640,0.502625,0.5825
other_tui,d5:read_facing:middle,0.6025,0.5657182746367774,0.55,0.2243984198662698,True,640,0.46825,0.591875
other_tui,d5:read_facing:leaf,0.59875,0.5869337111664577,0.6000000000000001,0.23948171147761074,True,640,0.471375,0.540625
other_tui,d6:fold:root,0.67125,0.6664105047187896,0.6625,0.3727962052624167,True,640,0.47750000000000004,0.560625
other_tui,d6:fold:middle,0.706875,0.6802280182631979,0.6625,0.4043671298115077,True,640,0.461625,0.5625
other_tui,d6:fold:leaf,0.675,0.6891443929349046,0.6375,0.345716587782264,True,640,0.46075,0.56125
other_tui,d6:read_facing:root,0.74125,0.7109794786848862,0.675,0.5723730786847555,True,640,0.501,0.583125
other_tui,d6:read_facing:middle,0.680625,0.6770594673503976,0.625,0.41040648138001323,True,640,0.48287500000000005,0.5325
other_tui,d6:read_facing:leaf,0.675,0.6891443929349046,0.6375,0.345716587782264,True,640,0.46075,0.56125
other_tui,d7:fold:root,0.673125,0.6745212015573453,0.5875,0.35204123295078454,True,640,0.45575,0.543125
other_tui,d7:fold:middle,0.6875,0.6941283454109526,0.6375,0.4112466791780212,True,640,0.43975,0.53125
other_tui,d7:fold:leaf,0.64,0.6424477990853407,0.6375,0.3348745355485838,True,640,0.46125,0.553125
other_tui,d7:read_facing:root,0.68625,0.6792753484864354,0.65,0.49473688708694247,True,640,0.4607500000000001,0.51875
other_tui,d7:read_facing:middle,0.6875,0.6721268790282412,0.5875,0.4108802554992078,True,640,0.455875,0.51375
other_tui,d7:read_facing:leaf,0.64,0.6424477990853407,0.6375,0.3348745355485838,True,640,0.46125,0.553125
