2026/09/08 07:21:02.147, NVIDIA GeForce RTX 3090, P8, 270.00 W, 41.45 W, 46, 1 MiB, 24576 MiB, 0 %
2026/09/08 07:21:12.156, NVIDIA GeForce RTX 3090, P2, 270.00 W, 175.40 W, 64, 2878 MiB, 24576 MiB, 28 %
2026/09/08 07:21:22.157, NVIDIA GeForce RTX 3090, P2, 270.00 W, 175.82 W, 64, 2878 MiB, 24576 MiB, 15 %
2026/09/08 07:21:32.158, NVIDIA GeForce RTX 3090, P2, 270.00 W, 166.87 W, 64, 2880 MiB, 24576 MiB, 29 %
2026/09/08 07:21:42.160, NVIDIA GeForce RTX 3090, P2, 270.00 W, 166.89 W, 64, 2880 MiB, 24576 MiB, 25 %
2026/09/08 07:21:52.161, NVIDIA GeForce RTX 3090, P2, 270.00 W, 180.77 W, 66, 2880 MiB, 24576 MiB, 30 %
2026/09/08 07:22:02.162, NVIDIA GeForce RTX 3090, P2, 270.00 W, 175.57 W, 66, 2880 MiB, 24576 MiB, 20 %
2026/09/08 07:22:12.163, NVIDIA GeForce RTX 3090, P2, 270.00 W, 169.71 W, 66, 2880 MiB, 24576 MiB, 21 %
2026/09/08 07:22:22.164, NVIDIA GeForce RTX 3090, P2, 270.00 W, 168.13 W, 66, 2880 MiB, 24576 MiB, 27 %
2026/09/08 07:22:32.166, NVIDIA GeForce RTX 3090, P2, 270.00 W, 186.38 W, 68, 6086 MiB, 24576 MiB, 38 %
2026/09/08 07:22:42.167, NVIDIA GeForce RTX 3090, P2, 270.00 W, 193.02 W, 68, 6086 MiB, 24576 MiB, 21 %
2026/09/08 07:22:52.168, NVIDIA GeForce RTX 3090, P2, 270.00 W, 175.93 W, 68, 6086 MiB, 24576 MiB, 32 %
2026/09/08 07:23:02.170, NVIDIA GeForce RTX 3090, P2, 270.00 W, 176.43 W, 66, 6086 MiB, 24576 MiB, 2 %
2026/09/08 07:23:12.171, NVIDIA GeForce RTX 3090, P2, 270.00 W, 190.66 W, 69, 6086 MiB, 24576 MiB, 36 %
2026/09/08 07:23:22.172, NVIDIA GeForce RTX 3090, P2, 270.00 W, 193.80 W, 69, 6086 MiB, 24576 MiB, 18 %
2026/09/08 07:23:32.173, NVIDIA GeForce RTX 3090, P2, 270.00 W, 166.56 W, 67, 6086 MiB, 24576 MiB, 0 %
2026/09/08 07:23:42.174, NVIDIA GeForce RTX 3090, P2, 270.00 W, 176.20 W, 67, 6086 MiB, 24576 MiB, 8 %
2026/09/08 07:23:52.176, NVIDIA GeForce RTX 3090, P2, 270.00 W, 187.20 W, 68, 6086 MiB, 24576 MiB, 37 %
2026/09/08 07:24:02.177, NVIDIA GeForce RTX 3090, P2, 270.00 W, 193.77 W, 69, 6086 MiB, 24576 MiB, 32 %
2026/09/08 07:24:12.178, NVIDIA GeForce RTX 3090, P2, 270.00 W, 171.33 W, 68, 6086 MiB, 24576 MiB, 0 %
2026/09/08 07:24:22.179, NVIDIA GeForce RTX 3090, P2, 270.00 W, 185.38 W, 69, 6086 MiB, 24576 MiB, 18 %
2026/09/08 07:24:32.181, NVIDIA GeForce RTX 3090, P2, 270.00 W, 188.94 W, 69, 6086 MiB, 24576 MiB, 32 %
2026/09/08 07:24:42.182, NVIDIA GeForce RTX 3090, P2, 270.00 W, 185.95 W, 69, 6086 MiB, 24576 MiB, 25 %
2026/09/08 07:24:52.183, NVIDIA GeForce RTX 3090, P2, 270.00 W, 177.97 W, 67, 6086 MiB, 24576 MiB, 21 %
2026/09/08 07:25:02.184, NVIDIA GeForce RTX 3090, P2, 270.00 W, 186.74 W, 68, 6086 MiB, 24576 MiB, 34 %
2026/09/08 07:25:12.185, NVIDIA GeForce RTX 3090, P2, 270.00 W, 192.68 W, 69, 6086 MiB, 24576 MiB, 37 %
2026/09/08 07:25:22.187, NVIDIA GeForce RTX 3090, P2, 270.00 W, 178.33 W, 69, 6086 MiB, 24576 MiB, 38 %
2026/09/08 07:25:32.188, NVIDIA GeForce RTX 3090, P2, 270.00 W, 179.71 W, 67, 6086 MiB, 24576 MiB, 0 %
2026/09/08 07:25:42.189, NVIDIA GeForce RTX 3090, P2, 270.00 W, 191.12 W, 69, 6086 MiB, 24576 MiB, 39 %
2026/09/08 07:25:52.190, NVIDIA GeForce RTX 3090, P2, 270.00 W, 183.48 W, 69, 6086 MiB, 24576 MiB, 36 %
2026/09/08 07:26:02.192, NVIDIA GeForce RTX 3090, P2, 270.00 W, 167.02 W, 67, 6086 MiB, 24576 MiB, 0 %
2026/09/08 07:26:12.193, NVIDIA GeForce RTX 3090, P2, 270.00 W, 189.05 W, 70, 6086 MiB, 24576 MiB, 32 %
2026/09/08 07:26:22.194, NVIDIA GeForce RTX 3090, P2, 270.00 W, 194.33 W, 70, 6086 MiB, 24576 MiB, 11 %
2026/09/08 07:26:32.195, NVIDIA GeForce RTX 3090, P2, 270.00 W, 172.04 W, 69, 6086 MiB, 24576 MiB, 0 %
2026/09/08 07:26:42.196, NVIDIA GeForce RTX 3090, P2, 270.00 W, 187.34 W, 68, 6086 MiB, 24576 MiB, 4 %
2026/09/08 07:26:52.198, NVIDIA GeForce RTX 3090, P2, 270.00 W, 189.56 W, 69, 6086 MiB, 24576 MiB, 31 %
2026/09/08 07:27:02.199, NVIDIA GeForce RTX 3090, P2, 270.00 W, 192.49 W, 70, 6086 MiB, 24576 MiB, 39 %
2026/09/08 07:27:12.200, NVIDIA GeForce RTX 3090, P2, 270.00 W, 163.56 W, 68, 6086 MiB, 24576 MiB, 1 %
2026/09/08 07:27:22.201, NVIDIA GeForce RTX 3090, P2, 270.00 W, 188.40 W, 70, 6086 MiB, 24576 MiB, 36 %
2026/09/08 07:27:32.203, NVIDIA GeForce RTX 3090, P2, 270.00 W, 197.61 W, 70, 6086 MiB, 24576 MiB, 20 %
2026/09/08 07:27:42.204, NVIDIA GeForce RTX 3090, P2, 270.00 W, 164.16 W, 69, 6086 MiB, 24576 MiB, 7 %
2026/09/08 07:27:52.205, NVIDIA GeForce RTX 3090, P2, 270.00 W, 177.88 W, 68, 6086 MiB, 24576 MiB, 5 %
2026/09/08 07:28:02.207, NVIDIA GeForce RTX 3090, P2, 270.00 W, 192.64 W, 71, 6086 MiB, 24576 MiB, 39 %
2026/09/08 07:28:12.208, NVIDIA GeForce RTX 3090, P2, 270.00 W, 197.54 W, 70, 6086 MiB, 24576 MiB, 33 %
2026/09/08 07:28:22.209, NVIDIA GeForce RTX 3090, P2, 270.00 W, 176.14 W, 70, 6086 MiB, 24576 MiB, 0 %
2026/09/08 07:28:32.210, NVIDIA GeForce RTX 3090, P2, 270.00 W, 180.57 W, 68, 6086 MiB, 24576 MiB, 17 %
2026/09/08 07:28:42.212, NVIDIA GeForce RTX 3090, P2, 270.00 W, 190.62 W, 71, 6086 MiB, 24576 MiB, 33 %
2026/09/08 07:28:52.213, NVIDIA GeForce RTX 3090, P2, 270.00 W, 196.24 W, 70, 6086 MiB, 24576 MiB, 32 %
2026/09/08 07:29:02.214, NVIDIA GeForce RTX 3090, P2, 270.00 W, 183.95 W, 70, 6086 MiB, 24576 MiB, 31 %
2026/09/08 07:29:12.216, NVIDIA GeForce RTX 3090, P2, 270.00 W, 182.84 W, 68, 6086 MiB, 24576 MiB, 29 %
2026/09/08 07:29:22.217, NVIDIA GeForce RTX 3090, P2, 270.00 W, 189.65 W, 70, 6086 MiB, 24576 MiB, 32 %
2026/09/08 07:29:32.218, NVIDIA GeForce RTX 3090, P2, 270.00 W, 194.49 W, 70, 6086 MiB, 24576 MiB, 32 %
2026/09/08 07:29:42.219, NVIDIA GeForce RTX 3090, P2, 270.00 W, 194.07 W, 70, 6086 MiB, 24576 MiB, 34 %
2026/09/08 07:29:52.221, NVIDIA GeForce RTX 3090, P2, 270.00 W, 178.34 W, 70, 6086 MiB, 24576 MiB, 38 %
2026/09/08 07:30:02.222, NVIDIA GeForce RTX 3090, P2, 270.00 W, 177.25 W, 68, 6086 MiB, 24576 MiB, 7 %
2026/09/08 07:30:12.223, NVIDIA GeForce RTX 3090, P2, 270.00 W, 189.58 W, 71, 6086 MiB, 24576 MiB, 1 %
2026/09/08 07:30:22.224, NVIDIA GeForce RTX 3090, P2, 270.00 W, 196.96 W, 71, 6086 MiB, 24576 MiB, 38 %
2026/09/08 07:30:32.226, NVIDIA GeForce RTX 3090, P2, 270.00 W, 172.24 W, 70, 6086 MiB, 24576 MiB, 38 %
2026/09/08 07:30:42.227, NVIDIA GeForce RTX 3090, P2, 270.00 W, 186.05 W, 69, 6086 MiB, 24576 MiB, 32 %
2026/09/08 07:30:52.228, NVIDIA GeForce RTX 3090, P2, 270.00 W, 191.66 W, 71, 6086 MiB, 24576 MiB, 35 %
2026/09/08 07:31:02.229, NVIDIA GeForce RTX 3090, P2, 270.00 W, 198.53 W, 70, 6086 MiB, 24576 MiB, 28 %
2026/09/08 07:31:12.230, NVIDIA GeForce RTX 3090, P2, 270.00 W, 186.54 W, 70, 6086 MiB, 24576 MiB, 25 %
2026/09/08 07:31:22.232, NVIDIA GeForce RTX 3090, P2, 270.00 W, 172.50 W, 68, 6086 MiB, 24576 MiB, 3 %
2026/09/08 07:31:32.233, NVIDIA GeForce RTX 3090, P2, 270.00 W, 191.37 W, 71, 6086 MiB, 24576 MiB, 9 %
2026/09/08 07:31:42.234, NVIDIA GeForce RTX 3090, P2, 270.00 W, 196.10 W, 71, 6086 MiB, 24576 MiB, 37 %
2026/09/08 07:31:52.235, NVIDIA GeForce RTX 3090, P2, 270.00 W, 186.49 W, 70, 6086 MiB, 24576 MiB, 25 %
2026/09/08 07:32:02.237, NVIDIA GeForce RTX 3090, P2, 270.00 W, 177.51 W, 68, 6086 MiB, 24576 MiB, 7 %
2026/09/08 07:32:12.238, NVIDIA GeForce RTX 3090, P2, 270.00 W, 193.46 W, 71, 6086 MiB, 24576 MiB, 25 %
2026/09/08 07:32:22.239, NVIDIA GeForce RTX 3090, P2, 270.00 W, 197.72 W, 71, 6086 MiB, 24576 MiB, 35 %
2026/09/08 07:32:32.240, NVIDIA GeForce RTX 3090, P2, 270.00 W, 185.83 W, 70, 6086 MiB, 24576 MiB, 32 %
2026/09/08 07:32:42.241, NVIDIA GeForce RTX 3090, P2, 270.00 W, 183.64 W, 70, 6086 MiB, 24576 MiB, 36 %
2026/09/08 07:32:52.243, NVIDIA GeForce RTX 3090, P2, 270.00 W, 175.78 W, 69, 6086 MiB, 24576 MiB, 2 %
2026/09/08 07:33:02.244, NVIDIA GeForce RTX 3090, P2, 270.00 W, 173.14 W, 68, 6086 MiB, 24576 MiB, 8 %
2026/09/08 07:33:12.245, NVIDIA GeForce RTX 3090, P2, 270.00 W, 175.31 W, 70, 6086 MiB, 24576 MiB, 39 %
2026/09/08 07:33:22.246, NVIDIA GeForce RTX 3090, P2, 270.00 W, 183.95 W, 69, 6086 MiB, 24576 MiB, 32 %
2026/09/08 07:33:32.248, NVIDIA GeForce RTX 3090, P2, 270.00 W, 191.70 W, 70, 6086 MiB, 24576 MiB, 19 %
2026/09/08 07:33:42.249, NVIDIA GeForce RTX 3090, P2, 270.00 W, 197.45 W, 70, 6086 MiB, 24576 MiB, 40 %
2026/09/08 07:33:52.250, NVIDIA GeForce RTX 3090, P2, 270.00 W, 173.47 W, 70, 6086 MiB, 24576 MiB, 38 %
2026/09/08 07:34:02.251, NVIDIA GeForce RTX 3090, P2, 270.00 W, 189.26 W, 69, 6086 MiB, 24576 MiB, 39 %
2026/09/08 07:34:12.252, NVIDIA GeForce RTX 3090, P2, 270.00 W, 191.15 W, 70, 6086 MiB, 24576 MiB, 34 %
2026/09/08 07:34:22.254, NVIDIA GeForce RTX 3090, P2, 270.00 W, 197.50 W, 71, 6086 MiB, 24576 MiB, 37 %
2026/09/08 07:34:32.255, NVIDIA GeForce RTX 3090, P2, 270.00 W, 169.69 W, 70, 6086 MiB, 24576 MiB, 11 %
2026/09/08 07:34:42.256, NVIDIA GeForce RTX 3090, P2, 270.00 W, 189.95 W, 70, 6086 MiB, 24576 MiB, 39 %
2026/09/08 07:34:52.258, NVIDIA GeForce RTX 3090, P2, 270.00 W, 196.54 W, 71, 6086 MiB, 24576 MiB, 37 %
2026/09/08 07:35:02.259, NVIDIA GeForce RTX 3090, P2, 270.00 W, 174.41 W, 70, 6086 MiB, 24576 MiB, 36 %
2026/09/08 07:35:12.260, NVIDIA GeForce RTX 3090, P2, 270.00 W, 187.09 W, 69, 6086 MiB, 24576 MiB, 34 %
2026/09/08 07:35:22.261, NVIDIA GeForce RTX 3090, P2, 270.00 W, 189.93 W, 69, 6086 MiB, 24576 MiB, 0 %
2026/09/08 07:35:32.262, NVIDIA GeForce RTX 3090, P2, 270.00 W, 190.04 W, 70, 6086 MiB, 24576 MiB, 40 %
2026/09/08 07:35:42.264, NVIDIA GeForce RTX 3090, P2, 270.00 W, 191.05 W, 70, 6086 MiB, 24576 MiB, 34 %
2026/09/08 07:35:52.265, NVIDIA GeForce RTX 3090, P2, 270.00 W, 195.35 W, 71, 6086 MiB, 24576 MiB, 39 %
2026/09/08 07:36:02.266, NVIDIA GeForce RTX 3090, P2, 270.00 W, 176.45 W, 71, 6086 MiB, 24576 MiB, 40 %
2026/09/08 07:36:12.267, NVIDIA GeForce RTX 3090, P2, 270.00 W, 183.23 W, 69, 6086 MiB, 24576 MiB, 24 %
2026/09/08 07:36:22.269, NVIDIA GeForce RTX 3090, P2, 270.00 W, 192.27 W, 71, 6086 MiB, 24576 MiB, 6 %
2026/09/08 07:36:32.270, NVIDIA GeForce RTX 3090, P2, 270.00 W, 198.13 W, 71, 6086 MiB, 24576 MiB, 33 %
2026/09/08 07:36:42.271, NVIDIA GeForce RTX 3090, P2, 270.00 W, 187.66 W, 70, 6086 MiB, 24576 MiB, 22 %
2026/09/08 07:36:52.272, NVIDIA GeForce RTX 3090, P2, 270.00 W, 171.02 W, 68, 6086 MiB, 24576 MiB, 0 %
2026/09/08 07:37:02.274, NVIDIA GeForce RTX 3090, P2, 270.00 W, 186.28 W, 69, 6086 MiB, 24576 MiB, 39 %
2026/09/08 07:37:12.275, NVIDIA GeForce RTX 3090, P2, 270.00 W, 193.00 W, 70, 6086 MiB, 24576 MiB, 35 %
2026/09/08 07:37:22.276, NVIDIA GeForce RTX 3090, P2, 270.00 W, 200.36 W, 71, 6086 MiB, 24576 MiB, 34 %
2026/09/08 07:37:32.277, NVIDIA GeForce RTX 3090, P2, 270.00 W, 174.36 W, 70, 6086 MiB, 24576 MiB, 0 %
2026/09/08 07:37:42.279, NVIDIA GeForce RTX 3090, P2, 270.00 W, 183.07 W, 69, 6086 MiB, 24576 MiB, 0 %
2026/09/08 07:37:52.280, NVIDIA GeForce RTX 3090, P2, 270.00 W, 188.04 W, 70, 6086 MiB, 24576 MiB, 23 %
2026/09/08 07:38:02.281, NVIDIA GeForce RTX 3090, P2, 270.00 W, 197.61 W, 70, 6086 MiB, 24576 MiB, 22 %
2026/09/08 07:38:12.282, NVIDIA GeForce RTX 3090, P2, 270.00 W, 185.72 W, 71, 6086 MiB, 24576 MiB, 32 %
2026/09/08 07:38:22.283, NVIDIA GeForce RTX 3090, P2, 270.00 W, 183.37 W, 69, 6086 MiB, 24576 MiB, 0 %
2026/09/08 07:38:32.285, NVIDIA GeForce RTX 3090, P2, 270.00 W, 191.41 W, 70, 6086 MiB, 24576 MiB, 32 %
2026/09/08 07:38:42.286, NVIDIA GeForce RTX 3090, P2, 270.00 W, 198.44 W, 71, 6086 MiB, 24576 MiB, 33 %
2026/09/08 07:38:52.287, NVIDIA GeForce RTX 3090, P2, 270.00 W, 177.39 W, 71, 6086 MiB, 24576 MiB, 0 %
2026/09/08 07:39:02.289, NVIDIA GeForce RTX 3090, P2, 270.00 W, 186.06 W, 69, 6086 MiB, 24576 MiB, 0 %
2026/09/08 07:39:12.290, NVIDIA GeForce RTX 3090, P2, 270.00 W, 192.61 W, 71, 6086 MiB, 24576 MiB, 39 %
2026/09/08 07:39:22.292, NVIDIA GeForce RTX 3090, P2, 270.00 W, 197.40 W, 71, 6086 MiB, 24576 MiB, 38 %
2026/09/08 07:39:32.293, NVIDIA GeForce RTX 3090, P2, 270.00 W, 184.75 W, 71, 6086 MiB, 24576 MiB, 35 %
2026/09/08 07:39:42.294, NVIDIA GeForce RTX 3090, P2, 270.00 W, 183.67 W, 69, 6086 MiB, 24576 MiB, 27 %
2026/09/08 07:39:52.295, NVIDIA GeForce RTX 3090, P2, 270.00 W, 189.19 W, 71, 6086 MiB, 24576 MiB, 3 %
2026/09/08 07:40:02.297, NVIDIA GeForce RTX 3090, P2, 270.00 W, 193.62 W, 70, 6086 MiB, 24576 MiB, 32 %
2026/09/08 07:40:12.298, NVIDIA GeForce RTX 3090, P2, 270.00 W, 166.75 W, 69, 6086 MiB, 24576 MiB, 0 %
2026/09/08 07:40:22.299, NVIDIA GeForce RTX 3090, P2, 270.00 W, 192.71 W, 71, 6086 MiB, 24576 MiB, 39 %
2026/09/08 07:40:32.301, NVIDIA GeForce RTX 3090, P2, 270.00 W, 198.12 W, 71, 6086 MiB, 24576 MiB, 20 %
2026/09/08 07:40:42.302, NVIDIA GeForce RTX 3090, P2, 270.00 W, 188.13 W, 70, 6086 MiB, 24576 MiB, 14 %
2026/09/08 07:40:52.303, NVIDIA GeForce RTX 3090, P2, 270.00 W, 170.25 W, 70, 6086 MiB, 24576 MiB, 39 %
2026/09/08 07:41:02.304, NVIDIA GeForce RTX 3090, P2, 270.00 W, 183.04 W, 69, 6086 MiB, 24576 MiB, 26 %
2026/09/08 07:41:12.306, NVIDIA GeForce RTX 3090, P2, 270.00 W, 192.19 W, 71, 6086 MiB, 24576 MiB, 21 %
2026/09/08 07:41:22.307, NVIDIA GeForce RTX 3090, P2, 270.00 W, 200.73 W, 71, 6086 MiB, 24576 MiB, 39 %
2026/09/08 07:41:32.308, NVIDIA GeForce RTX 3090, P2, 270.00 W, 169.00 W, 70, 6086 MiB, 24576 MiB, 36 %
2026/09/08 07:41:42.310, NVIDIA GeForce RTX 3090, P2, 270.00 W, 190.32 W, 70, 6086 MiB, 24576 MiB, 39 %
2026/09/08 07:41:52.311, NVIDIA GeForce RTX 3090, P2, 270.00 W, 194.00 W, 71, 6086 MiB, 24576 MiB, 31 %
2026/09/08 07:42:02.312, NVIDIA GeForce RTX 3090, P2, 270.00 W, 192.65 W, 70, 6086 MiB, 24576 MiB, 31 %
2026/09/08 07:42:12.314, NVIDIA GeForce RTX 3090, P2, 270.00 W, 161.83 W, 69, 6086 MiB, 24576 MiB, 0 %
2026/09/08 07:42:22.315, NVIDIA GeForce RTX 3090, P2, 270.00 W, 188.73 W, 71, 6086 MiB, 24576 MiB, 13 %
2026/09/08 07:42:32.316, NVIDIA GeForce RTX 3090, P2, 270.00 W, 200.07 W, 71, 6086 MiB, 24576 MiB, 14 %
2026/09/08 07:42:42.318, NVIDIA GeForce RTX 3090, P2, 270.00 W, 172.42 W, 70, 6086 MiB, 24576 MiB, 0 %
2026/09/08 07:42:52.319, NVIDIA GeForce RTX 3090, P2, 270.00 W, 188.81 W, 70, 6086 MiB, 24576 MiB, 39 %
2026/09/08 07:43:02.320, NVIDIA GeForce RTX 3090, P2, 270.00 W, 193.00 W, 70, 6086 MiB, 24576 MiB, 37 %
2026/09/08 07:43:12.322, NVIDIA GeForce RTX 3090, P2, 270.00 W, 199.24 W, 71, 6086 MiB, 24576 MiB, 38 %
2026/09/08 07:43:22.323, NVIDIA GeForce RTX 3090, P2, 270.00 W, 187.59 W, 70, 6086 MiB, 24576 MiB, 29 %
2026/09/08 07:43:32.324, NVIDIA GeForce RTX 3090, P2, 270.00 W, 185.60 W, 70, 6086 MiB, 24576 MiB, 21 %
2026/09/08 07:43:42.326, NVIDIA GeForce RTX 3090, P2, 270.00 W, 172.50 W, 69, 6086 MiB, 24576 MiB, 33 %
2026/09/08 07:43:52.327, NVIDIA GeForce RTX 3090, P2, 270.00 W, 174.83 W, 69, 6086 MiB, 24576 MiB, 29 %
2026/09/08 07:44:02.328, NVIDIA GeForce RTX 3090, P2, 270.00 W, 191.73 W, 71, 6086 MiB, 24576 MiB, 15 %
2026/09/08 07:44:12.329, NVIDIA GeForce RTX 3090, P2, 270.00 W, 192.02 W, 70, 6086 MiB, 24576 MiB, 36 %
2026/09/08 07:44:22.331, NVIDIA GeForce RTX 3090, P2, 270.00 W, 172.20 W, 69, 6086 MiB, 24576 MiB, 0 %
2026/09/08 07:44:32.332, NVIDIA GeForce RTX 3090, P2, 270.00 W, 191.62 W, 71, 6086 MiB, 24576 MiB, 39 %
2026/09/08 07:44:42.333, NVIDIA GeForce RTX 3090, P2, 270.00 W, 195.10 W, 71, 6086 MiB, 24576 MiB, 31 %
2026/09/08 07:44:52.335, NVIDIA GeForce RTX 3090, P2, 270.00 W, 176.22 W, 71, 6086 MiB, 24576 MiB, 0 %
2026/09/08 07:45:02.336, NVIDIA GeForce RTX 3090, P2, 270.00 W, 189.78 W, 70, 6086 MiB, 24576 MiB, 6 %
2026/09/08 07:45:12.337, NVIDIA GeForce RTX 3090, P2, 270.00 W, 192.59 W, 70, 6086 MiB, 24576 MiB, 10 %
2026/09/08 07:45:22.338, NVIDIA GeForce RTX 3090, P2, 270.00 W, 200.76 W, 71, 6086 MiB, 24576 MiB, 24 %
2026/09/08 07:45:32.340, NVIDIA GeForce RTX 3090, P2, 270.00 W, 171.08 W, 71, 6086 MiB, 24576 MiB, 0 %
2026/09/08 07:45:42.341, NVIDIA GeForce RTX 3090, P2, 270.00 W, 191.91 W, 71, 6086 MiB, 24576 MiB, 29 %
2026/09/08 07:45:52.342, NVIDIA GeForce RTX 3090, P2, 270.00 W, 199.33 W, 71, 6086 MiB, 24576 MiB, 34 %
2026/09/08 07:46:02.344, NVIDIA GeForce RTX 3090, P2, 270.00 W, 187.22 W, 71, 6086 MiB, 24576 MiB, 32 %
2026/09/08 07:46:12.345, NVIDIA GeForce RTX 3090, P2, 270.00 W, 166.84 W, 69, 6086 MiB, 24576 MiB, 0 %
2026/09/08 07:46:22.346, NVIDIA GeForce RTX 3090, P2, 270.00 W, 191.89 W, 71, 6086 MiB, 24576 MiB, 37 %
2026/09/08 07:46:32.347, NVIDIA GeForce RTX 3090, P2, 270.00 W, 198.29 W, 71, 6086 MiB, 24576 MiB, 34 %
2026/09/08 07:46:42.349, NVIDIA GeForce RTX 3090, P2, 270.00 W, 185.57 W, 71, 6086 MiB, 24576 MiB, 34 %
2026/09/08 07:46:52.350, NVIDIA GeForce RTX 3090, P2, 270.00 W, 164.89 W, 69, 6086 MiB, 24576 MiB, 0 %
2026/09/08 07:47:02.351, NVIDIA GeForce RTX 3090, P2, 270.00 W, 187.73 W, 70, 6086 MiB, 24576 MiB, 32 %
2026/09/08 07:47:12.352, NVIDIA GeForce RTX 3090, P2, 270.00 W, 189.87 W, 71, 6086 MiB, 24576 MiB, 3 %
2026/09/08 07:47:22.354, NVIDIA GeForce RTX 3090, P2, 270.00 W, 198.20 W, 72, 6086 MiB, 24576 MiB, 31 %
2026/09/08 07:47:32.355, NVIDIA GeForce RTX 3090, P2, 270.00 W, 190.21 W, 71, 6086 MiB, 24576 MiB, 39 %
2026/09/08 07:47:42.356, NVIDIA GeForce RTX 3090, P2, 270.00 W, 162.81 W, 69, 6086 MiB, 24576 MiB, 2 %
2026/09/08 07:47:52.358, NVIDIA GeForce RTX 3090, P2, 270.00 W, 190.45 W, 70, 6086 MiB, 24576 MiB, 39 %
2026/09/08 07:48:02.359, NVIDIA GeForce RTX 3090, P2, 270.00 W, 194.00 W, 70, 6086 MiB, 24576 MiB, 5 %
2026/09/08 07:48:12.360, NVIDIA GeForce RTX 3090, P2, 270.00 W, 191.04 W, 71, 6086 MiB, 24576 MiB, 20 %
2026/09/08 07:48:22.362, NVIDIA GeForce RTX 3090, P2, 270.00 W, 164.44 W, 69, 6086 MiB, 24576 MiB, 3 %
2026/09/08 07:48:32.363, NVIDIA GeForce RTX 3090, P2, 270.00 W, 189.35 W, 70, 6086 MiB, 24576 MiB, 39 %
2026/09/08 07:48:42.364, NVIDIA GeForce RTX 3090, P2, 270.00 W, 192.44 W, 71, 6086 MiB, 24576 MiB, 32 %
2026/09/08 07:48:52.365, NVIDIA GeForce RTX 3090, P2, 270.00 W, 200.99 W, 72, 6086 MiB, 24576 MiB, 14 %
2026/09/08 07:49:02.367, NVIDIA GeForce RTX 3090, P2, 270.00 W, 187.60 W, 71, 6086 MiB, 24576 MiB, 32 %
2026/09/08 07:49:12.368, NVIDIA GeForce RTX 3090, P2, 270.00 W, 175.99 W, 69, 6086 MiB, 24576 MiB, 0 %
2026/09/08 07:49:22.369, NVIDIA GeForce RTX 3090, P2, 270.00 W, 190.06 W, 70, 6086 MiB, 24576 MiB, 38 %
2026/09/08 07:49:32.370, NVIDIA GeForce RTX 3090, P2, 270.00 W, 193.41 W, 70, 6086 MiB, 24576 MiB, 39 %
2026/09/08 07:49:42.371, NVIDIA GeForce RTX 3090, P2, 270.00 W, 187.30 W, 71, 6086 MiB, 24576 MiB, 34 %
2026/09/08 07:49:52.373, NVIDIA GeForce RTX 3090, P2, 270.00 W, 181.72 W, 69, 6086 MiB, 24576 MiB, 12 %
2026/09/08 07:50:02.374, NVIDIA GeForce RTX 3090, P2, 270.00 W, 192.10 W, 72, 6086 MiB, 24576 MiB, 37 %
2026/09/08 07:50:12.375, NVIDIA GeForce RTX 3090, P2, 270.00 W, 189.74 W, 71, 6086 MiB, 24576 MiB, 22 %
2026/09/08 07:50:22.376, NVIDIA GeForce RTX 3090, P2, 270.00 W, 171.88 W, 69, 6086 MiB, 24576 MiB, 14 %
2026/09/08 07:50:32.378, NVIDIA GeForce RTX 3090, P2, 270.00 W, 190.25 W, 70, 6086 MiB, 24576 MiB, 6 %
2026/09/08 07:50:42.379, NVIDIA GeForce RTX 3090, P2, 270.00 W, 198.65 W, 71, 6086 MiB, 24576 MiB, 32 %
2026/09/08 07:50:52.380, NVIDIA GeForce RTX 3090, P2, 270.00 W, 189.90 W, 71, 6086 MiB, 24576 MiB, 39 %
2026/09/08 07:51:02.381, NVIDIA GeForce RTX 3090, P2, 270.00 W, 173.33 W, 70, 6086 MiB, 24576 MiB, 32 %
2026/09/08 07:51:12.383, NVIDIA GeForce RTX 3090, P2, 270.00 W, 186.01 W, 69, 6086 MiB, 24576 MiB, 0 %
2026/09/08 07:51:22.384, NVIDIA GeForce RTX 3090, P2, 270.00 W, 194.48 W, 71, 6086 MiB, 24576 MiB, 39 %
2026/09/08 07:51:32.385, NVIDIA GeForce RTX 3090, P2, 270.00 W, 198.58 W, 72, 6086 MiB, 24576 MiB, 39 %
2026/09/08 07:51:42.386, NVIDIA GeForce RTX 3090, P2, 270.00 W, 182.93 W, 71, 6086 MiB, 24576 MiB, 11 %
2026/09/08 07:51:52.388, NVIDIA GeForce RTX 3090, P2, 270.00 W, 179.28 W, 69, 6086 MiB, 24576 MiB, 7 %
2026/09/08 07:52:02.389, NVIDIA GeForce RTX 3090, P2, 270.00 W, 192.76 W, 71, 6086 MiB, 24576 MiB, 39 %
2026/09/08 07:52:12.391, NVIDIA GeForce RTX 3090, P2, 270.00 W, 200.33 W, 72, 6086 MiB, 24576 MiB, 35 %
2026/09/08 07:52:22.392, NVIDIA GeForce RTX 3090, P2, 270.00 W, 175.83 W, 71, 6086 MiB, 24576 MiB, 37 %
2026/09/08 07:52:32.393, NVIDIA GeForce RTX 3090, P2, 270.00 W, 187.40 W, 70, 6086 MiB, 24576 MiB, 0 %
2026/09/08 07:52:42.394, NVIDIA GeForce RTX 3090, P2, 270.00 W, 192.84 W, 71, 6086 MiB, 24576 MiB, 3 %
2026/09/08 07:52:52.396, NVIDIA GeForce RTX 3090, P2, 270.00 W, 200.77 W, 72, 6086 MiB, 24576 MiB, 24 %
2026/09/08 07:53:02.397, NVIDIA GeForce RTX 3090, P2, 270.00 W, 184.67 W, 71, 6086 MiB, 24576 MiB, 36 %
2026/09/08 07:53:12.398, NVIDIA GeForce RTX 3090, P2, 270.00 W, 188.15 W, 69, 6086 MiB, 24576 MiB, 0 %
2026/09/08 07:53:22.400, NVIDIA GeForce RTX 3090, P2, 270.00 W, 194.62 W, 72, 6086 MiB, 24576 MiB, 10 %
2026/09/08 07:53:32.401, NVIDIA GeForce RTX 3090, P2, 270.00 W, 198.08 W, 71, 6086 MiB, 24576 MiB, 36 %
2026/09/08 07:53:42.402, NVIDIA GeForce RTX 3090, P2, 270.00 W, 184.82 W, 70, 6086 MiB, 24576 MiB, 10 %
2026/09/08 07:53:52.403, NVIDIA GeForce RTX 3090, P2, 270.00 W, 166.16 W, 69, 6086 MiB, 24576 MiB, 2 %
2026/09/08 07:54:02.405, NVIDIA GeForce RTX 3090, P2, 270.00 W, 189.85 W, 71, 6086 MiB, 24576 MiB, 30 %
2026/09/08 07:54:12.406, NVIDIA GeForce RTX 3090, P2, 270.00 W, 186.04 W, 71, 6086 MiB, 24576 MiB, 19 %
2026/09/08 07:54:22.407, NVIDIA GeForce RTX 3090, P2, 270.00 W, 173.69 W, 69, 6086 MiB, 24576 MiB, 3 %
2026/09/08 07:54:32.408, NVIDIA GeForce RTX 3090, P2, 270.00 W, 175.64 W, 69, 6086 MiB, 24576 MiB, 27 %
2026/09/08 07:54:42.410, NVIDIA GeForce RTX 3090, P2, 270.00 W, 190.89 W, 70, 6086 MiB, 24576 MiB, 39 %
2026/09/08 07:54:52.411, NVIDIA GeForce RTX 3090, P2, 270.00 W, 191.56 W, 70, 6086 MiB, 24576 MiB, 39 %
2026/09/08 07:55:02.413, NVIDIA GeForce RTX 3090, P2, 270.00 W, 200.43 W, 72, 6086 MiB, 24576 MiB, 39 %
2026/09/08 07:55:12.414, NVIDIA GeForce RTX 3090, P2, 270.00 W, 185.41 W, 71, 6086 MiB, 24576 MiB, 34 %
2026/09/08 07:55:22.415, NVIDIA GeForce RTX 3090, P2, 270.00 W, 171.79 W, 69, 6086 MiB, 24576 MiB, 0 %
2026/09/08 07:55:32.417, NVIDIA GeForce RTX 3090, P2, 270.00 W, 190.95 W, 70, 6086 MiB, 24576 MiB, 40 %
2026/09/08 07:55:42.418, NVIDIA GeForce RTX 3090, P2, 270.00 W, 191.48 W, 71, 6086 MiB, 24576 MiB, 38 %
2026/09/08 07:55:52.419, NVIDIA GeForce RTX 3090, P2, 270.00 W, 198.80 W, 71, 6086 MiB, 24576 MiB, 32 %
2026/09/08 07:56:02.420, NVIDIA GeForce RTX 3090, P2, 270.00 W, 183.80 W, 71, 6086 MiB, 24576 MiB, 19 %
2026/09/08 07:56:12.422, NVIDIA GeForce RTX 3090, P2, 270.00 W, 186.44 W, 70, 6086 MiB, 24576 MiB, 36 %
2026/09/08 07:56:22.423, NVIDIA GeForce RTX 3090, P2, 270.00 W, 192.29 W, 71, 6086 MiB, 24576 MiB, 40 %
2026/09/08 07:56:32.424, NVIDIA GeForce RTX 3090, P2, 270.00 W, 201.51 W, 72, 6086 MiB, 24576 MiB, 39 %
2026/09/08 07:56:42.425, NVIDIA GeForce RTX 3090, P2, 270.00 W, 185.21 W, 71, 6086 MiB, 24576 MiB, 36 %
2026/09/08 07:56:52.427, NVIDIA GeForce RTX 3090, P2, 270.00 W, 186.25 W, 70, 6086 MiB, 24576 MiB, 2 %
2026/09/08 07:57:02.428, NVIDIA GeForce RTX 3090, P2, 270.00 W, 193.89 W, 71, 6086 MiB, 24576 MiB, 4 %
2026/09/08 07:57:12.429, NVIDIA GeForce RTX 3090, P2, 270.00 W, 198.48 W, 72, 6086 MiB, 24576 MiB, 13 %
2026/09/08 07:57:22.431, NVIDIA GeForce RTX 3090, P2, 270.00 W, 177.52 W, 71, 6086 MiB, 24576 MiB, 39 %
2026/09/08 07:57:32.432, NVIDIA GeForce RTX 3090, P2, 270.00 W, 190.77 W, 70, 6086 MiB, 24576 MiB, 8 %
2026/09/08 07:57:42.433, NVIDIA GeForce RTX 3090, P2, 270.00 W, 192.62 W, 70, 6086 MiB, 24576 MiB, 39 %
2026/09/08 07:57:52.434, NVIDIA GeForce RTX 3090, P2, 270.00 W, 197.55 W, 72, 6086 MiB, 24576 MiB, 32 %
2026/09/08 07:58:02.436, NVIDIA GeForce RTX 3090, P2, 270.00 W, 163.26 W, 69, 6086 MiB, 24576 MiB, 14 %
2026/09/08 07:58:12.437, NVIDIA GeForce RTX 3090, P2, 270.00 W, 191.18 W, 71, 6086 MiB, 24576 MiB, 26 %
2026/09/08 07:58:22.438, NVIDIA GeForce RTX 3090, P2, 270.00 W, 198.45 W, 71, 6086 MiB, 24576 MiB, 31 %
2026/09/08 07:58:32.440, NVIDIA GeForce RTX 3090, P2, 270.00 W, 185.89 W, 71, 6086 MiB, 24576 MiB, 38 %
2026/09/08 07:58:42.441, NVIDIA GeForce RTX 3090, P2, 270.00 W, 176.99 W, 71, 6086 MiB, 24576 MiB, 39 %
2026/09/08 07:58:52.442, NVIDIA GeForce RTX 3090, P2, 270.00 W, 182.65 W, 69, 6086 MiB, 24576 MiB, 5 %
2026/09/08 07:59:02.443, NVIDIA GeForce RTX 3090, P2, 270.00 W, 194.15 W, 72, 6086 MiB, 24576 MiB, 6 %
2026/09/08 07:59:12.445, NVIDIA GeForce RTX 3090, P2, 270.00 W, 201.19 W, 72, 6086 MiB, 24576 MiB, 11 %
2026/09/08 07:59:22.446, NVIDIA GeForce RTX 3090, P2, 270.00 W, 162.99 W, 69, 6086 MiB, 24576 MiB, 15 %
2026/09/08 07:59:32.447, NVIDIA GeForce RTX 3090, P2, 270.00 W, 193.31 W, 71, 6086 MiB, 24576 MiB, 32 %
2026/09/08 07:59:42.448, NVIDIA GeForce RTX 3090, P2, 270.00 W, 192.46 W, 70, 6086 MiB, 24576 MiB, 39 %
2026/09/08 07:59:52.450, NVIDIA GeForce RTX 3090, P2, 270.00 W, 192.32 W, 71, 6086 MiB, 24576 MiB, 37 %
2026/09/08 08:00:02.451, NVIDIA GeForce RTX 3090, P2, 270.00 W, 168.11 W, 69, 6086 MiB, 24576 MiB, 0 %
2026/09/08 08:00:12.452, NVIDIA GeForce RTX 3090, P2, 270.00 W, 190.90 W, 71, 6086 MiB, 24576 MiB, 21 %
2026/09/08 08:00:22.454, NVIDIA GeForce RTX 3090, P2, 270.00 W, 192.62 W, 70, 6086 MiB, 24576 MiB, 38 %
2026/09/08 08:00:32.455, NVIDIA GeForce RTX 3090, P2, 270.00 W, 198.53 W, 71, 6086 MiB, 24576 MiB, 34 %
2026/09/08 08:00:42.456, NVIDIA GeForce RTX 3090, P2, 270.00 W, 164.12 W, 69, 6086 MiB, 24576 MiB, 0 %
2026/09/08 08:00:52.457, NVIDIA GeForce RTX 3090, P2, 270.00 W, 190.84 W, 70, 6086 MiB, 24576 MiB, 7 %
2026/09/08 08:01:02.459, NVIDIA GeForce RTX 3090, P2, 270.00 W, 193.21 W, 71, 6086 MiB, 24576 MiB, 24 %
2026/09/08 08:01:12.460, NVIDIA GeForce RTX 3090, P2, 270.00 W, 200.56 W, 72, 6086 MiB, 24576 MiB, 14 %
2026/09/08 08:01:22.461, NVIDIA GeForce RTX 3090, P2, 270.00 W, 175.06 W, 70, 6086 MiB, 24576 MiB, 35 %
2026/09/08 08:01:32.462, NVIDIA GeForce RTX 3090, P2, 270.00 W, 181.49 W, 69, 6086 MiB, 24576 MiB, 0 %
2026/09/08 08:01:42.464, NVIDIA GeForce RTX 3090, P2, 270.00 W, 193.15 W, 70, 6086 MiB, 24576 MiB, 32 %
2026/09/08 08:01:52.465, NVIDIA GeForce RTX 3090, P2, 270.00 W, 196.46 W, 71, 6086 MiB, 24576 MiB, 38 %
2026/09/08 08:02:02.466, NVIDIA GeForce RTX 3090, P2, 270.00 W, 163.76 W, 69, 6086 MiB, 24576 MiB, 4 %
2026/09/08 08:02:12.468, NVIDIA GeForce RTX 3090, P2, 270.00 W, 190.55 W, 70, 6086 MiB, 24576 MiB, 5 %
2026/09/08 08:02:22.469, NVIDIA GeForce RTX 3090, P2, 270.00 W, 192.54 W, 70, 6086 MiB, 24576 MiB, 39 %
2026/09/08 08:02:32.470, NVIDIA GeForce RTX 3090, P2, 270.00 W, 188.67 W, 71, 6086 MiB, 24576 MiB, 41 %
2026/09/08 08:02:42.472, NVIDIA GeForce RTX 3090, P2, 270.00 W, 162.97 W, 69, 6086 MiB, 24576 MiB, 11 %
2026/09/08 08:02:52.473, NVIDIA GeForce RTX 3090, P2, 270.00 W, 192.18 W, 71, 6086 MiB, 24576 MiB, 34 %
2026/09/08 08:03:02.474, NVIDIA GeForce RTX 3090, P2, 270.00 W, 198.60 W, 71, 6086 MiB, 24576 MiB, 32 %
2026/09/08 08:03:12.476, NVIDIA GeForce RTX 3090, P2, 270.00 W, 193.14 W, 71, 6086 MiB, 24576 MiB, 39 %
2026/09/08 08:03:22.477, NVIDIA GeForce RTX 3090, P2, 270.00 W, 178.46 W, 69, 6086 MiB, 24576 MiB, 6 %
2026/09/08 08:03:32.478, NVIDIA GeForce RTX 3090, P2, 270.00 W, 193.82 W, 72, 6086 MiB, 24576 MiB, 39 %
2026/09/08 08:03:42.480, NVIDIA GeForce RTX 3090, P2, 270.00 W, 192.40 W, 70, 6086 MiB, 24576 MiB, 9 %
2026/09/08 08:03:52.481, NVIDIA GeForce RTX 3090, P2, 270.00 W, 191.98 W, 71, 6086 MiB, 24576 MiB, 25 %
2026/09/08 08:04:02.483, NVIDIA GeForce RTX 3090, P2, 270.00 W, 165.13 W, 70, 6086 MiB, 24576 MiB, 5 %
2026/09/08 08:04:12.484, NVIDIA GeForce RTX 3090, P2, 270.00 W, 191.80 W, 71, 6086 MiB, 24576 MiB, 38 %
2026/09/08 08:04:22.485, NVIDIA GeForce RTX 3090, P2, 270.00 W, 197.17 W, 71, 6086 MiB, 24576 MiB, 32 %
2026/09/08 08:04:32.487, NVIDIA GeForce RTX 3090, P2, 270.00 W, 186.22 W, 71, 6086 MiB, 24576 MiB, 21 %
2026/09/08 08:04:42.488, NVIDIA GeForce RTX 3090, P2, 270.00 W, 189.09 W, 71, 6086 MiB, 24576 MiB, 33 %
2026/09/08 08:04:52.489, NVIDIA GeForce RTX 3090, P2, 270.00 W, 185.33 W, 71, 6086 MiB, 24576 MiB, 37 %
2026/09/08 08:05:02.491, NVIDIA GeForce RTX 3090, P2, 270.00 W, 179.14 W, 70, 6086 MiB, 24576 MiB, 28 %
2026/09/08 08:05:12.492, NVIDIA GeForce RTX 3090, P2, 270.00 W, 178.35 W, 69, 6086 MiB, 24576 MiB, 26 %
2026/09/08 08:05:22.493, NVIDIA GeForce RTX 3090, P2, 270.00 W, 193.08 W, 71, 6086 MiB, 24576 MiB, 4 %
2026/09/08 08:05:32.494, NVIDIA GeForce RTX 3090, P2, 270.00 W, 198.74 W, 71, 6086 MiB, 24576 MiB, 16 %
2026/09/08 08:05:42.496, NVIDIA GeForce RTX 3090, P2, 270.00 W, 194.13 W, 71, 6086 MiB, 24576 MiB, 24 %
2026/09/08 08:05:52.497, NVIDIA GeForce RTX 3090, P2, 270.00 W, 168.31 W, 69, 6086 MiB, 24576 MiB, 32 %
2026/09/08 08:06:02.498, NVIDIA GeForce RTX 3090, P2, 270.00 W, 194.50 W, 71, 6086 MiB, 24576 MiB, 7 %
2026/09/08 08:06:12.500, NVIDIA GeForce RTX 3090, P2, 270.00 W, 192.22 W, 70, 6086 MiB, 24576 MiB, 39 %
2026/09/08 08:06:22.501, NVIDIA GeForce RTX 3090, P2, 270.00 W, 187.51 W, 71, 6086 MiB, 24576 MiB, 33 %
2026/09/08 08:06:32.502, NVIDIA GeForce RTX 3090, P2, 270.00 W, 183.36 W, 69, 6086 MiB, 24576 MiB, 21 %
2026/09/08 08:06:42.504, NVIDIA GeForce RTX 3090, P2, 270.00 W, 191.27 W, 71, 6086 MiB, 24576 MiB, 9 %
2026/09/08 08:06:52.505, NVIDIA GeForce RTX 3090, P2, 270.00 W, 198.65 W, 71, 6086 MiB, 24576 MiB, 32 %
2026/09/08 08:07:02.506, NVIDIA GeForce RTX 3090, P2, 270.00 W, 165.41 W, 71, 6086 MiB, 24576 MiB, 3 %
2026/09/08 08:07:12.508, NVIDIA GeForce RTX 3090, P2, 270.00 W, 172.42 W, 69, 6086 MiB, 24576 MiB, 0 %
2026/09/08 08:07:22.509, NVIDIA GeForce RTX 3090, P2, 270.00 W, 192.93 W, 70, 6086 MiB, 24576 MiB, 39 %
2026/09/08 08:07:32.510, NVIDIA GeForce RTX 3090, P2, 270.00 W, 191.62 W, 70, 6086 MiB, 24576 MiB, 25 %
2026/09/08 08:07:42.512, NVIDIA GeForce RTX 3090, P2, 270.00 W, 182.29 W, 71, 6086 MiB, 24576 MiB, 13 %
2026/09/08 08:07:52.513, NVIDIA GeForce RTX 3090, P2, 270.00 W, 168.85 W, 70, 6086 MiB, 24576 MiB, 6 %
2026/09/08 08:08:02.515, NVIDIA GeForce RTX 3090, P2, 270.00 W, 192.31 W, 70, 6086 MiB, 24576 MiB, 39 %
2026/09/08 08:08:12.516, NVIDIA GeForce RTX 3090, P2, 270.00 W, 193.27 W, 71, 6086 MiB, 24576 MiB, 39 %
2026/09/08 08:08:22.517, NVIDIA GeForce RTX 3090, P2, 270.00 W, 196.68 W, 71, 6086 MiB, 24576 MiB, 38 %
2026/09/08 08:08:32.518, NVIDIA GeForce RTX 3090, P2, 270.00 W, 171.18 W, 69, 6086 MiB, 24576 MiB, 0 %
2026/09/08 08:08:42.520, NVIDIA GeForce RTX 3090, P2, 270.00 W, 192.19 W, 71, 6086 MiB, 24576 MiB, 32 %
2026/09/08 08:08:52.521, NVIDIA GeForce RTX 3090, P2, 270.00 W, 199.88 W, 71, 6086 MiB, 24576 MiB, 38 %
2026/09/08 08:09:02.522, NVIDIA GeForce RTX 3090, P2, 270.00 W, 184.64 W, 71, 6086 MiB, 24576 MiB, 29 %
2026/09/08 08:09:12.523, NVIDIA GeForce RTX 3090, P2, 270.00 W, 174.38 W, 69, 6086 MiB, 24576 MiB, 1 %
2026/09/08 08:09:22.524, NVIDIA GeForce RTX 3090, P2, 270.00 W, 192.51 W, 71, 6086 MiB, 24576 MiB, 8 %
2026/09/08 08:09:32.526, NVIDIA GeForce RTX 3090, P2, 270.00 W, 197.62 W, 71, 6086 MiB, 24576 MiB, 32 %
2026/09/08 08:09:42.527, NVIDIA GeForce RTX 3090, P2, 270.00 W, 188.41 W, 71, 6086 MiB, 24576 MiB, 28 %
2026/09/08 08:09:52.528, NVIDIA GeForce RTX 3090, P2, 270.00 W, 168.14 W, 69, 6086 MiB, 24576 MiB, 0 %
2026/09/08 08:10:02.529, NVIDIA GeForce RTX 3090, P2, 270.00 W, 190.93 W, 70, 6086 MiB, 24576 MiB, 8 %
2026/09/08 08:10:12.530, NVIDIA GeForce RTX 3090, P2, 270.00 W, 197.01 W, 71, 6086 MiB, 24576 MiB, 24 %
2026/09/08 08:10:22.532, NVIDIA GeForce RTX 3090, P2, 270.00 W, 188.32 W, 71, 6086 MiB, 24576 MiB, 34 %
2026/09/08 08:10:32.533, NVIDIA GeForce RTX 3090, P2, 270.00 W, 182.72 W, 69, 6086 MiB, 24576 MiB, 13 %
2026/09/08 08:10:42.534, NVIDIA GeForce RTX 3090, P2, 270.00 W, 190.06 W, 71, 6086 MiB, 24576 MiB, 21 %
2026/09/08 08:10:52.535, NVIDIA GeForce RTX 3090, P2, 270.00 W, 191.46 W, 70, 6086 MiB, 24576 MiB, 5 %
2026/09/08 08:11:02.536, NVIDIA GeForce RTX 3090, P2, 270.00 W, 181.15 W, 71, 6086 MiB, 24576 MiB, 39 %
2026/09/08 08:11:12.538, NVIDIA GeForce RTX 3090, P2, 270.00 W, 186.25 W, 69, 6086 MiB, 24576 MiB, 32 %
2026/09/08 08:11:22.539, NVIDIA GeForce RTX 3090, P2, 270.00 W, 192.29 W, 71, 6086 MiB, 24576 MiB, 37 %
2026/09/08 08:11:32.540, NVIDIA GeForce RTX 3090, P2, 270.00 W, 195.10 W, 71, 6086 MiB, 24576 MiB, 6 %
2026/09/08 08:11:42.541, NVIDIA GeForce RTX 3090, P2, 270.00 W, 190.89 W, 71, 6086 MiB, 24576 MiB, 19 %
2026/09/08 08:11:52.542, NVIDIA GeForce RTX 3090, P2, 270.00 W, 167.05 W, 70, 6086 MiB, 24576 MiB, 3 %
2026/09/08 08:12:02.544, NVIDIA GeForce RTX 3090, P2, 270.00 W, 190.29 W, 70, 6086 MiB, 24576 MiB, 39 %
2026/09/08 08:12:12.545, NVIDIA GeForce RTX 3090, P2, 270.00 W, 192.57 W, 70, 6086 MiB, 24576 MiB, 28 %
2026/09/08 08:12:22.546, NVIDIA GeForce RTX 3090, P2, 270.00 W, 188.72 W, 71, 6086 MiB, 24576 MiB, 15 %
2026/09/08 08:12:32.547, NVIDIA GeForce RTX 3090, P2, 270.00 W, 171.66 W, 69, 6086 MiB, 24576 MiB, 0 %
2026/09/08 08:12:42.548, NVIDIA GeForce RTX 3090, P2, 270.00 W, 190.97 W, 71, 6086 MiB, 24576 MiB, 38 %
2026/09/08 08:12:52.549, NVIDIA GeForce RTX 3090, P2, 270.00 W, 191.14 W, 70, 6086 MiB, 24576 MiB, 5 %
2026/09/08 08:13:02.551, NVIDIA GeForce RTX 3090, P2, 270.00 W, 198.37 W, 71, 6086 MiB, 24576 MiB, 37 %
2026/09/08 08:13:12.552, NVIDIA GeForce RTX 3090, P2, 270.00 W, 168.33 W, 70, 6086 MiB, 24576 MiB, 6 %
2026/09/08 08:13:22.553, NVIDIA GeForce RTX 3090, P2, 270.00 W, 189.25 W, 69, 6086 MiB, 24576 MiB, 0 %
2026/09/08 08:13:32.554, NVIDIA GeForce RTX 3090, P2, 270.00 W, 195.36 W, 71, 6086 MiB, 24576 MiB, 39 %
2026/09/08 08:13:42.556, NVIDIA GeForce RTX 3090, P2, 270.00 W, 201.10 W, 72, 6086 MiB, 24576 MiB, 40 %
2026/09/08 08:13:52.557, NVIDIA GeForce RTX 3090, P2, 270.00 W, 169.11 W, 71, 6086 MiB, 24576 MiB, 38 %
2026/09/08 08:14:02.558, NVIDIA GeForce RTX 3090, P2, 270.00 W, 190.62 W, 70, 6086 MiB, 24576 MiB, 10 %
2026/09/08 08:14:12.559, NVIDIA GeForce RTX 3090, P2, 270.00 W, 192.23 W, 70, 6086 MiB, 24576 MiB, 36 %
2026/09/08 08:14:22.560, NVIDIA GeForce RTX 3090, P2, 270.00 W, 189.23 W, 71, 6086 MiB, 24576 MiB, 38 %
2026/09/08 08:14:32.562, NVIDIA GeForce RTX 3090, P2, 270.00 W, 177.36 W, 69, 6086 MiB, 24576 MiB, 6 %
2026/09/08 08:14:42.563, NVIDIA GeForce RTX 3090, P2, 270.00 W, 191.34 W, 71, 6086 MiB, 24576 MiB, 39 %
2026/09/08 08:14:52.564, NVIDIA GeForce RTX 3090, P2, 270.00 W, 191.35 W, 70, 6086 MiB, 24576 MiB, 2 %
2026/09/08 08:15:02.566, NVIDIA GeForce RTX 3090, P2, 270.00 W, 193.26 W, 70, 6086 MiB, 24576 MiB, 0 %
2026/09/08 08:15:12.567, NVIDIA GeForce RTX 3090, P2, 270.00 W, 167.07 W, 69, 6086 MiB, 24576 MiB, 0 %
2026/09/08 08:15:22.568, NVIDIA GeForce RTX 3090, P2, 270.00 W, 193.16 W, 71, 6086 MiB, 24576 MiB, 10 %
2026/09/08 08:15:32.570, NVIDIA GeForce RTX 3090, P2, 270.00 W, 190.42 W, 71, 6086 MiB, 24576 MiB, 36 %
2026/09/08 08:15:42.571, NVIDIA GeForce RTX 3090, P2, 270.00 W, 177.89 W, 70, 6086 MiB, 24576 MiB, 16 %
2026/09/08 08:15:52.573, NVIDIA GeForce RTX 3090, P2, 270.00 W, 177.46 W, 70, 6086 MiB, 24576 MiB, 3 %
2026/09/08 08:16:02.574, NVIDIA GeForce RTX 3090, P2, 270.00 W, 190.04 W, 70, 6086 MiB, 24576 MiB, 1 %
2026/09/08 08:16:12.576, NVIDIA GeForce RTX 3090, P2, 270.00 W, 189.45 W, 70, 6086 MiB, 24576 MiB, 19 %
2026/09/08 08:16:22.577, NVIDIA GeForce RTX 3090, P2, 270.00 W, 170.43 W, 70, 6086 MiB, 24576 MiB, 0 %
2026/09/08 08:16:32.578, NVIDIA GeForce RTX 3090, P2, 270.00 W, 183.15 W, 69, 6086 MiB, 24576 MiB, 0 %
2026/09/08 08:16:42.580, NVIDIA GeForce RTX 3090, P2, 270.00 W, 193.93 W, 71, 6086 MiB, 24576 MiB, 39 %
2026/09/08 08:16:52.581, NVIDIA GeForce RTX 3090, P2, 270.00 W, 198.73 W, 71, 6086 MiB, 24576 MiB, 36 %
2026/09/08 08:17:02.583, NVIDIA GeForce RTX 3090, P2, 270.00 W, 181.62 W, 71, 6086 MiB, 24576 MiB, 39 %
2026/09/08 08:17:12.584, NVIDIA GeForce RTX 3090, P2, 270.00 W, 189.27 W, 69, 6086 MiB, 24576 MiB, 36 %
2026/09/08 08:17:22.586, NVIDIA GeForce RTX 3090, P2, 270.00 W, 195.12 W, 70, 6086 MiB, 24576 MiB, 38 %
2026/09/08 08:17:32.587, NVIDIA GeForce RTX 3090, P2, 270.00 W, 199.49 W, 71, 6086 MiB, 24576 MiB, 38 %
2026/09/08 08:17:42.588, NVIDIA GeForce RTX 3090, P2, 270.00 W, 175.89 W, 71, 6086 MiB, 24576 MiB, 39 %
2026/09/08 08:17:52.590, NVIDIA GeForce RTX 3090, P2, 270.00 W, 182.62 W, 69, 6086 MiB, 24576 MiB, 6 %
2026/09/08 08:18:02.591, NVIDIA GeForce RTX 3090, P2, 270.00 W, 194.41 W, 71, 6086 MiB, 24576 MiB, 39 %
2026/09/08 08:18:12.592, NVIDIA GeForce RTX 3090, P2, 270.00 W, 199.87 W, 71, 6086 MiB, 24576 MiB, 18 %
2026/09/08 08:18:22.594, NVIDIA GeForce RTX 3090, P2, 270.00 W, 182.48 W, 71, 6086 MiB, 24576 MiB, 11 %
2026/09/08 08:18:32.595, NVIDIA GeForce RTX 3090, P2, 270.00 W, 179.76 W, 69, 6086 MiB, 24576 MiB, 6 %
2026/09/08 08:18:42.596, NVIDIA GeForce RTX 3090, P2, 270.00 W, 189.94 W, 71, 6086 MiB, 24576 MiB, 39 %
2026/09/08 08:18:52.598, NVIDIA GeForce RTX 3090, P2, 270.00 W, 193.90 W, 70, 6086 MiB, 24576 MiB, 4 %
2026/09/08 08:19:02.599, NVIDIA GeForce RTX 3090, P2, 270.00 W, 188.71 W, 70, 6086 MiB, 24576 MiB, 16 %
2026/09/08 08:19:12.600, NVIDIA GeForce RTX 3090, P2, 270.00 W, 166.51 W, 69, 6086 MiB, 24576 MiB, 0 %
2026/09/08 08:19:22.601, NVIDIA GeForce RTX 3090, P2, 270.00 W, 192.00 W, 71, 6086 MiB, 24576 MiB, 11 %
2026/09/08 08:19:32.603, NVIDIA GeForce RTX 3090, P2, 270.00 W, 194.68 W, 70, 6086 MiB, 24576 MiB, 6 %
2026/09/08 08:19:42.604, NVIDIA GeForce RTX 3090, P2, 270.00 W, 179.67 W, 71, 6086 MiB, 24576 MiB, 39 %
2026/09/08 08:19:52.605, NVIDIA GeForce RTX 3090, P2, 270.00 W, 181.65 W, 69, 6086 MiB, 24576 MiB, 15 %
2026/09/08 08:20:02.607, NVIDIA GeForce RTX 3090, P2, 270.00 W, 192.83 W, 72, 6086 MiB, 24576 MiB, 32 %
2026/09/08 08:20:12.608, NVIDIA GeForce RTX 3090, P2, 270.00 W, 198.68 W, 71, 6086 MiB, 24576 MiB, 32 %
2026/09/08 08:20:22.610, NVIDIA GeForce RTX 3090, P2, 270.00 W, 187.84 W, 71, 6086 MiB, 24576 MiB, 27 %
2026/09/08 08:20:32.611, NVIDIA GeForce RTX 3090, P2, 270.00 W, 165.59 W, 69, 6086 MiB, 24576 MiB, 0 %
2026/09/08 08:20:42.613, NVIDIA GeForce RTX 3090, P2, 270.00 W, 192.53 W, 71, 6086 MiB, 24576 MiB, 11 %
2026/09/08 08:20:52.614, NVIDIA GeForce RTX 3090, P2, 270.00 W, 192.17 W, 70, 6086 MiB, 24576 MiB, 9 %
2026/09/08 08:21:02.616, NVIDIA GeForce RTX 3090, P2, 270.00 W, 190.21 W, 71, 6086 MiB, 24576 MiB, 14 %
2026/09/08 08:21:12.617, NVIDIA GeForce RTX 3090, P2, 270.00 W, 181.28 W, 69, 6086 MiB, 24576 MiB, 4 %
2026/09/08 08:21:22.619, NVIDIA GeForce RTX 3090, P2, 270.00 W, 191.36 W, 71, 6086 MiB, 24576 MiB, 38 %
2026/09/08 08:21:32.620, NVIDIA GeForce RTX 3090, P2, 270.00 W, 195.69 W, 70, 6086 MiB, 24576 MiB, 38 %
2026/09/08 08:21:42.621, NVIDIA GeForce RTX 3090, P2, 270.00 W, 185.17 W, 71, 6086 MiB, 24576 MiB, 32 %
2026/09/08 08:21:52.623, NVIDIA GeForce RTX 3090, P2, 270.00 W, 181.71 W, 69, 6086 MiB, 24576 MiB, 13 %
2026/09/08 08:22:02.624, NVIDIA GeForce RTX 3090, P2, 270.00 W, 196.35 W, 71, 6086 MiB, 24576 MiB, 10 %
2026/09/08 08:22:12.625, NVIDIA GeForce RTX 3090, P2, 270.00 W, 200.24 W, 71, 6086 MiB, 24576 MiB, 39 %
2026/09/08 08:22:22.627, NVIDIA GeForce RTX 3090, P2, 270.00 W, 162.36 W, 69, 6086 MiB, 24576 MiB, 16 %
2026/09/08 08:22:32.628, NVIDIA GeForce RTX 3090, P2, 270.00 W, 191.24 W, 71, 6086 MiB, 24576 MiB, 34 %
2026/09/08 08:22:42.630, NVIDIA GeForce RTX 3090, P2, 270.00 W, 195.38 W, 71, 6086 MiB, 24576 MiB, 30 %
2026/09/08 08:22:52.631, NVIDIA GeForce RTX 3090, P2, 270.00 W, 188.39 W, 71, 6086 MiB, 24576 MiB, 30 %
2026/09/08 08:23:02.633, NVIDIA GeForce RTX 3090, P2, 270.00 W, 164.31 W, 69, 6086 MiB, 24576 MiB, 4 %
2026/09/08 08:23:12.634, NVIDIA GeForce RTX 3090, P2, 270.00 W, 191.13 W, 70, 6086 MiB, 24576 MiB, 8 %
2026/09/08 08:23:22.636, NVIDIA GeForce RTX 3090, P2, 270.00 W, 192.23 W, 70, 6086 MiB, 24576 MiB, 25 %
2026/09/08 08:23:32.637, NVIDIA GeForce RTX 3090, P2, 270.00 W, 189.62 W, 70, 6086 MiB, 24576 MiB, 37 %
2026/09/08 08:23:42.639, NVIDIA GeForce RTX 3090, P2, 270.00 W, 169.35 W, 69, 6086 MiB, 24576 MiB, 0 %
2026/09/08 08:23:52.640, NVIDIA GeForce RTX 3090, P2, 270.00 W, 191.14 W, 70, 6086 MiB, 24576 MiB, 38 %
2026/09/08 08:24:02.642, NVIDIA GeForce RTX 3090, P2, 270.00 W, 196.04 W, 71, 6086 MiB, 24576 MiB, 38 %
2026/09/08 08:24:12.643, NVIDIA GeForce RTX 3090, P2, 270.00 W, 190.11 W, 70, 6086 MiB, 24576 MiB, 12 %
2026/09/08 08:24:22.645, NVIDIA GeForce RTX 3090, P2, 270.00 W, 164.13 W, 69, 6086 MiB, 24576 MiB, 0 %
2026/09/08 08:24:32.646, NVIDIA GeForce RTX 3090, P2, 270.00 W, 190.28 W, 71, 6086 MiB, 24576 MiB, 38 %
2026/09/08 08:24:42.647, NVIDIA GeForce RTX 3090, P2, 270.00 W, 194.43 W, 71, 6086 MiB, 24576 MiB, 37 %
2026/09/08 08:24:52.648, NVIDIA GeForce RTX 3090, P2, 270.00 W, 188.41 W, 71, 6086 MiB, 24576 MiB, 25 %
2026/09/08 08:25:02.649, NVIDIA GeForce RTX 3090, P2, 270.00 W, 174.19 W, 69, 6086 MiB, 24576 MiB, 5 %
2026/09/08 08:25:12.651, NVIDIA GeForce RTX 3090, P2, 270.00 W, 192.84 W, 71, 6086 MiB, 24576 MiB, 39 %
2026/09/08 08:25:22.652, NVIDIA GeForce RTX 3090, P2, 270.00 W, 201.12 W, 72, 6086 MiB, 24576 MiB, 39 %
2026/09/08 08:25:32.653, NVIDIA GeForce RTX 3090, P2, 270.00 W, 172.76 W, 70, 6086 MiB, 24576 MiB, 0 %
2026/09/08 08:25:42.654, NVIDIA GeForce RTX 3090, P2, 270.00 W, 177.89 W, 69, 6086 MiB, 24576 MiB, 6 %
2026/09/08 08:25:52.656, NVIDIA GeForce RTX 3090, P2, 270.00 W, 191.76 W, 71, 6086 MiB, 24576 MiB, 39 %
2026/09/08 08:26:02.657, NVIDIA GeForce RTX 3090, P2, 270.00 W, 202.23 W, 72, 6086 MiB, 24576 MiB, 38 %
2026/09/08 08:26:12.658, NVIDIA GeForce RTX 3090, P2, 270.00 W, 189.92 W, 71, 6086 MiB, 24576 MiB, 38 %
2026/09/08 08:26:22.659, NVIDIA GeForce RTX 3090, P2, 270.00 W, 187.23 W, 70, 6086 MiB, 24576 MiB, 15 %
2026/09/08 08:26:32.661, NVIDIA GeForce RTX 3090, P2, 270.00 W, 176.35 W, 69, 6086 MiB, 24576 MiB, 3 %
2026/09/08 08:26:42.662, NVIDIA GeForce RTX 3090, P2, 270.00 W, 175.85 W, 69, 6086 MiB, 24576 MiB, 29 %
2026/09/08 08:26:52.663, NVIDIA GeForce RTX 3090, P2, 270.00 W, 174.57 W, 69, 6086 MiB, 24576 MiB, 0 %
2026/09/08 08:27:02.664, NVIDIA GeForce RTX 3090, P2, 270.00 W, 193.21 W, 71, 6086 MiB, 24576 MiB, 8 %
2026/09/08 08:27:12.665, NVIDIA GeForce RTX 3090, P2, 270.00 W, 198.31 W, 71, 6086 MiB, 24576 MiB, 35 %
2026/09/08 08:27:22.667, NVIDIA GeForce RTX 3090, P2, 270.00 W, 172.94 W, 71, 6086 MiB, 24576 MiB, 0 %
2026/09/08 08:27:32.668, NVIDIA GeForce RTX 3090, P2, 270.00 W, 182.74 W, 69, 6086 MiB, 24576 MiB, 4 %
2026/09/08 08:27:42.669, NVIDIA GeForce RTX 3090, P2, 270.00 W, 193.43 W, 71, 6086 MiB, 24576 MiB, 37 %
2026/09/08 08:27:52.670, NVIDIA GeForce RTX 3090, P2, 270.00 W, 199.47 W, 71, 6086 MiB, 24576 MiB, 33 %
2026/09/08 08:28:02.671, NVIDIA GeForce RTX 3090, P2, 270.00 W, 177.01 W, 71, 6086 MiB, 24576 MiB, 0 %
2026/09/08 08:28:12.673, NVIDIA GeForce RTX 3090, P2, 270.00 W, 188.74 W, 69, 6086 MiB, 24576 MiB, 0 %
2026/09/08 08:28:22.674, NVIDIA GeForce RTX 3090, P2, 270.00 W, 189.38 W, 71, 6086 MiB, 24576 MiB, 32 %
2026/09/08 08:28:32.675, NVIDIA GeForce RTX 3090, P2, 270.00 W, 199.83 W, 71, 6086 MiB, 24576 MiB, 32 %
2026/09/08 08:28:42.676, NVIDIA GeForce RTX 3090, P2, 270.00 W, 180.82 W, 71, 6086 MiB, 24576 MiB, 4 %
2026/09/08 08:28:52.678, NVIDIA GeForce RTX 3090, P2, 270.00 W, 179.82 W, 70, 6086 MiB, 24576 MiB, 7 %
2026/09/08 08:29:02.679, NVIDIA GeForce RTX 3090, P2, 270.00 W, 193.10 W, 72, 6086 MiB, 24576 MiB, 18 %
2026/09/08 08:29:12.680, NVIDIA GeForce RTX 3090, P2, 270.00 W, 197.55 W, 71, 6086 MiB, 24576 MiB, 32 %
2026/09/08 08:29:22.681, NVIDIA GeForce RTX 3090, P2, 270.00 W, 201.37 W, 72, 6086 MiB, 24576 MiB, 35 %
2026/09/08 08:29:32.683, NVIDIA GeForce RTX 3090, P2, 270.00 W, 164.61 W, 69, 6086 MiB, 24576 MiB, 5 %
2026/09/08 08:29:42.684, NVIDIA GeForce RTX 3090, P2, 270.00 W, 191.17 W, 71, 6086 MiB, 24576 MiB, 39 %
2026/09/08 08:29:52.685, NVIDIA GeForce RTX 3090, P2, 270.00 W, 191.88 W, 70, 6086 MiB, 24576 MiB, 21 %
2026/09/08 08:30:02.686, NVIDIA GeForce RTX 3090, P2, 270.00 W, 190.92 W, 71, 6086 MiB, 24576 MiB, 15 %
2026/09/08 08:30:12.687, NVIDIA GeForce RTX 3090, P2, 270.00 W, 166.28 W, 69, 6086 MiB, 24576 MiB, 0 %
2026/09/08 08:30:22.689, NVIDIA GeForce RTX 3090, P2, 270.00 W, 192.38 W, 71, 6086 MiB, 24576 MiB, 37 %
2026/09/08 08:30:32.690, NVIDIA GeForce RTX 3090, P2, 270.00 W, 197.69 W, 71, 6086 MiB, 24576 MiB, 27 %
2026/09/08 08:30:42.691, NVIDIA GeForce RTX 3090, P2, 270.00 W, 190.43 W, 71, 6086 MiB, 24576 MiB, 32 %
2026/09/08 08:30:52.692, NVIDIA GeForce RTX 3090, P2, 270.00 W, 163.82 W, 70, 6086 MiB, 24576 MiB, 5 %
2026/09/08 08:31:02.693, NVIDIA GeForce RTX 3090, P2, 270.00 W, 190.44 W, 70, 6086 MiB, 24576 MiB, 39 %
2026/09/08 08:31:12.694, NVIDIA GeForce RTX 3090, P2, 270.00 W, 192.62 W, 70, 6086 MiB, 24576 MiB, 7 %
2026/09/08 08:31:22.696, NVIDIA GeForce RTX 3090, P2, 270.00 W, 187.79 W, 71, 6086 MiB, 24576 MiB, 31 %
2026/09/08 08:31:32.697, NVIDIA GeForce RTX 3090, P2, 270.00 W, 172.85 W, 69, 6086 MiB, 24576 MiB, 0 %
2026/09/08 08:31:42.698, NVIDIA GeForce RTX 3090, P2, 270.00 W, 192.94 W, 71, 6086 MiB, 24576 MiB, 35 %
2026/09/08 08:31:52.699, NVIDIA GeForce RTX 3090, P2, 270.00 W, 193.57 W, 71, 6086 MiB, 24576 MiB, 16 %
2026/09/08 08:32:02.701, NVIDIA GeForce RTX 3090, P2, 270.00 W, 189.15 W, 71, 6086 MiB, 24576 MiB, 32 %
2026/09/08 08:32:12.702, NVIDIA GeForce RTX 3090, P2, 270.00 W, 167.02 W, 69, 6086 MiB, 24576 MiB, 0 %
2026/09/08 08:32:22.703, NVIDIA GeForce RTX 3090, P2, 270.00 W, 191.07 W, 71, 6086 MiB, 24576 MiB, 37 %
2026/09/08 08:32:32.705, NVIDIA GeForce RTX 3090, P2, 270.00 W, 197.90 W, 71, 6086 MiB, 24576 MiB, 26 %
2026/09/08 08:32:42.706, NVIDIA GeForce RTX 3090, P2, 270.00 W, 196.49 W, 71, 6086 MiB, 24576 MiB, 35 %
2026/09/08 08:32:52.707, NVIDIA GeForce RTX 3090, P2, 270.00 W, 181.48 W, 71, 6086 MiB, 24576 MiB, 39 %
2026/09/08 08:33:02.709, NVIDIA GeForce RTX 3090, P2, 270.00 W, 178.67 W, 69, 6086 MiB, 24576 MiB, 5 %
2026/09/08 08:33:12.710, NVIDIA GeForce RTX 3090, P2, 270.00 W, 194.76 W, 72, 6086 MiB, 24576 MiB, 3 %
2026/09/08 08:33:22.711, NVIDIA GeForce RTX 3090, P2, 270.00 W, 201.15 W, 72, 6086 MiB, 24576 MiB, 19 %
2026/09/08 08:33:32.712, NVIDIA GeForce RTX 3090, P2, 270.00 W, 186.42 W, 71, 6086 MiB, 24576 MiB, 32 %
2026/09/08 08:33:42.713, NVIDIA GeForce RTX 3090, P2, 270.00 W, 175.94 W, 69, 6086 MiB, 24576 MiB, 0 %
2026/09/08 08:33:52.715, NVIDIA GeForce RTX 3090, P2, 270.00 W, 191.88 W, 72, 6086 MiB, 24576 MiB, 5 %
2026/09/08 08:34:02.716, NVIDIA GeForce RTX 3090, P2, 270.00 W, 194.39 W, 71, 6086 MiB, 24576 MiB, 4 %
2026/09/08 08:34:12.717, NVIDIA GeForce RTX 3090, P2, 270.00 W, 187.57 W, 71, 6086 MiB, 24576 MiB, 25 %
2026/09/08 08:34:22.719, NVIDIA GeForce RTX 3090, P2, 270.00 W, 182.35 W, 69, 6086 MiB, 24576 MiB, 6 %
2026/09/08 08:34:32.720, NVIDIA GeForce RTX 3090, P2, 270.00 W, 199.78 W, 72, 6086 MiB, 24576 MiB, 8 %
2026/09/08 08:34:42.721, NVIDIA GeForce RTX 3090, P2, 270.00 W, 201.45 W, 72, 6086 MiB, 24576 MiB, 14 %
2026/09/08 08:34:52.722, NVIDIA GeForce RTX 3090, P2, 270.00 W, 174.99 W, 71, 6086 MiB, 24576 MiB, 0 %
2026/09/08 08:35:02.723, NVIDIA GeForce RTX 3090, P2, 270.00 W, 189.35 W, 70, 6086 MiB, 24576 MiB, 35 %
2026/09/08 08:35:12.725, NVIDIA GeForce RTX 3090, P2, 270.00 W, 190.64 W, 70, 6086 MiB, 24576 MiB, 4 %
2026/09/08 08:35:22.726, NVIDIA GeForce RTX 3090, P2, 270.00 W, 190.69 W, 71, 6086 MiB, 24576 MiB, 35 %
2026/09/08 08:35:32.727, NVIDIA GeForce RTX 3090, P2, 270.00 W, 183.64 W, 69, 6086 MiB, 24576 MiB, 22 %
2026/09/08 08:35:42.729, NVIDIA GeForce RTX 3090, P2, 270.00 W, 193.19 W, 71, 6086 MiB, 24576 MiB, 23 %
2026/09/08 08:35:52.730, NVIDIA GeForce RTX 3090, P2, 270.00 W, 195.30 W, 71, 6086 MiB, 24576 MiB, 32 %
2026/09/08 08:36:02.731, NVIDIA GeForce RTX 3090, P2, 270.00 W, 166.58 W, 69, 6086 MiB, 24576 MiB, 17 %
2026/09/08 08:36:12.732, NVIDIA GeForce RTX 3090, P2, 270.00 W, 191.57 W, 71, 6086 MiB, 24576 MiB, 29 %
2026/09/08 08:36:22.733, NVIDIA GeForce RTX 3090, P2, 270.00 W, 198.45 W, 71, 6086 MiB, 24576 MiB, 32 %
2026/09/08 08:36:32.734, NVIDIA GeForce RTX 3090, P2, 270.00 W, 188.30 W, 71, 6086 MiB, 24576 MiB, 38 %
2026/09/08 08:36:42.736, NVIDIA GeForce RTX 3090, P2, 270.00 W, 171.89 W, 69, 6086 MiB, 24576 MiB, 0 %
2026/09/08 08:36:52.737, NVIDIA GeForce RTX 3090, P2, 270.00 W, 191.09 W, 71, 6086 MiB, 24576 MiB, 28 %
2026/09/08 08:37:02.738, NVIDIA GeForce RTX 3090, P2, 270.00 W, 186.17 W, 71, 6086 MiB, 24576 MiB, 36 %
2026/09/08 08:37:12.739, NVIDIA GeForce RTX 3090, P2, 270.00 W, 175.51 W, 69, 6086 MiB, 24576 MiB, 31 %
2026/09/08 08:37:22.741, NVIDIA GeForce RTX 3090, P2, 270.00 W, 177.73 W, 69, 6086 MiB, 24576 MiB, 28 %
2026/09/08 08:37:32.742, NVIDIA GeForce RTX 3090, P2, 270.00 W, 192.18 W, 71, 6086 MiB, 24576 MiB, 38 %
2026/09/08 08:37:42.743, NVIDIA GeForce RTX 3090, P2, 270.00 W, 198.58 W, 71, 6086 MiB, 24576 MiB, 33 %
2026/09/08 08:37:52.744, NVIDIA GeForce RTX 3090, P2, 270.00 W, 181.00 W, 71, 6086 MiB, 24576 MiB, 3 %
2026/09/08 08:38:02.746, NVIDIA GeForce RTX 3090, P2, 270.00 W, 179.24 W, 69, 6086 MiB, 24576 MiB, 22 %
2026/09/08 08:38:12.747, NVIDIA GeForce RTX 3090, P2, 270.00 W, 186.84 W, 71, 6086 MiB, 24576 MiB, 15 %
2026/09/08 08:38:22.748, NVIDIA GeForce RTX 3090, P2, 270.00 W, 201.21 W, 72, 6086 MiB, 24576 MiB, 39 %
2026/09/08 08:38:32.749, NVIDIA GeForce RTX 3090, P2, 270.00 W, 181.22 W, 71, 6086 MiB, 24576 MiB, 39 %
2026/09/08 08:38:42.751, NVIDIA GeForce RTX 3090, P2, 270.00 W, 181.97 W, 69, 6086 MiB, 24576 MiB, 4 %
2026/09/08 08:38:52.752, NVIDIA GeForce RTX 3090, P2, 270.00 W, 194.71 W, 71, 6086 MiB, 24576 MiB, 40 %
2026/09/08 08:39:02.753, NVIDIA GeForce RTX 3090, P2, 270.00 W, 199.45 W, 71, 6086 MiB, 24576 MiB, 35 %
2026/09/08 08:39:12.754, NVIDIA GeForce RTX 3090, P2, 270.00 W, 164.35 W, 71, 6086 MiB, 24576 MiB, 0 %
2026/09/08 08:39:22.756, NVIDIA GeForce RTX 3090, P2, 270.00 W, 187.10 W, 70, 6086 MiB, 24576 MiB, 0 %
2026/09/08 08:39:32.757, NVIDIA GeForce RTX 3090, P2, 270.00 W, 199.25 W, 70, 6086 MiB, 24576 MiB, 31 %
2026/09/08 08:39:42.758, NVIDIA GeForce RTX 3090, P2, 270.00 W, 195.65 W, 71, 6086 MiB, 24576 MiB, 35 %
2026/09/08 08:39:52.759, NVIDIA GeForce RTX 3090, P2, 270.00 W, 185.05 W, 70, 6086 MiB, 24576 MiB, 21 %
2026/09/08 08:40:02.761, NVIDIA GeForce RTX 3090, P2, 270.00 W, 190.00 W, 71, 6086 MiB, 24576 MiB, 38 %
2026/09/08 08:40:12.762, NVIDIA GeForce RTX 3090, P2, 270.00 W, 194.04 W, 70, 6086 MiB, 24576 MiB, 3 %
2026/09/08 08:40:22.763, NVIDIA GeForce RTX 3090, P2, 270.00 W, 178.94 W, 71, 6086 MiB, 24576 MiB, 0 %
2026/09/08 08:40:32.764, NVIDIA GeForce RTX 3090, P2, 270.00 W, 178.25 W, 69, 6086 MiB, 24576 MiB, 8 %
2026/09/08 08:40:42.766, NVIDIA GeForce RTX 3090, P2, 270.00 W, 194.68 W, 72, 6086 MiB, 24576 MiB, 37 %
2026/09/08 08:40:52.767, NVIDIA GeForce RTX 3090, P2, 270.00 W, 198.98 W, 71, 6086 MiB, 24576 MiB, 31 %
2026/09/08 08:41:02.768, NVIDIA GeForce RTX 3090, P2, 270.00 W, 186.78 W, 71, 6086 MiB, 24576 MiB, 32 %
2026/09/08 08:41:12.770, NVIDIA GeForce RTX 3090, P2, 270.00 W, 167.44 W, 70, 6086 MiB, 24576 MiB, 6 %
2026/09/08 08:41:22.771, NVIDIA GeForce RTX 3090, P2, 270.00 W, 190.68 W, 71, 6086 MiB, 24576 MiB, 11 %
2026/09/08 08:41:32.772, NVIDIA GeForce RTX 3090, P2, 270.00 W, 193.77 W, 70, 6086 MiB, 24576 MiB, 9 %
2026/09/08 08:41:42.773, NVIDIA GeForce RTX 3090, P2, 270.00 W, 193.90 W, 71, 6086 MiB, 24576 MiB, 32 %
2026/09/08 08:41:52.775, NVIDIA GeForce RTX 3090, P2, 270.00 W, 175.53 W, 71, 6086 MiB, 24576 MiB, 41 %
2026/09/08 08:42:02.776, NVIDIA GeForce RTX 3090, P2, 270.00 W, 180.11 W, 69, 6086 MiB, 24576 MiB, 7 %
2026/09/08 08:42:12.777, NVIDIA GeForce RTX 3090, P2, 270.00 W, 191.32 W, 71, 6086 MiB, 24576 MiB, 7 %
2026/09/08 08:42:22.779, NVIDIA GeForce RTX 3090, P2, 270.00 W, 191.57 W, 71, 6086 MiB, 24576 MiB, 32 %
2026/09/08 08:42:32.780, NVIDIA GeForce RTX 3090, P2, 270.00 W, 202.13 W, 72, 6086 MiB, 24576 MiB, 39 %
2026/09/08 08:42:42.781, NVIDIA GeForce RTX 3090, P2, 270.00 W, 185.91 W, 70, 6086 MiB, 24576 MiB, 16 %
2026/09/08 08:42:52.783, NVIDIA GeForce RTX 3090, P2, 270.00 W, 166.62 W, 70, 6086 MiB, 24576 MiB, 32 %
2026/09/08 08:43:02.784, NVIDIA GeForce RTX 3090, P2, 270.00 W, 191.73 W, 71, 6086 MiB, 24576 MiB, 39 %
2026/09/08 08:43:12.785, NVIDIA GeForce RTX 3090, P2, 270.00 W, 201.52 W, 72, 6086 MiB, 24576 MiB, 25 %
2026/09/08 08:43:22.786, NVIDIA GeForce RTX 3090, P2, 270.00 W, 184.28 W, 71, 6086 MiB, 24576 MiB, 39 %
2026/09/08 08:43:32.788, NVIDIA GeForce RTX 3090, P2, 270.00 W, 177.08 W, 69, 6086 MiB, 24576 MiB, 5 %
2026/09/08 08:43:42.789, NVIDIA GeForce RTX 3090, P2, 270.00 W, 190.85 W, 71, 6086 MiB, 24576 MiB, 41 %
2026/09/08 08:43:52.790, NVIDIA GeForce RTX 3090, P2, 270.00 W, 192.53 W, 70, 6086 MiB, 24576 MiB, 34 %
2026/09/08 08:44:02.792, NVIDIA GeForce RTX 3090, P2, 270.00 W, 189.25 W, 71, 6086 MiB, 24576 MiB, 13 %
2026/09/08 08:44:12.793, NVIDIA GeForce RTX 3090, P2, 270.00 W, 163.29 W, 69, 6086 MiB, 24576 MiB, 24 %
2026/09/08 08:44:22.794, NVIDIA GeForce RTX 3090, P2, 270.00 W, 190.97 W, 71, 6086 MiB, 24576 MiB, 27 %
2026/09/08 08:44:32.796, NVIDIA GeForce RTX 3090, P2, 270.00 W, 192.13 W, 70, 6086 MiB, 24576 MiB, 6 %
2026/09/08 08:44:42.797, NVIDIA GeForce RTX 3090, P2, 270.00 W, 188.56 W, 71, 6086 MiB, 24576 MiB, 38 %
2026/09/08 08:44:52.798, NVIDIA GeForce RTX 3090, P2, 270.00 W, 174.15 W, 69, 6086 MiB, 24576 MiB, 4 %
2026/09/08 08:45:02.800, NVIDIA GeForce RTX 3090, P2, 270.00 W, 193.86 W, 71, 6086 MiB, 24576 MiB, 40 %
2026/09/08 08:45:12.801, NVIDIA GeForce RTX 3090, P2, 270.00 W, 201.53 W, 72, 6086 MiB, 24576 MiB, 39 %
2026/09/08 08:45:22.802, NVIDIA GeForce RTX 3090, P2, 270.00 W, 179.73 W, 71, 6086 MiB, 24576 MiB, 0 %
2026/09/08 08:45:32.803, NVIDIA GeForce RTX 3090, P2, 270.00 W, 189.38 W, 69, 6086 MiB, 24576 MiB, 36 %
2026/09/08 08:45:42.805, NVIDIA GeForce RTX 3090, P2, 270.00 W, 191.42 W, 70, 6086 MiB, 24576 MiB, 32 %
2026/09/08 08:45:52.806, NVIDIA GeForce RTX 3090, P2, 270.00 W, 197.81 W, 70, 6086 MiB, 24576 MiB, 19 %
2026/09/08 08:46:02.807, NVIDIA GeForce RTX 3090, P2, 270.00 W, 171.67 W, 71, 6086 MiB, 24576 MiB, 0 %
2026/09/08 08:46:12.808, NVIDIA GeForce RTX 3090, P2, 270.00 W, 189.90 W, 70, 6086 MiB, 24576 MiB, 39 %
2026/09/08 08:46:22.810, NVIDIA GeForce RTX 3090, P2, 270.00 W, 193.89 W, 71, 6086 MiB, 24576 MiB, 36 %
2026/09/08 08:46:32.811, NVIDIA GeForce RTX 3090, P2, 270.00 W, 201.83 W, 72, 6086 MiB, 24576 MiB, 39 %
2026/09/08 08:46:42.812, NVIDIA GeForce RTX 3090, P2, 270.00 W, 167.32 W, 70, 6086 MiB, 24576 MiB, 5 %
2026/09/08 08:46:52.813, NVIDIA GeForce RTX 3090, P2, 270.00 W, 196.21 W, 70, 6086 MiB, 24576 MiB, 37 %
2026/09/08 08:47:02.815, NVIDIA GeForce RTX 3090, P2, 270.00 W, 192.25 W, 70, 6086 MiB, 24576 MiB, 9 %
2026/09/08 08:47:12.816, NVIDIA GeForce RTX 3090, P2, 270.00 W, 189.65 W, 70, 6086 MiB, 24576 MiB, 14 %
2026/09/08 08:47:22.817, NVIDIA GeForce RTX 3090, P2, 270.00 W, 171.39 W, 69, 6086 MiB, 24576 MiB, 0 %
2026/09/08 08:47:32.819, NVIDIA GeForce RTX 3090, P2, 270.00 W, 189.43 W, 69, 6086 MiB, 24576 MiB, 37 %
2026/09/08 08:47:42.820, NVIDIA GeForce RTX 3090, P2, 270.00 W, 187.81 W, 71, 6086 MiB, 24576 MiB, 35 %
2026/09/08 08:47:52.821, NVIDIA GeForce RTX 3090, P2, 270.00 W, 179.08 W, 70, 6086 MiB, 24576 MiB, 20 %
2026/09/08 08:48:02.822, NVIDIA GeForce RTX 3090, P2, 270.00 W, 177.62 W, 69, 6086 MiB, 24576 MiB, 4 %
2026/09/08 08:48:12.823, NVIDIA GeForce RTX 3090, P2, 270.00 W, 189.92 W, 70, 6086 MiB, 24576 MiB, 39 %
2026/09/08 08:48:22.825, NVIDIA GeForce RTX 3090, P2, 270.00 W, 192.87 W, 70, 6086 MiB, 24576 MiB, 1 %
2026/09/08 08:48:32.826, NVIDIA GeForce RTX 3090, P2, 270.00 W, 194.70 W, 70, 6086 MiB, 24576 MiB, 32 %
2026/09/08 08:48:42.827, NVIDIA GeForce RTX 3090, P2, 270.00 W, 165.11 W, 69, 6086 MiB, 24576 MiB, 0 %
2026/09/08 08:48:52.829, NVIDIA GeForce RTX 3090, P2, 270.00 W, 186.30 W, 70, 6086 MiB, 24576 MiB, 39 %
2026/09/08 08:49:02.830, NVIDIA GeForce RTX 3090, P2, 270.00 W, 198.86 W, 71, 6086 MiB, 24576 MiB, 8 %
2026/09/08 08:49:12.831, NVIDIA GeForce RTX 3090, P2, 270.00 W, 199.88 W, 71, 6086 MiB, 24576 MiB, 38 %
2026/09/08 08:49:22.832, NVIDIA GeForce RTX 3090, P2, 270.00 W, 181.32 W, 71, 6086 MiB, 24576 MiB, 34 %
2026/09/08 08:49:32.834, NVIDIA GeForce RTX 3090, P2, 270.00 W, 174.69 W, 69, 6086 MiB, 24576 MiB, 0 %
2026/09/08 08:49:42.835, NVIDIA GeForce RTX 3090, P2, 270.00 W, 193.47 W, 71, 6086 MiB, 24576 MiB, 36 %
2026/09/08 08:49:52.836, NVIDIA GeForce RTX 3090, P2, 270.00 W, 201.49 W, 72, 6086 MiB, 24576 MiB, 15 %
2026/09/08 08:50:02.838, NVIDIA GeForce RTX 3090, P2, 270.00 W, 186.19 W, 71, 6086 MiB, 24576 MiB, 31 %
2026/09/08 08:50:12.839, NVIDIA GeForce RTX 3090, P2, 270.00 W, 182.60 W, 69, 6086 MiB, 24576 MiB, 20 %
2026/09/08 08:50:22.840, NVIDIA GeForce RTX 3090, P2, 270.00 W, 188.54 W, 70, 6086 MiB, 24576 MiB, 32 %
2026/09/08 08:50:32.842, NVIDIA GeForce RTX 3090, P2, 270.00 W, 197.21 W, 71, 6086 MiB, 24576 MiB, 13 %
2026/09/08 08:50:42.843, NVIDIA GeForce RTX 3090, P2, 270.00 W, 163.84 W, 70, 6086 MiB, 24576 MiB, 5 %
2026/09/08 08:50:52.844, NVIDIA GeForce RTX 3090, P2, 270.00 W, 186.29 W, 69, 6086 MiB, 24576 MiB, 32 %
2026/09/08 08:51:02.846, NVIDIA GeForce RTX 3090, P2, 270.00 W, 192.42 W, 70, 6086 MiB, 24576 MiB, 9 %
2026/09/08 08:51:12.847, NVIDIA GeForce RTX 3090, P2, 270.00 W, 187.10 W, 71, 6086 MiB, 24576 MiB, 32 %
2026/09/08 08:51:22.848, NVIDIA GeForce RTX 3090, P2, 270.00 W, 172.96 W, 69, 6086 MiB, 24576 MiB, 6 %
2026/09/08 08:51:32.850, NVIDIA GeForce RTX 3090, P2, 270.00 W, 192.80 W, 72, 6086 MiB, 24576 MiB, 39 %
2026/09/08 08:51:42.851, NVIDIA GeForce RTX 3090, P2, 270.00 W, 200.82 W, 72, 6086 MiB, 24576 MiB, 20 %
2026/09/08 08:51:52.852, NVIDIA GeForce RTX 3090, P2, 270.00 W, 177.28 W, 71, 6086 MiB, 24576 MiB, 0 %
2026/09/08 08:52:02.854, NVIDIA GeForce RTX 3090, P2, 270.00 W, 184.17 W, 69, 6086 MiB, 24576 MiB, 2 %
2026/09/08 08:52:12.855, NVIDIA GeForce RTX 3090, P2, 270.00 W, 192.10 W, 71, 6086 MiB, 24576 MiB, 16 %
2026/09/08 08:52:22.856, NVIDIA GeForce RTX 3090, P2, 270.00 W, 193.09 W, 71, 6086 MiB, 24576 MiB, 41 %
2026/09/08 08:52:32.858, NVIDIA GeForce RTX 3090, P2, 270.00 W, 190.18 W, 71, 6086 MiB, 24576 MiB, 39 %
2026/09/08 08:52:42.859, NVIDIA GeForce RTX 3090, P2, 270.00 W, 167.29 W, 70, 6086 MiB, 24576 MiB, 34 %
2026/09/08 08:52:52.860, NVIDIA GeForce RTX 3090, P2, 270.00 W, 189.93 W, 70, 6086 MiB, 24576 MiB, 0 %
2026/09/08 08:53:02.862, NVIDIA GeForce RTX 3090, P2, 270.00 W, 191.12 W, 70, 6086 MiB, 24576 MiB, 32 %
2026/09/08 08:53:12.863, NVIDIA GeForce RTX 3090, P2, 270.00 W, 199.60 W, 71, 6086 MiB, 24576 MiB, 39 %
2026/09/08 08:53:22.864, NVIDIA GeForce RTX 3090, P2, 270.00 W, 164.47 W, 69, 6086 MiB, 24576 MiB, 1 %
2026/09/08 08:53:32.866, NVIDIA GeForce RTX 3090, P2, 270.00 W, 191.59 W, 72, 6086 MiB, 24576 MiB, 32 %
2026/09/08 08:53:42.867, NVIDIA GeForce RTX 3090, P2, 270.00 W, 192.99 W, 70, 6086 MiB, 24576 MiB, 41 %
2026/09/08 08:53:52.868, NVIDIA GeForce RTX 3090, P2, 270.00 W, 188.08 W, 71, 6086 MiB, 24576 MiB, 36 %
2026/09/08 08:54:02.870, NVIDIA GeForce RTX 3090, P2, 270.00 W, 178.01 W, 71, 6086 MiB, 24576 MiB, 41 %
2026/09/08 08:54:12.871, NVIDIA GeForce RTX 3090, P2, 270.00 W, 183.27 W, 69, 6086 MiB, 24576 MiB, 2 %
2026/09/08 08:54:22.872, NVIDIA GeForce RTX 3090, P2, 270.00 W, 192.17 W, 70, 6086 MiB, 24576 MiB, 38 %
2026/09/08 08:54:32.873, NVIDIA GeForce RTX 3090, P2, 270.00 W, 200.74 W, 71, 6086 MiB, 24576 MiB, 22 %
2026/09/08 08:54:42.875, NVIDIA GeForce RTX 3090, P2, 270.00 W, 184.37 W, 71, 6086 MiB, 24576 MiB, 36 %
2026/09/08 08:54:52.876, NVIDIA GeForce RTX 3090, P2, 270.00 W, 183.74 W, 69, 6086 MiB, 24576 MiB, 3 %
2026/09/08 08:55:02.877, NVIDIA GeForce RTX 3090, P2, 270.00 W, 192.38 W, 71, 6086 MiB, 24576 MiB, 9 %
2026/09/08 08:55:12.878, NVIDIA GeForce RTX 3090, P2, 270.00 W, 201.68 W, 72, 6086 MiB, 24576 MiB, 29 %
2026/09/08 08:55:22.880, NVIDIA GeForce RTX 3090, P2, 270.00 W, 177.02 W, 71, 6086 MiB, 24576 MiB, 39 %
2026/09/08 08:55:32.881, NVIDIA GeForce RTX 3090, P2, 270.00 W, 181.51 W, 69, 6086 MiB, 24576 MiB, 8 %
2026/09/08 08:55:42.882, NVIDIA GeForce RTX 3090, P2, 270.00 W, 189.82 W, 71, 6086 MiB, 24576 MiB, 32 %
2026/09/08 08:55:52.883, NVIDIA GeForce RTX 3090, P2, 270.00 W, 200.80 W, 72, 6086 MiB, 24576 MiB, 39 %
2026/09/08 08:56:02.884, NVIDIA GeForce RTX 3090, P2, 270.00 W, 168.64 W, 70, 6086 MiB, 24576 MiB, 32 %
2026/09/08 08:56:12.886, NVIDIA GeForce RTX 3090, P2, 270.00 W, 190.72 W, 70, 6086 MiB, 24576 MiB, 6 %
2026/09/08 08:56:22.887, NVIDIA GeForce RTX 3090, P2, 270.00 W, 192.62 W, 70, 6086 MiB, 24576 MiB, 32 %
2026/09/08 08:56:32.888, NVIDIA GeForce RTX 3090, P2, 270.00 W, 193.77 W, 71, 6086 MiB, 24576 MiB, 32 %
2026/09/08 08:56:42.889, NVIDIA GeForce RTX 3090, P2, 270.00 W, 168.35 W, 69, 6086 MiB, 24576 MiB, 0 %
2026/09/08 08:56:52.891, NVIDIA GeForce RTX 3090, P2, 270.00 W, 191.38 W, 71, 6086 MiB, 24576 MiB, 32 %
2026/09/08 08:57:02.892, NVIDIA GeForce RTX 3090, P2, 270.00 W, 198.18 W, 71, 6086 MiB, 24576 MiB, 32 %
2026/09/08 08:57:12.893, NVIDIA GeForce RTX 3090, P2, 270.00 W, 166.63 W, 71, 6086 MiB, 24576 MiB, 0 %
2026/09/08 08:57:22.894, NVIDIA GeForce RTX 3090, P2, 270.00 W, 189.11 W, 69, 6086 MiB, 24576 MiB, 35 %
2026/09/08 08:57:32.896, NVIDIA GeForce RTX 3090, P2, 270.00 W, 198.57 W, 71, 6086 MiB, 24576 MiB, 26 %
2026/09/08 08:57:42.897, NVIDIA GeForce RTX 3090, P2, 270.00 W, 189.10 W, 71, 6086 MiB, 24576 MiB, 16 %
2026/09/08 08:57:52.898, NVIDIA GeForce RTX 3090, P2, 270.00 W, 175.31 W, 69, 6086 MiB, 24576 MiB, 0 %
2026/09/08 08:58:02.899, NVIDIA GeForce RTX 3090, P2, 270.00 W, 193.68 W, 71, 6086 MiB, 24576 MiB, 39 %
2026/09/08 08:58:12.901, NVIDIA GeForce RTX 3090, P2, 270.00 W, 198.26 W, 72, 6086 MiB, 24576 MiB, 33 %
2026/09/08 08:58:22.902, NVIDIA GeForce RTX 3090, P2, 270.00 W, 190.89 W, 71, 6086 MiB, 24576 MiB, 36 %
2026/09/08 08:58:32.903, NVIDIA GeForce RTX 3090, P2, 270.00 W, 188.29 W, 71, 6086 MiB, 24576 MiB, 30 %
2026/09/08 08:58:42.905, NVIDIA GeForce RTX 3090, P2, 270.00 W, 177.11 W, 69, 6086 MiB, 24576 MiB, 21 %
2026/09/08 08:58:52.906, NVIDIA GeForce RTX 3090, P2, 270.00 W, 176.50 W, 69, 6086 MiB, 24576 MiB, 29 %
2026/09/08 08:59:02.907, NVIDIA GeForce RTX 3090, P2, 270.00 W, 186.62 W, 71, 6086 MiB, 24576 MiB, 32 %
2026/09/08 08:59:12.908, NVIDIA GeForce RTX 3090, P2, 270.00 W, 166.54 W, 69, 6086 MiB, 24576 MiB, 0 %
2026/09/08 08:59:22.910, NVIDIA GeForce RTX 3090, P2, 270.00 W, 191.30 W, 71, 6086 MiB, 24576 MiB, 37 %
2026/09/08 08:59:32.911, NVIDIA GeForce RTX 3090, P2, 270.00 W, 201.07 W, 72, 6086 MiB, 24576 MiB, 18 %
2026/09/08 08:59:42.912, NVIDIA GeForce RTX 3090, P2, 270.00 W, 166.55 W, 70, 6086 MiB, 24576 MiB, 10 %
2026/09/08 08:59:52.914, NVIDIA GeForce RTX 3090, P2, 270.00 W, 190.89 W, 70, 6086 MiB, 24576 MiB, 6 %
2026/09/08 09:00:02.915, NVIDIA GeForce RTX 3090, P2, 270.00 W, 192.69 W, 70, 6086 MiB, 24576 MiB, 2 %
2026/09/08 09:00:12.917, NVIDIA GeForce RTX 3090, P2, 270.00 W, 186.96 W, 71, 6086 MiB, 24576 MiB, 33 %
2026/09/08 09:00:22.918, NVIDIA GeForce RTX 3090, P2, 270.00 W, 165.03 W, 69, 6086 MiB, 24576 MiB, 0 %
2026/09/08 09:00:32.919, NVIDIA GeForce RTX 3090, P2, 270.00 W, 192.78 W, 72, 6086 MiB, 24576 MiB, 4 %
2026/09/08 09:00:42.921, NVIDIA GeForce RTX 3090, P2, 270.00 W, 198.83 W, 71, 6086 MiB, 24576 MiB, 21 %
2026/09/08 09:00:52.922, NVIDIA GeForce RTX 3090, P2, 270.00 W, 184.44 W, 71, 6086 MiB, 24576 MiB, 37 %
2026/09/08 09:01:02.923, NVIDIA GeForce RTX 3090, P2, 270.00 W, 178.52 W, 69, 6086 MiB, 24576 MiB, 8 %
2026/09/08 09:01:12.925, NVIDIA GeForce RTX 3090, P2, 270.00 W, 192.26 W, 71, 6086 MiB, 24576 MiB, 4 %
2026/09/08 09:01:22.926, NVIDIA GeForce RTX 3090, P2, 270.00 W, 192.32 W, 70, 6086 MiB, 24576 MiB, 39 %
2026/09/08 09:01:32.927, NVIDIA GeForce RTX 3090, P2, 270.00 W, 196.76 W, 71, 6086 MiB, 24576 MiB, 39 %
2026/09/08 09:01:42.929, NVIDIA GeForce RTX 3090, P2, 270.00 W, 169.18 W, 70, 6086 MiB, 24576 MiB, 0 %
2026/09/08 09:01:52.930, NVIDIA GeForce RTX 3090, P2, 270.00 W, 190.77 W, 70, 6086 MiB, 24576 MiB, 6 %
2026/09/08 09:02:02.932, NVIDIA GeForce RTX 3090, P2, 270.00 W, 191.10 W, 70, 6086 MiB, 24576 MiB, 25 %
2026/09/08 09:02:12.933, NVIDIA GeForce RTX 3090, P2, 270.00 W, 197.42 W, 71, 6086 MiB, 24576 MiB, 38 %
2026/09/08 09:02:22.935, NVIDIA GeForce RTX 3090, P2, 270.00 W, 171.53 W, 70, 6086 MiB, 24576 MiB, 0 %
2026/09/08 09:02:32.936, NVIDIA GeForce RTX 3090, P2, 270.00 W, 190.31 W, 70, 6086 MiB, 24576 MiB, 37 %
2026/09/08 09:02:42.937, NVIDIA GeForce RTX 3090, P2, 270.00 W, 192.61 W, 71, 6086 MiB, 24576 MiB, 2 %
2026/09/08 09:02:52.939, NVIDIA GeForce RTX 3090, P2, 270.00 W, 193.10 W, 71, 6086 MiB, 24576 MiB, 4 %
2026/09/08 09:03:02.940, NVIDIA GeForce RTX 3090, P2, 270.00 W, 192.85 W, 71, 6086 MiB, 24576 MiB, 24 %
2026/09/08 09:03:12.941, NVIDIA GeForce RTX 3090, P2, 270.00 W, 166.48 W, 69, 6086 MiB, 24576 MiB, 0 %
2026/09/08 09:03:22.943, NVIDIA GeForce RTX 3090, P2, 270.00 W, 191.38 W, 70, 6086 MiB, 24576 MiB, 39 %
2026/09/08 09:03:32.944, NVIDIA GeForce RTX 3090, P2, 270.00 W, 192.86 W, 71, 6086 MiB, 24576 MiB, 39 %
2026/09/08 09:03:42.945, NVIDIA GeForce RTX 3090, P2, 270.00 W, 201.84 W, 72, 6086 MiB, 24576 MiB, 43 %
2026/09/08 09:03:52.947, NVIDIA GeForce RTX 3090, P2, 270.00 W, 179.99 W, 71, 6086 MiB, 24576 MiB, 0 %
2026/09/08 09:04:02.948, NVIDIA GeForce RTX 3090, P2, 270.00 W, 189.37 W, 70, 6086 MiB, 24576 MiB, 35 %
2026/09/08 09:04:12.950, NVIDIA GeForce RTX 3090, P2, 270.00 W, 190.91 W, 70, 6086 MiB, 24576 MiB, 7 %
2026/09/08 09:04:22.951, NVIDIA GeForce RTX 3090, P2, 270.00 W, 190.00 W, 71, 6086 MiB, 24576 MiB, 14 %
2026/09/08 09:04:32.952, NVIDIA GeForce RTX 3090, P2, 270.00 W, 175.29 W, 69, 6086 MiB, 24576 MiB, 39 %
2026/09/08 09:04:42.954, NVIDIA GeForce RTX 3090, P2, 270.00 W, 192.67 W, 72, 6086 MiB, 24576 MiB, 3 %
2026/09/08 09:04:52.955, NVIDIA GeForce RTX 3090, P2, 270.00 W, 194.73 W, 71, 6086 MiB, 24576 MiB, 32 %
2026/09/08 09:05:02.956, NVIDIA GeForce RTX 3090, P2, 270.00 W, 166.34 W, 70, 6086 MiB, 24576 MiB, 34 %
2026/09/08 09:05:12.957, NVIDIA GeForce RTX 3090, P2, 270.00 W, 191.28 W, 70, 6086 MiB, 24576 MiB, 31 %
2026/09/08 09:05:22.959, NVIDIA GeForce RTX 3090, P2, 270.00 W, 192.88 W, 71, 6086 MiB, 24576 MiB, 32 %
2026/09/08 09:05:32.960, NVIDIA GeForce RTX 3090, P2, 270.00 W, 184.62 W, 71, 6086 MiB, 24576 MiB, 37 %
2026/09/08 09:05:42.961, NVIDIA GeForce RTX 3090, P2, 270.00 W, 167.87 W, 70, 6086 MiB, 24576 MiB, 32 %
2026/09/08 09:05:52.963, NVIDIA GeForce RTX 3090, P2, 270.00 W, 191.04 W, 70, 6086 MiB, 24576 MiB, 40 %
2026/09/08 09:06:02.964, NVIDIA GeForce RTX 3090, P2, 270.00 W, 197.65 W, 71, 6086 MiB, 24576 MiB, 39 %
2026/09/08 09:06:12.965, NVIDIA GeForce RTX 3090, P2, 270.00 W, 187.68 W, 71, 6086 MiB, 24576 MiB, 32 %
2026/09/08 09:06:22.966, NVIDIA GeForce RTX 3090, P2, 270.00 W, 186.94 W, 69, 6086 MiB, 24576 MiB, 0 %
2026/09/08 09:06:32.968, NVIDIA GeForce RTX 3090, P2, 270.00 W, 192.84 W, 70, 6086 MiB, 24576 MiB, 35 %
2026/09/08 09:06:42.969, NVIDIA GeForce RTX 3090, P2, 270.00 W, 192.88 W, 71, 6086 MiB, 24576 MiB, 38 %
2026/09/08 09:06:52.970, NVIDIA GeForce RTX 3090, P2, 270.00 W, 166.50 W, 69, 6086 MiB, 24576 MiB, 0 %
2026/09/08 09:07:02.971, NVIDIA GeForce RTX 3090, P2, 270.00 W, 192.35 W, 72, 6086 MiB, 24576 MiB, 38 %
2026/09/08 09:07:12.972, NVIDIA GeForce RTX 3090, P2, 270.00 W, 199.89 W, 72, 6086 MiB, 24576 MiB, 33 %
2026/09/08 09:07:22.974, NVIDIA GeForce RTX 3090, P2, 270.00 W, 169.86 W, 70, 6086 MiB, 24576 MiB, 0 %
2026/09/08 09:07:32.975, NVIDIA GeForce RTX 3090, P2, 270.00 W, 178.40 W, 69, 6086 MiB, 24576 MiB, 7 %
2026/09/08 09:07:42.976, NVIDIA GeForce RTX 3090, P2, 270.00 W, 189.79 W, 71, 6086 MiB, 24576 MiB, 39 %
2026/09/08 09:07:52.978, NVIDIA GeForce RTX 3090, P2, 270.00 W, 199.13 W, 71, 6086 MiB, 24576 MiB, 32 %
2026/09/08 09:08:02.979, NVIDIA GeForce RTX 3090, P2, 270.00 W, 176.82 W, 71, 6086 MiB, 24576 MiB, 0 %
2026/09/08 09:08:12.980, NVIDIA GeForce RTX 3090, P2, 270.00 W, 191.03 W, 70, 6086 MiB, 24576 MiB, 39 %
2026/09/08 09:08:22.981, NVIDIA GeForce RTX 3090, P2, 270.00 W, 193.43 W, 71, 6086 MiB, 24576 MiB, 37 %
2026/09/08 09:08:32.982, NVIDIA GeForce RTX 3090, P2, 270.00 W, 192.66 W, 71, 6086 MiB, 24576 MiB, 39 %
2026/09/08 09:08:42.984, NVIDIA GeForce RTX 3090, P2, 270.00 W, 172.88 W, 69, 6086 MiB, 24576 MiB, 0 %
2026/09/08 09:08:52.985, NVIDIA GeForce RTX 3090, P2, 270.00 W, 191.82 W, 71, 6086 MiB, 24576 MiB, 36 %
2026/09/08 09:09:02.986, NVIDIA GeForce RTX 3090, P2, 270.00 W, 197.79 W, 71, 6086 MiB, 24576 MiB, 37 %
2026/09/08 09:09:12.987, NVIDIA GeForce RTX 3090, P2, 270.00 W, 187.59 W, 71, 6086 MiB, 24576 MiB, 21 %
2026/09/08 09:09:22.989, NVIDIA GeForce RTX 3090, P2, 270.00 W, 177.12 W, 70, 6086 MiB, 24576 MiB, 38 %
2026/09/08 09:09:32.990, NVIDIA GeForce RTX 3090, P2, 270.00 W, 181.37 W, 70, 6086 MiB, 24576 MiB, 28 %
2026/09/08 09:09:42.991, NVIDIA GeForce RTX 3090, P2, 270.00 W, 190.09 W, 71, 6086 MiB, 24576 MiB, 31 %
2026/09/08 09:09:52.992, NVIDIA GeForce RTX 3090, P2, 270.00 W, 186.66 W, 71, 6086 MiB, 24576 MiB, 26 %
2026/09/08 09:10:02.993, NVIDIA GeForce RTX 3090, P2, 270.00 W, 176.10 W, 69, 6086 MiB, 24576 MiB, 4 %
2026/09/08 09:10:12.995, NVIDIA GeForce RTX 3090, P2, 270.00 W, 176.81 W, 69, 6086 MiB, 24576 MiB, 29 %
2026/09/08 09:10:22.996, NVIDIA GeForce RTX 3090, P2, 270.00 W, 175.03 W, 69, 6086 MiB, 24576 MiB, 29 %
2026/09/08 09:10:32.997, NVIDIA GeForce RTX 3090, P2, 270.00 W, 183.49 W, 70, 1400 MiB, 24576 MiB, 15 %
