"review_id","source_line","sample_stratum","model_bucket","reranker_score","zh","en","deepseek_label","deepseek_confidence","deepseek_reason","codex_review","codex_notes"
"DQ-0001","2478086","reject_stratified","reject_candidate","1.61875814228551E-05","美国财政部长","United States Marine Corps in films","mismatch","1.0","中文指美国财政部长，英文指电影中的美国海军陆战队，语义完全不同。","",""
"DQ-0002","12092579","gray_lower_boundary","gray","1.64424945978681E-05","眉子的双臂已经不停地颤抖,手臂内的肌肉也开始小小地痉挛着。","The tune that they were playing changed, and the tone of the music changed too.","mismatch","1.0","中文描述手臂颤抖和肌肉痉挛，英文描述音乐变化，内容无关。","",""
"DQ-0003","11917237","gray_lower_boundary","gray","1.64424945978681E-05","功德从哪儿来?","Who does the design for your products?","mismatch","1.0","中文问功德来源，英文问产品设计者，语义不同。","",""
"DQ-0004","7726086","gray_upper_boundary","gray","0.001192549243569374","Adam-Saidi重要详情","Important details of ebonypixie","mismatch","1.0","中文指Adam-Saidi的重要详情，英文指ebonypixie的详情，主体不同。","",""
"DQ-0005","14089791","gray_lower_boundary","gray","1.64424945978681E-05","又是焦急等待的一分钟,门这才终于开了。","It was the beginning of July, and the long summer heats had come.","mismatch","1.0","中文描述等待后门开，英文描述七月炎热，内容无关。","",""
"DQ-0006","1078055","gray_upper_boundary","gray","0.0011786719551309943","“你就是好人吗?","“Why are you following me?”","mismatch","1.0","中文问‘你就是好人吗？’，英文问‘你为什么跟着我？’，语义不同。","",""
"DQ-0007","8306533","gray_lower_boundary","gray","1.64424945978681E-05","纪云欣看着深田贺一正在对早上来到诊所的那对夫妻做简介,本来,这个工","And then he looked down to his dirty hands, he looked at the yellow ground and he remembered he was not in his room, and that it wasn’t the sun.","mismatch","1.0","中文描述纪云欣看深田贺一介绍夫妻，英文描述看手和地面，内容无关。","",""
"DQ-0008","12103471","reject_stratified","reject_candidate","1.6314539607265E-05","穷人集中北方城市?","TONEY ATKINS: WHAT IN THE WORLD?","mismatch","1.0","中文问穷人是否集中北方城市，英文为专有名词短语，语义不同。","",""
"DQ-0009","12042776","gray_upper_boundary","gray","0.0011832797899842262","“我怕什么?","Now what am I going to wear?","mismatch","1.0","中文问‘我怕什么？’，英文问‘我穿什么？’，语义不同。","",""
"DQ-0010","10239047","reject_stratified","reject_candidate","1.60616109496914E-05","突然,棋盘一亮。","He wasn't much of a parent.","mismatch","1.0","中文描述棋盘一亮，英文描述他不是好父母，内容无关。","",""
"DQ-0011","3930520","gray_lower_boundary","gray","1.64424945978681E-05","汇发棋最多赢多少钱 . . .","How Much Is The Greek Debt Today","mismatch","1.0","中文询问汇发棋最多赢多少钱，英文询问希腊债务，语义完全不同。","",""
"DQ-0012","8230692","clean_lower_boundary","clean_candidate","0.0012113064294680953","爸,那上面还有疤痕 。 ”","And, he meant it.","mismatch","1.0","中文是父亲提到疤痕，英文是强调他说话算话，语义无关。","",""
"DQ-0013","208415","clean_lower_boundary","clean_candidate","0.001216041506268084","冻结决定书应当载明下列事项:","The request for transit shall contain:","mismatch","1.0","中文关于冻结决定书内容，英文关于过境请求，主题不同。","",""
"DQ-0014","9735706","gray_upper_boundary","gray","0.0011972112115472555","3N65L-TN3-T Datasheet(数据表) 7 Page - Unisonic Technologies","详细搜索 FQPF5P10 Datasheet(数据表) 4 Page - Fairchild Semiconductor","mismatch","1.0","中文是3N65L-TN3-T数据表，英文是FQPF5P10数据表，型号和厂商不同。","",""
"DQ-0015","1429210","reject_stratified","reject_candidate","1.61875814228551E-05","正在胡思乱想时。","He lifted it.","mismatch","1.0","中文描述胡思乱想时，英文是他举起它，语义无关。","",""
"DQ-0016","10399893","reject_stratified","reject_candidate","1.61875814228551E-05","看看前不久菲律宾赌场的事吧!","The slickness could come later in the week.","mismatch","1.0","中文提及菲律宾赌场事件，英文提及本周晚些时候的圆滑，语义无关。","",""
"DQ-0017","12128610","clean_lower_boundary","clean_candidate","0.0012065897462889552","File:PanoramaofCanton.jpg - 维基百科,自由的百科全书","File:Carron fish bar.jpg - Wikipedia","mismatch","1.0","中文是广州全景图文件，英文是Carron鱼条吧文件，内容不同。","",""
"DQ-0018","7379841","gray_lower_boundary","gray","1.64424945978681E-05","我一定会回来的,呵呵!","“That must be one big conference hall!”","mismatch","1.0","中文表达一定会回来，英文感叹会议厅大，语义无关。","",""
"DQ-0019","4947989","clean_lower_boundary","clean_candidate","0.0012065897462889552","SIZ728DT_12 Datasheet(数据表) 8 Page - Vishay Siliconix","详细搜索 FQP4P25 Datasheet(数据表) 3 Page - Fairchild Semiconductor","mismatch","1.0","中文是SIZ728DT_12数据表，英文是FQP4P25数据表，型号和厂商不同。","",""
"DQ-0020","1806366","gray_upper_boundary","gray","0.001192549243569374","第35章:决战,虚拟战场","Chapter 35: Information and Technology Services","mismatch","1.0","中文是第35章决战虚拟战场，英文是第35章信息技术服务，内容不同。","",""
"DQ-0021","10871175","gray_lower_boundary","gray","1.64424945978681E-05","在国家动乱的情况下,人民解放军仍然英勇地保卫着祖国的安全。","Actually, the title of the document is Strategy and Tactics of Armed Struggle in Nepal.","mismatch","1.0","中文描述解放军保卫祖国，英文是文件标题，语义无关","",""
"DQ-0022","12467610","gray_upper_boundary","gray","0.0011972112115472555","(待续)","To be obtuse?","mismatch","0.95","中文表示待续，英文是反问句，语义不同","",""
"DQ-0023","3825757","reject_stratified","reject_candidate","1.6314539607265E-05","【双头折刀】 世界上最好的日本刀","Definition Of Divorce In The Bible","mismatch","1.0","中文关于刀具，英文关于圣经离婚定义，无关","",""
"DQ-0024","2700820","reject_stratified","reject_candidate","1.61875814228551E-05","人力资源被视为社会中最重要的","Petersburg to investigate the most scandalous affairs in Moscow.","mismatch","1.0","中文讲人力资源重要性，英文讲调查丑闻，无关","",""
"DQ-0025","1726413","gray_lower_boundary","gray","1.64424945978681E-05","其他应当中止诉讼的情形。","The source of all material should be clearly identifiable.","mismatch","0.95","中文是法律条款，英文是材料来源，无关","",""
"DQ-0026","4001496","reject_stratified","reject_candidate","1.6314539607265E-05","如何 使用指南针","How to Write an Advertisement","mismatch","1.0","中文讲指南针使用，英文讲广告写作，无关","",""
"DQ-0027","10595540","clean_lower_boundary","clean_candidate","0.001201891340315342","VictoriaReed重要详情","Important details of HellenBrooks","mismatch","1.0","人名不同，语义无关","",""
"DQ-0028","1781194","reject_stratified","reject_candidate","1.6314539607265E-05","让我顺利完成这我这一次的<br />预定计划 。 」","I knew that my Aunt Tasha<br />was in the shower.","mismatch","1.0","中文讲计划，英文讲阿姨洗澡，无关","",""
"DQ-0029","1545301","gray_lower_boundary","gray","1.64424945978681E-05","或许也只有幸村,才看得明白他内心的想法吧。","It was the ""New Age"" capital of the ""Old World.""","mismatch","1.0","中文讲人物心理，英文讲城市称号，无关","",""
"DQ-0030","10703479","gray_lower_boundary","gray","1.64424945978681E-05","这个概念也可以纳入现有的规划,在设计环节上,该项目具有更大的,向杭州城市的边缘水道的伸展性。","Using daylight as a designing element, the pattern on top of the membrane is related to the one represented in the design of the court.","mismatch","1.0","中文讲规划伸展性，英文讲设计元素，无关","",""
"DQ-0031","7444144","gray_upper_boundary","gray","0.0011879054363816977","Admin Name: yuxiuhui","Admin Name: Rocket Oxygen","mismatch","1.0","人名翻译不一致，yuxiuhui与Rocket Oxygen完全不同","",""
"DQ-0032","11250567","reject_stratified","reject_candidate","1.6314539607265E-05","她的眼睛看着他鼓起的裤子,她不由得低下头,确实是害羞。","When it was too hot outside, and she was cuddled up in her room.","mismatch","1.0","中文描述害羞场景，英文描述天气和房间，语义无关","",""
"DQ-0033","14070177","gray_lower_boundary","gray","1.64424945978681E-05","群众欢呼,拿那个洋女人大开玩笑。","And so it is with the workman of art.","mismatch","1.0","中文描述群众嘲笑洋女人，英文关于艺术品，语义无关","",""
"DQ-0034","12539162","gray_lower_boundary","gray","1.64424945978681E-05","我好想见妈妈一面啊!","I want my car and I want it now!","mismatch","1.0","中文表达想见妈妈，英文表达要车，语义无关","",""
"DQ-0035","5976422","reject_stratified","reject_candidate","1.61875814228551E-05","说着,我在妈妈的脸上亲了一下,手用力的抓了一下那丰满有弹性的乳房。","Sighing, I climbed into the car, pushed the button to start it up, and drove away.","mismatch","1.0","中文描述亲吻和抓乳房，英文描述上车开车，语义无关","",""
"DQ-0036","13306203","reject_stratified","reject_candidate","1.60616109496914E-05","损伤了总统的第一节胸脊,是子弹还是应力造成的不得而知。","It is the child of hope and the home of the brave.","mismatch","1.0","中文关于总统受伤，英文关于希望和勇敢，语义无关","",""
"DQ-0037","12474032","reject_stratified","reject_candidate","1.6314539607265E-05","我们就这样眼睁睁看着整个包皮如同被气吹了一样,被满满的精液鼓胀起来。","The dog was gone, and the little girl was gleefully tearing shiny paper off a cardboard box.","mismatch","1.0","中文描述包皮鼓胀，英文描述狗和女孩，语义无关","",""
"DQ-0038","7155780","reject_stratified","reject_candidate","1.60616109496914E-05","生理课实验结束的时候,太阳已经消失,月亮和星星都仿佛畏惧这寒气,躲起来了。","At the top of the main building stood Jesus, with sprawled out hands and a palpable smile, welcoming his children with the love of the world.","mismatch","1.0","中文描述实验结束和天气，英文描述耶稣雕像，语义无关","",""
"DQ-0039","14074398","gray_lower_boundary","gray","1.64424945978681E-05","她又去洗了个澡,然后穿了衣服,管我要了钱就走了。","Bob, and Diane, had never let up on her tits, and now Jack was starting to play with mine.","mismatch","1.0","中文描述洗澡穿衣要钱，英文描述人物和胸部，语义无关","",""
"DQ-0040","12702388","clean_lower_boundary","clean_candidate","0.0012113064294680953","海外公司年审或续牌","Patent Application of Overseas","partial","0.8","中文涉及年审或续牌，英文涉及海外专利申请，部分相关但信息不同","",""
"DQ-0041","5257600","reject_stratified","reject_candidate","1.6314539607265E-05","凌晨时分,雨下来起来,空气中变的清凉起来。","There are cracks in the foundation, the floor is collapsing, and we are sinking down, down, down.","mismatch","1.0","中文描述下雨，英文描述地基裂缝和下沉，语义完全不同。","",""
"DQ-0042","759294","reject_stratified","reject_candidate","1.6314539607265E-05","信息安全性的处理方式?","How to Start a New Club","mismatch","1.0","中文询问信息安全处理方式，英文是如何创办新俱乐部，主题无关。","",""
"DQ-0043","10473251","gray_lower_boundary","gray","1.64424945978681E-05","科学不是真理的全部,很多问题也是它所不能解释的。","All nations will be involved in the presentation of the gospel, and then the end will come.","mismatch","1.0","中文讲科学局限性，英文讲福音传遍天下，语义无关。","",""
"DQ-0044","5087668","gray_upper_boundary","gray","0.0011832797899842262","TS64MDOM44V Datasheet(数据表) 5 Page - Transcend Information.","详细搜索 TPV7E10G61MSW Datasheet(数据表) 4 Page - ITT Industries","mismatch","1.0","中文是TS64MDOM44V数据表，英文是TPV7E10G61MSW数据表，型号不同。","",""
"DQ-0045","5783266","reject_stratified","reject_candidate","1.60616109496914E-05","悬崖上做爱,公共汽车上交媾,在漆黑的屋子里和二十多个男男女","First issued in 2003, the Purple heart stamp will continue to honor the men and women wounded while serving in the US military.","mismatch","1.0","中文描述性行为场景，英文关于紫心勋章，内容无关。","",""
"DQ-0046","172573","reject_stratified","reject_candidate","1.60616109496914E-05","该教堂位于通往到山顶的轨道。","On the other side the rich fishing grounds in this part of the Adriatic","mismatch","1.0","中文讲教堂位置，英文讲亚得里亚海渔场，语义无关。","",""
"DQ-0047","1480570","gray_lower_boundary","gray","1.64424945978681E-05","还有就是,我要买大量帅气时尚的服装,还要请两个保姆。","I've come so far, so fast, I'm in the dark about a lot of things.","mismatch","1.0","中文讲买衣服和请保姆，英文讲个人经历和困惑，语义无关。","",""
"DQ-0048","4665362","reject_stratified","reject_candidate","1.61875814228551E-05","· 物业没搞好费用交不交?","When is the next train?","mismatch","1.0","中文问物业费是否交，英文问火车时间，主题无关。","",""
"DQ-0049","3050751","reject_stratified","reject_candidate","1.61875814228551E-05","俩人回到工地时,天色已暗,工人们都拿了碗盘聚集在工棚门口,准备开饭。","""I was at the door of the Assembly, and the decree was known to the crowd the moment the votes had been taken.""","mismatch","1.0","中文描述工人吃饭场景，英文描述议会法令，语义无关。","",""
"DQ-0050","2191063","reject_stratified","reject_candidate","1.6314539607265E-05","沙里淘疼得一时喘不上来气,蹲了下来。","He looked puzzled for a moment, then laughed lightly.","mismatch","1.0","中文描述疼痛蹲下，英文描述困惑和笑，语义无关。","",""
"DQ-0051","11752326","reject_stratified","reject_candidate","1.61875814228551E-05","幼儿期是口语发展的最佳年龄阶段。","For that is the sole prerogative of men.","mismatch","1.0","中文讲幼儿期口语发展，英文讲男性特权，语义完全不同","",""
"DQ-0052","9922775","reject_stratified","reject_candidate","1.61875814228551E-05","72. 警察也有家","I don't have a favorite color.","mismatch","1.0","中文是警察也有家，英文是我不喜欢颜色，语义无关","",""
"DQ-0053","8877647","reject_stratified","reject_candidate","1.6314539607265E-05","第集 1.0 马迭尔旅馆的枪声","Play Pirates of the Caribbean game online","mismatch","1.0","中文是电视剧集标题，英文是游戏相关，语义无关","",""
"DQ-0054","4044056","reject_stratified","reject_candidate","1.61875814228551E-05","虽然只是一面之交,在将军多年的戎马生涯中,也不曾再次想起那一夜之欢,但看到她对自己如此深情,也不觉为之动容。","Yes, there it lay on the sofa under the quilt, but it was so covered with dust and grime that Zametov could not have seen anything on it. ""Bah, Zametov!","mismatch","1.0","中文描述情感回忆，英文是小说片段，语义无关","",""
"DQ-0055","3206800","reject_stratified","reject_candidate","1.60616109496914E-05","一名消防员在救人时被洪水冲入排水道丧生。","I was born during the war when he was overseas.","mismatch","1.0","中文讲消防员牺牲，英文讲出生时间，语义无关","",""
"DQ-0056","1190980","gray_lower_boundary","gray","1.64424945978681E-05","列表所用MAPLE公式 [ 编辑 ]","Definition and properties of a quadric [ edit ]","partial","0.6","中文提到MAPLE公式，英文提到二次曲面，可能相关但主题不同","",""
"DQ-0057","2232574","reject_stratified","reject_candidate","1.61875814228551E-05","没有了蒂凡那的民主行动党,棒子交吴福源领导。","The economy is in the sixth year of recession.","mismatch","1.0","中文讲政治党派领导，英文讲经济衰退，语义无关","",""
"DQ-0058","14141805","clean_lower_boundary","clean_candidate","0.001201891340315342","论坛: 温哥华中文网站务信息","Forum: Community & Family Studies","partial","0.5","中文是论坛板块，英文是论坛板块，但具体内容不同","",""
"DQ-0059","13266249","reject_stratified","reject_candidate","1.61875814228551E-05","我再次望着她,在我眼里,她再也不是我的妈妈。","She was wearing a sky blue bikini and her voluptuous thighs were giving me kick in my boxer.","mismatch","1.0","中文讲对母亲的认知变化，英文讲女性外貌，语义无关","",""
"DQ-0060","5077249","reject_stratified","reject_candidate","1.61875814228551E-05","美国导演工会奖获得者","1969 in United States case law","mismatch","1.0","中文讲导演工会奖，英文讲美国案例法，语义无关","",""
"DQ-0061","9959923","reject_stratified","reject_candidate","1.61875814228551E-05","两人从床头上拿好了笔,然后面对着面。","I crawled off the bed and threw up everywhere.","mismatch","1.0","中文描述两人拿笔面对面，英文描述呕吐，语义完全不同","",""
"DQ-0062","7536618","reject_stratified","reject_candidate","1.59366190928267E-05","校园舞(小学高段)","Nickel Refining (Primary) in United States","mismatch","1.0","中文指校园舞蹈，英文指镍精炼，主题无关","",""
"DQ-0063","11923992","gray_lower_boundary","gray","1.64424945978681E-05","我存在有什么意义?","What is the gospel?","mismatch","1.0","中文问存在意义，英文问福音，语义不同","",""
"DQ-0064","609309","reject_stratified","reject_candidate","1.61875814228551E-05","我的肉棒在裤裆里胀成一团,鼓鼓的挤压着内裤,已经无法再胀大了。","There is more to my life than just the tale of liquor, and the tale of love for my children.","mismatch","1.0","中文描述性器官膨胀，英文描述生活故事，完全无关","",""
"DQ-0065","11427431","gray_upper_boundary","gray","0.0011786719551309943","RochelleEve的工作时间","Working hours of Yanissa","mismatch","1.0","中文人名RochelleEve，英文Yanissa，且内容不同","",""
"DQ-0066","13844425","reject_stratified","reject_candidate","1.61875814228551E-05","’ ” 这两则源自同一篇文章的材料,却充满了矛盾。","From the 22d to the 24th of March, it was carried on with great activity.","mismatch","1.0","中文谈材料矛盾，英文谈日期活动，无关","",""
"DQ-0067","10365822","gray_upper_boundary","gray","0.001192549243569374","“别让我恶心!","""Don't look so worried.""","mismatch","1.0","中文表达恶心，英文表达担心，语义相反","",""
"DQ-0068","11884071","gray_lower_boundary","gray","1.64424945978681E-05","以最理想的价钱探索世界","We wait at the airport","mismatch","1.0","中文谈探索世界，英文谈机场等待，无关","",""
"DQ-0069","1644485","reject_stratified","reject_candidate","1.60616109496914E-05","下一篇:有水浒传的棋牌游戏","Investment in the agricultural sector of the Tomsk... 27Â DecÂ '07","mismatch","1.0","中文谈水浒传棋牌游戏，英文谈农业投资，无关","",""
"DQ-0070","8937445","gray_lower_boundary","gray","1.64424945978681E-05","肩膀,轻轻转动她的娇体对着他,然后嘴巴动了几下后,就直接吻向她的红唇,","The horses stopped grazing before midday, and came into the shadow below him, and stood in couples nose to tail, flapping.","mismatch","1.0","中文描述亲吻动作，英文描述马匹行为，无关","",""
"DQ-0071","11883639","gray_lower_boundary","gray","1.64424945978681E-05","为什么说三果才是真正的解脱道的圣人呢?","Why is it that we’re all as bad as we’ve ever been?","mismatch","1.0","中文询问三果圣人的意义，英文谈论人们变坏，语义完全不同。","",""
"DQ-0072","12303205","reject_stratified","reject_candidate","1.61875814228551E-05","<br /> 对他,我隐约有一种预感,却也没有那么肯定。","Hospitals like that have a policy of providing 24-hour care, so personal caregivers are not permitted<br />to stay there.","mismatch","1.0","中文表达对某人的预感，英文描述医院政策，内容无关。","",""
"DQ-0073","9372050","reject_stratified","reject_candidate","1.6314539607265E-05","事情还得从头说起,L是我老师的女儿,四五岁时我们代她一起玩过,我大她十几岁。","Here I was with Joaquin on the couch, and I was now staring at the erection he was beginning to have.","mismatch","1.0","中文讲述与L的童年往事，英文描述与Joaquin的场景，语义无关。","",""
"DQ-0074","13301811","reject_stratified","reject_candidate","1.61875814228551E-05","已经注册? 已经是我们的客户?","When is it time to outsource tasks?","mismatch","1.0","中文询问是否注册或客户，英文询问外包时间，内容无关。","",""
"DQ-0075","9496326","reject_stratified","reject_candidate","1.6314539607265E-05","又把我赶回去了。","I'm going upstairs to take a bath.","mismatch","1.0","中文说被赶回去，英文说上楼洗澡，语义不同。","",""
"DQ-0076","3778235","reject_stratified","reject_candidate","1.6314539607265E-05","其次,就是床上生活的和谐问题。","The following year, the rebels attacked Kamansondo.","mismatch","1.0","中文讨论床上生活和谐，英文描述叛军袭击，内容无关。","",""
"DQ-0077","826055","reject_stratified","reject_candidate","1.6314539607265E-05","抽插了几十下,金莲的洞中淫水开始泛滥,一点点往外流。","All the children in the hut began crying, and looking at them, Sasha, too, began to cry.","mismatch","1.0","中文描述性行为，英文描述孩子哭泣，语义无关。","",""
"DQ-0078","2278271","clean_lower_boundary","clean_candidate","0.0012065897462889552","大数据平台 公司动态","Big Data Harpreet Singh Oxyent","mismatch","1.0","中文为标题，英文为名字，内容无关。","",""
"DQ-0079","11116347","reject_stratified","reject_candidate","1.61875814228551E-05","想想大概是刚才前戏做得太足,或者是由于第一次红杏出墙的异常刺激吧?","Movement of the limbs could be permitted, limited, or prohibited, depending on the volition of the operator.","mismatch","1.0","中文讨论前戏和出轨刺激，英文描述肢体运动限制，语义无关。","",""
"DQ-0080","9059847","gray_lower_boundary","gray","1.64424945978681E-05","有他们守在门口儿,陈倩知道自己是很难有机会离开的,不由得感到一阵绝望。","He was perfect , exactly my type , nice car , nice job , was very nice to me and showered me with gifts at the beginning","mismatch","1.0","中文描述陈倩绝望，英文描述完美男人，内容无关。","",""
"DQ-0081","7521583","reject_stratified","reject_candidate","1.6314539607265E-05","刚才偷偷去了瀑布belukar bukit 。 。","He biked from Singapore to the Himalayas .","mismatch","1.0","中文描述偷偷去瀑布，英文描述骑车从新加坡到喜马拉雅，语义完全不同。","",""
"DQ-0082","8165574","reject_stratified","reject_candidate","1.60616109496914E-05","xinxinlaopoxin的贴吧","Free Stickers for Developers","mismatch","1.0","中文是贴吧名称，英文是开发者贴纸，内容无关。","",""
"DQ-0083","2510270","reject_stratified","reject_candidate","1.61875814228551E-05","这是运输带上的生锅食材","""What is the meaning of this!""","mismatch","1.0","中文描述运输带上的食材，英文是质问句，语义无关。","",""
"DQ-0084","13457572","reject_stratified","reject_candidate","1.61875814228551E-05","英格兰接受了这种勇敢,他被追绶维多利亚十字勋章。","The fire had died down in the fireplace, and he realized that he was cold.","mismatch","1.0","中文讲英格兰接受勇敢并追授勋章，英文讲壁炉火灭和寒冷，完全无关。","",""
"DQ-0085","1063392","reject_stratified","reject_candidate","1.60616109496914E-05","声音很爹,很软,不像责怪人的口气。","But this is a problem of wages, not time.","mismatch","1.0","中文描述声音温柔不像责怪，英文讲工资问题，语义无关。","",""
"DQ-0086","4870969","reject_stratified","reject_candidate","1.6314539607265E-05","在国务院公报上刊登,也不能代替部门依照规定的程序向国务院报送备案。","In the event that plans to conduct an excavation are in place, the license holder must negotiate with the landowner to rent or purchase the land for the purpose of carrying out the excavation.","mismatch","1.0","中文讲公报刊登和备案程序，英文讲挖掘计划与土地协商，内容无关。","",""
"DQ-0087","11521561","reject_stratified","reject_candidate","1.61875814228551E-05","视,由于我安装的其中一部摄影机,放在电视机旁的公仔内,固我可清楚地看到","I raised one of the scattered golden locks that lay shining like a sunbeam on the pillow, and kissed it tenderly.","mismatch","1.0","中文讲摄影机放置和观察，英文讲抚摸头发，语义无关。","",""
"DQ-0088","2173255","reject_stratified","reject_candidate","1.60616109496914E-05","英国是否会脱欧","Beefeater Bbq Discounted in the UK","mismatch","1.0","中文问英国是否脱欧，英文讲烧烤折扣，内容无关。","",""
"DQ-0089","3597666","reject_stratified","reject_candidate","1.6314539607265E-05","欧阳的手动了一下,眼皮没有睁开,但眼珠在里面翻滚了几下,这才睁开。","Things got bad quickly as starvation and homelessness spread, and a few protesters petitioned for help, but the Edisonians mowed them down with automatic fire.","mismatch","1.0","中文描述欧阳睁眼动作，英文讲抗议和镇压，语义无关。","",""
"DQ-0090","10255507","reject_stratified","reject_candidate","1.61875814228551E-05","我覺得也不是新車了,就 . . .","""Jesus, Rachel I don't know.""","mismatch","1.0","中文说不是新车，英文是对话片段，语义无关。","",""
"DQ-0091","3863168","clean_lower_boundary","clean_candidate","0.001201891340315342","我趁着小姨子和她说话的功夫打量了一下她。","But while I was in my bed at night sometimes I used to masturbate fantasizing her.","mismatch","1.0","中文描述打量小姨子，英文描述自慰幻想，语义完全不同","",""
"DQ-0092","8301933","reject_stratified","reject_candidate","1.61875814228551E-05","3可以把年届七旬的母亲接到身边来安度晚年。","You need to be a part of a contest for one of the best sites on the internet.","mismatch","1.0","中文关于接母亲安度晚年，英文关于参加比赛，无关","",""
"DQ-0093","658217","gray_lower_boundary","gray","1.64424945978681E-05","回家也可以接着做啊!","She loved it!","mismatch","1.0","中文说回家继续做，英文说她喜欢，语义不同","",""
"DQ-0094","2193488","gray_upper_boundary","gray","0.0011972112115472555","GottesHand [作者] 2016年4月26日下午10:01","AlexWorth [author] Jun 24 @ 7:21pm","mismatch","1.0","作者和日期均不同，信息不匹配","",""
"DQ-0095","13822215","reject_stratified","reject_candidate","1.6314539607265E-05","偿所愿的控制了松江的黑道了呢?","""And what is the officer's name on the ticket?""","mismatch","1.0","中文关于控制黑道，英文关于罚单上的警官名字，无关","",""
"DQ-0096","1418875","gray_lower_boundary","gray","1.64424945978681E-05","我还得寸进尺,用双手指尖呈包围状兜在她的肋侧,偷偷感受了一下被挤出乳罩来的乳根嫩肉。","He caught up with the youth just as the latter reached the side of the damsel, and Sir Kay cried out, with a scornful laugh:","mismatch","1.0","中文描述猥琐动作，英文描述骑士对话，语义完全不同","",""
"DQ-0097","10207183","gray_lower_boundary","gray","1.64424945978681E-05","如果你有一面壁镜,用它来检查自己的动作。","How can you tell if you have a ripe kiwi?","mismatch","1.0","中文关于用壁镜检查动作，英文关于判断猕猴桃成熟，无关","",""
"DQ-0098","6899306","gray_upper_boundary","gray","0.0011832797899842262","看来以后必须要注意了 。 」","You have to love your mother .""","mismatch","1.0","中文说以后要注意，英文说必须爱母亲，语义不同","",""
"DQ-0099","9454280","gray_lower_boundary","gray","1.64424945978681E-05","一顿饭吃得昏七素八,末了,单胖子被愣总搂着脖子一口一个兄弟的叫着,口齿含糊不清。","The messenger hurried before him, along a grove of little rooms, and turning into one at the end of the grove, looked round the door.","mismatch","1.0","中文描述饭局和人物互动，英文描述信使和房间，无关","",""
"DQ-0100","12896603","reject_stratified","reject_candidate","1.6314539607265E-05","“噢,我买的时候‘广本’还没有自动档的呢 。 ”","I was bullied when I was at school and, frankly, I deserved it.","mismatch","1.0","中文关于买车时无自动档，英文关于校园霸凌，无关","",""
"DQ-0101","6894618","gray_lower_boundary","gray","1.64424945978681E-05","每次开法会,我都想用它来救度众生。","It's not that I want to die, I just don't want to live that way.","mismatch","1.0","中文讲法会救度众生，英文讲不想活，语义完全无关","",""
"DQ-0102","12650540","clean_lower_boundary","clean_candidate","0.0012065897462889552","因为,主持人是沈梦。","However, the fan was still higher.","mismatch","1.0","中文说主持人是沈梦，英文说风扇更高，语义无关","",""
"DQ-0103","6370612","reject_stratified","reject_candidate","1.60616109496914E-05","第一滴血中的刀","Online Gifts In The Philippines","mismatch","1.0","中文指电影第一滴血中的刀，英文指菲律宾在线礼品，语义无关","",""
"DQ-0104","9921559","reject_stratified","reject_candidate","1.61875814228551E-05","有很多的形象值得拍照并且让你印象深刻。","Tried a lot of different food, and so far no brown rain.","mismatch","1.0","中文说有很多形象值得拍照，英文说尝试食物无棕色雨，语义无关","",""
"DQ-0105","788121","reject_stratified","reject_candidate","1.60616109496914E-05","Ø ISO9000族标概论","Skip to the following year:","mismatch","1.0","中文是ISO标准概论，英文是跳到下一年，语义无关","",""
"DQ-0106","244063","gray_lower_boundary","gray","1.64424945978681E-05","讲到这儿,我给你们讲点你们愿意听的吧。","You want to applaud the bravery of a defeated, treasonous army?","mismatch","1.0","中文说讲点愿意听的，英文说为叛军鼓掌，语义无关","",""
"DQ-0107","2631160","gray_lower_boundary","gray","1.64424945978681E-05","她保持了这两天来已经习惯了的自然声调。","I went to the police and reported that my passport had been stolen.","mismatch","1.0","中文说保持自然声调，英文说报警护照被盗，语义无关","",""
"DQ-0108","5187901","reject_stratified","reject_candidate","1.60616109496914E-05","他虽然听不清楚她在说什么,但是可以肯定她的梦中少不了他的存在。","We didn't know what was a Nazi, but we started to say 'Hail Hitler' and raise our arms in the toilet.""","mismatch","1.0","中文说梦中少不了他，英文说纳粹和希特勒，语义无关","",""
"DQ-0109","11565923","clean_lower_boundary","clean_candidate","0.0012113064294680953","美国主要城市房车营地","V. Spence, United States","mismatch","1.0","中文说美国房车营地，英文说V. Spence美国，语义无关","",""
"DQ-0110","4703024","reject_stratified","reject_candidate","1.61875814228551E-05","西南山坡的那一块熟的早,都上来了,来不及,再说,这个天气还不知怎么的,还是早下手的好。","It was a Father's Day, 13 or 14 years ago, and most of the family and friends had come by, with a barbecue planned for later in the day.","mismatch","1.0","中文说山坡成熟早下手，英文说父亲节烧烤，语义无关","",""
"DQ-0111","880589","gray_lower_boundary","gray","1.64424945978681E-05","英格兰的十八种蝙蝠有十种能在艾坪森林找到[150 ] 。","Talksport is one of the biggest commercial radio stations in the UK.[131]","mismatch","1.0","中文讲蝙蝠分布，英文讲电台，完全无关","",""
"DQ-0112","8249968","reject_stratified","reject_candidate","1.6314539607265E-05","那个,就会变得舒服极了,是你想都想不到舒服。","“These babies are going to be sore tonight,” you say.","mismatch","0.95","中文描述舒适感，英文是对话，语义不同","",""
"DQ-0113","3126172","clean_lower_boundary","clean_candidate","0.001216041506268084","晃了晃头,不想了,到卫生间里拿着毛巾,一边擦着身子一边重新回到床上。","I said turning to him as I pushed the door open with my back, “You need to go to bed.”","mismatch","0.95","中文描述动作，英文是对话，语义不同","",""
"DQ-0114","13909672","gray_upper_boundary","gray","0.0011972112115472555","耶稣又对他们说,孩子们,1 倚靠钱财的人进神的国,是何等的难!","17 And Jesus said unto them, Come ye after me, and I will make you to become fishers of men.","mismatch","0.95","中文讲倚靠钱财难进神国，英文讲跟从耶稣，语义不同","",""
"DQ-0115","2667802","gray_lower_boundary","gray","1.64424945978681E-05","如何测试AngularJS中的Directive","How to Install CakePHP in XAMPP","mismatch","1.0","中文讲AngularJS测试，英文讲CakePHP安装，完全无关","",""
"DQ-0116","10934484","reject_stratified","reject_candidate","1.60616109496914E-05","不知不觉间,我和妈妈“同居”已快三星期了。","But after I was interviewed once, I was interviewed again.","mismatch","0.95","中文讲与母亲同居，英文讲采访，语义不同","",""
"DQ-0117","9392073","gray_lower_boundary","gray","1.64424945978681E-05","“龙儿,能不能别这样说,我不喜欢 。 ”","The work she does is justified, and I just love it.""","mismatch","0.95","中文是对话，英文是叙述，语义不同","",""
"DQ-0118","14036077","reject_stratified","reject_candidate","1.6314539607265E-05","为什么许子根会有第二个方案作为腹稿?","Is there a mistake?!'"" Steve Nelson said.","mismatch","0.95","中文问许子根方案，英文是疑问句，语义不同","",""
"DQ-0119","1400991","gray_lower_boundary","gray","1.64424945978681E-05","尼泊尔纸刀的折法 . . .","The Governor of the Novosobirsk region Victor...","mismatch","1.0","中文讲纸刀折法，英文讲州长，完全无关","",""
"DQ-0120","14110044","reject_stratified","reject_candidate","1.61875814228551E-05","在抚养他的过程中,我们对圣经上「罪」的理解又深了一层。","Never the less, We have a small number of new Ugg sheepskin boots looks that we love.","mismatch","0.95","中文讲抚养孩子理解罪，英文讲靴子，语义不同","",""
"DQ-0121","9816508","reject_stratified","reject_candidate","1.61875814228551E-05","美国军用微创直出弹簧刀","United States Public Debt 2012","mismatch","1.0","中文指军用刀具，英文指美国国债，语义完全不同","",""
"DQ-0122","6756714","reject_stratified","reject_candidate","1.61875814228551E-05","但明显看出来他神情非常沮丧。","It was very still and nothing disturbed them for hours.","mismatch","1.0","中文描述沮丧神情，英文描述安静环境，语义无关","",""
"DQ-0123","2271139","clean_lower_boundary","clean_candidate","0.001216041506268084","一切的计划也因此取消","all the best...","mismatch","0.95","中文指计划取消，英文为不完整短语，语义不匹配","",""
"DQ-0124","661072","reject_stratified","reject_candidate","1.59366190928267E-05","由于有避孕套上的淫水润滑,女人并不觉的太疼,只是胀得要命。","In this case, the cardholder number is not shown on the front of the card. Evan wrote:","mismatch","1.0","中文涉及性行为描述，英文涉及信用卡信息，语义无关","",""
"DQ-0125","2426610","gray_upper_boundary","gray","0.0011972112115472555","大胖的脸上突然出现了淫笑。","Suddenly, there was a knock on the door.","mismatch","1.0","中文描述淫笑，英文描述敲门，语义无关","",""
"DQ-0126","335200","gray_lower_boundary","gray","1.64424945978681E-05","有些烟瘾上头的我便找了个借口,离开了住处,到楼下抽烟去了。","So they wetted his ears, and some of the milk ran down his neck under the red jersey.","mismatch","1.0","中文描述抽烟，英文描述牛奶，语义无关","",""
"DQ-0127","5151156","gray_lower_boundary","gray","1.64424945978681E-05","我急需要释放心中的抑郁,灌满这个骚货的屁眼是个很好的方法。","This movement brought his focus to her, and he got a good look for the first time.","mismatch","1.0","中文涉及性行为，英文描述动作，语义无关","",""
"DQ-0128","10661087","gray_upper_boundary","gray","0.0011879054363816977","出现一个新窗口。 选择新建艺术画笔然后按确定。","Create a New Document and Set Up a Grid Hit Control-N to create a new document.","partial","0.6","中文提到新建艺术画笔，英文提到新建文档，部分相关但指令不同","",""
"DQ-0129","5224438","gray_upper_boundary","gray","0.0011832797899842262","严格说来,那不是一封信,是一张信封,和里面的两张船票 。","I am not, strictly speaking, a thing. I am a process, an idea.","mismatch","1.0","中文指信件和船票，英文指过程和想法，语义无关","",""
"DQ-0130","12809298","reject_stratified","reject_candidate","1.60616109496914E-05","丈夫的一家都信佛,家中香火不断。","No, the Ascension is a promise and a revelation.","mismatch","1.0","中文描述信佛，英文描述升天，语义无关","",""
"DQ-0131","7558305","gray_lower_boundary","gray","1.64424945978681E-05","陈曦觉得姐姐这样的美人儿当然是应该穿性感的内衣了。","There were, of course, plenty of ships to be had.","mismatch","1.0","中文谈论姐姐穿性感内衣，英文谈论船只，完全无关","",""
"DQ-0132","10970046","gray_lower_boundary","gray","1.64424945978681E-05","我必须在表面上注意自己的形象,考虑将来的家庭。","I have been eying your cock all day on the beach.","mismatch","1.0","中文关于注意形象和家庭，英文关于海滩上盯着某人的性器官，完全无关","",""
"DQ-0133","5287009","reject_stratified","reject_candidate","1.61875814228551E-05","接下来,他掌心贴紧花蕊,很有技巧地揉动起来。","Deciding not to say anything, and just find his meal else where, he walked to the bathroom door.","mismatch","1.0","中文描述揉动花蕊，英文描述决定不说什么去找食物，完全无关","",""
"DQ-0134","5505195","reject_stratified","reject_candidate","1.60616109496914E-05","在中世纪早期的几百年中,东罗马一直是欧洲经济最发达的国家。","This magnificent structure fascinated architects in the centuries that followed and has been considered one of the most important examples of Persian architecture .","mismatch","1.0","中文关于东罗马经济，英文关于波斯建筑，完全无关","",""
"DQ-0135","9451221","clean_lower_boundary","clean_candidate","0.001216041506268084","Emacs:以管理员身份编辑当前文件 Leave a reply","Emacs: Delete the file that is associated with the current buffer","mismatch","1.0","中文关于以管理员身份编辑文件，英文关于删除文件，动作不同","",""
"DQ-0136","2168215","reject_stratified","reject_candidate","1.6314539607265E-05","紧接着肚子上又被狠踹了几下,再也站不住了,跪倒在地。","Stacking the file folders in a neat pile on his desk, he checked the time on his Blackberry.","mismatch","1.0","中文描述被踢肚子跪倒，英文描述整理文件，完全无关","",""
"DQ-0137","13896081","clean_lower_boundary","clean_candidate","0.001201891340315342","他说到那个父就想到了“丈夫 ” 。","“Your dad said that the only family of Dane’s he worried about was me.”","mismatch","1.0","中文关于想到父亲和丈夫，英文关于父亲担心某人，意思不同","",""
"DQ-0138","4169971","clean_lower_boundary","clean_candidate","0.0012113064294680953","妈妈的阴精开始喷出时,我便已经停止了动作,整个身子压在妈妈的身上。","Although she was on top, I was doing most of the work, and it was a labor of love.","mismatch","1.0","中文描述性行为，英文描述工作，完全无关","",""
"DQ-0139","2517926","clean_lower_boundary","clean_candidate","0.001216041506268084","Registrant Street: beijing","Street: 808 Brannan Street","mismatch","1.0","中文地址是北京，英文地址是旧金山，不同","",""
"DQ-0140","7755828","gray_lower_boundary","gray","1.64424945978681E-05","她家住在五楼,到四楼的时候,就看到明明的妈妈站在门口了。","As I learned later, she also threw glass ashtrays at other housemates, and kicked another housemate in the stomach.","mismatch","1.0","中文描述看到明明妈妈，英文描述扔烟灰缸，完全无关","",""
"DQ-0141","9366436","reject_stratified","reject_candidate","1.61875814228551E-05","最近是读到哪里啊?","Religion, or what is worshiped","mismatch","0.99","中文询问阅读进度，英文谈论宗教崇拜，语义无关","",""
"DQ-0142","13700148","reject_stratified","reject_candidate","1.6314539607265E-05","我冲进厨房里,搜寻看有没有合适的东西。","I fell back into the bed and laughed for the first time in awhile.","mismatch","0.99","中文描述冲进厨房找东西，英文描述跌回床上笑，语义无关","",""
"DQ-0143","1702417","reject_stratified","reject_candidate","1.61875814228551E-05","一想到这个问题,大脑条件反射般避开了去。","Then we were carried to the flat of the SS-man.","mismatch","0.99","中文描述大脑回避问题，英文描述被带到某处，语义无关","",""
"DQ-0144","12436690","gray_lower_boundary","gray","1.64424945978681E-05","上一篇:哪有卖砍刀的","Other : Chester's last season in the League","mismatch","0.99","中文是文章标题关于砍刀，英文是体育新闻标题，语义无关","",""
"DQ-0145","7024528","reject_stratified","reject_candidate","1.60616109496914E-05","我觉得有可能参与私有化和拆除VIE的基金,另外一个途径是在新三板上撒网。","He has a child on the way, and is in a dead-end thankless job as a high school teacher in the troubled economy of the American Southwest.","mismatch","0.99","中文讨论基金和投资，英文描述个人生活困境，语义无关","",""
"DQ-0146","1087566","reject_stratified","reject_candidate","1.61875814228551E-05","救生圈的租金。","This is the image of the palace.","mismatch","0.99","中文提及救生圈租金，英文描述宫殿形象，语义无关","",""
"DQ-0147","3201480","reject_stratified","reject_candidate","1.60616109496914E-05","房间的电话响了。","Chloe poked him playfully in the stomach.","mismatch","0.99","中文描述电话响，英文描述人物动作，语义无关","",""
"DQ-0148","4248231","gray_lower_boundary","gray","1.64424945978681E-05","“到时我向你借,然后我再借给那个老板 。 ”","I can’t see the bottom and I freeze, cling to the side, or just choke.","mismatch","0.99","中文是对话关于借东西，英文描述恐惧和窒息，语义无关","",""
"DQ-0149","9675035","gray_lower_boundary","gray","1.64424945978681E-05","她又是怎么逃出来的?","“This is how to do it?”","mismatch","0.99","中文询问逃脱方式，英文是疑问句但内容不同，语义无关","",""
"DQ-0150","5149465","clean_lower_boundary","clean_candidate","0.001201891340315342","File:GreatWall PSU.JPG","File:Gerrard Street, Toronto.JPG","mismatch","0.99","中文文件名与英文文件名不同，语义无关","",""
"DQ-0151","1056696","gray_upper_boundary","gray","0.0011786719551309943","欢迎来到AileenFoxter 的视频聊天室!","Live Cams Girls AngelaBella's Video Chat","mismatch","0.95","中文欢迎语与英文直播聊天室名称不同，人物和主题均不匹配","",""
"DQ-0152","12429478","reject_stratified","reject_candidate","1.6314539607265E-05","怎么制作简单好看的军刀","Do You Need An Attorney For A Civil Lawsuit","mismatch","0.99","中文关于制作军刀，英文关于民事诉讼律师，完全无关","",""
"DQ-0153","4203260","gray_upper_boundary","gray","0.0011972112115472555","megane1重要详情","Important details of TamaraPorter","mismatch","0.9","中文提及megane1，英文为TamaraPorter，人物不同，信息不符","",""
"DQ-0154","8876692","reject_stratified","reject_candidate","1.60616109496914E-05","我敢肯定她和某个男人上床后,立马就意识到了。","“No, nothing and I have an appointment myself with a client.","mismatch","0.98","中文表达与某人上床后的意识，英文为否定和预约客户，语义相反","",""
"DQ-0155","201336","reject_stratified","reject_candidate","1.61875814228551E-05","好容易止住咳,我回头一看,原来是那台历倒了。","I have gone to them for depression, anxiety, and insomnia, and mania.","mismatch","0.99","中文描述咳嗽和台历，英文关于治疗抑郁焦虑，主题无关","",""
"DQ-0156","9898415","reject_stratified","reject_candidate","1.60616109496914E-05","在网上买刀是货到付款吗","Is The Government Going To Raise The Debt Ceiling","mismatch","0.99","中文询问网购刀付款方式，英文关于政府债务上限，完全无关","",""
"DQ-0157","13282495","clean_lower_boundary","clean_candidate","0.0012065897462889552","当前位置 :首页 > 检测业务","Current Location :Home > Communication Corporation","mismatch","0.95","中文为检测业务，英文为通信公司，内容不同","",""
"DQ-0158","8428132","reject_stratified","reject_candidate","1.61875814228551E-05","酸奶是维持细菌平衡的.","But so is the case with the love of the father.","mismatch","0.99","中文关于酸奶维持细菌平衡，英文关于父爱，无关","",""
"DQ-0159","2691937","reject_stratified","reject_candidate","1.61875814228551E-05","妈妈继续说道,捏在腰部的力道又大了一些。","I had slept on the back of the Harley many times, so this was nothing new.","mismatch","0.99","中文描述母亲说话和腰部动作，英文关于哈雷摩托睡觉，无关","",""
"DQ-0160","614700","gray_lower_boundary","gray","1.64424945978681E-05","关于“五一节的由来”是这样的:","This plan will be developed by the student with the","mismatch","0.99","中文关于五一节由来，英文关于学生制定计划，无关","",""
"DQ-0161","9136064","gray_lower_boundary","gray","1.64424945978681E-05","“德外四虎不是四个人吗?","""Is the back of the restaurant covered?""","mismatch","1.0","中文询问德外四虎人数，英文询问餐厅背面是否覆盖，语义完全不同","",""
"DQ-0162","11552986","reject_stratified","reject_candidate","1.6314539607265E-05","·怎样在野外捕鱼","how to apply MBA in liba","mismatch","1.0","中文关于野外捕鱼，英文关于申请MBA，主题无关","",""
"DQ-0163","7194139","reject_stratified","reject_candidate","1.6314539607265E-05","他作为一厅之长,为人一向严谨,下属见了都有点害怕,只有女儿俪娜才和他显得亲热。","No, sir! This was a bonafide telescope, and it was going to be mine in a little over a month.","mismatch","1.0","中文描述厅长严谨和女儿关系，英文关于望远镜，语义无关","",""
"DQ-0164","202420","clean_lower_boundary","clean_candidate","0.0012113064294680953","DrugBossa的工作时间","Working hours of PinkDiamond","mismatch","1.0","中文关于DrugBossa工作时间，英文关于PinkDiamond工作时间，主体不同","",""
"DQ-0165","1795393","gray_upper_boundary","gray","0.0011832797899842262","19, 处女座, tokyo, onitsuka tiger","19, ORLANDO,FLA","partial","0.8","中文包含年龄19和地点东京，英文包含年龄19和地点奥兰多，部分信息重叠但地点不同","",""
"DQ-0166","8903635","gray_lower_boundary","gray","1.64424945978681E-05","基金的去向","Specials of the Week","mismatch","1.0","中文关于基金去向，英文关于本周特价，语义无关","",""
"DQ-0167","10933737","gray_lower_boundary","gray","1.64424945978681E-05","茹嫣走过去,其中一个很壮的抬起醉眼色迷迷的瞄着她。","I gave her a check, and I never thought any more of the matter.","mismatch","1.0","中文描述茹嫣和醉汉场景，英文关于支票和事情，语义无关","",""
"DQ-0168","363338","reject_stratified","reject_candidate","1.60616109496914E-05","钟嫣儿听完之后,十分兴奋地鼓掌道。","After that, Chariot hired a third-party that uses algorithms to trade currency.","mismatch","1.0","中文描述钟嫣儿鼓掌，英文关于Chariot雇佣第三方，语义无关","",""
"DQ-0169","4693948","reject_stratified","reject_candidate","1.60616109496914E-05","这个乱吃醋的变态同性恋!","This really is a very short time.","mismatch","1.0","中文骂变态同性恋，英文说时间很短，语义无关","",""
"DQ-0170","11287019","clean_lower_boundary","clean_candidate","0.0012113064294680953","贝尔格莱德5星级酒店","5-star Hotels in Sao Bento do Sapucai","mismatch","1.0","中文关于贝尔格莱德五星酒店，英文关于Sao Bento do Sapucai五星酒店，地点不同","",""
"DQ-0171","7852198","reject_stratified","reject_candidate","1.6314539607265E-05","“好的,这孩子在我们老两口这里也不习惯。","I have 40 tickets that our sponsor, The Spa at West End, gave to us.","mismatch","1.0","中文谈论孩子不习惯，英文谈论门票，语义无关","",""
"DQ-0172","6891351","reject_stratified","reject_candidate","1.61875814228551E-05","也正以为他们都生活的很幸福,所以他并没太着急与他们相见。","They were all hit by it and slammed back against the wall that was probably thirty feet behind them.","mismatch","1.0","中文说他们生活幸福不急于相见，英文描述被撞击，语义无关","",""
"DQ-0173","13401114","clean_lower_boundary","clean_candidate","0.0012113064294680953","File:Chuniaomugong.JPG","File:Alderleaf Mountain Mahogany.jpg","mismatch","0.95","文件名不同，指代不同事物","",""
"DQ-0174","10269733","gray_upper_boundary","gray","0.0011879054363816977","Pohotlivaya11的工作时间","Working hours of -ALESSANDRA-","mismatch","0.9","用户名不同，可能指不同人","",""
"DQ-0175","4634228","reject_stratified","reject_candidate","1.61875814228551E-05","叙利亚与伊斯兰国最新战事下载地址","The time difference between Syria and Cyprus is 0.196 decimal hours .","mismatch","1.0","中文关于战事下载，英文关于时差，语义无关","",""
"DQ-0176","455483","reject_stratified","reject_candidate","1.6314539607265E-05","交通信用卡如何转账","How To Get Skinny Fast Without Diet","mismatch","1.0","中文关于信用卡转账，英文关于减肥，语义无关","",""
"DQ-0177","504097","gray_lower_boundary","gray","1.64424945978681E-05","今晚,她们不光不在家里住,还面临着第一次和其他女子同床侍夫的考验。 姐妹俩打车来到了四环边的一片涉外公寓区的大门口儿,下车向一栋精美的白色两层小洋楼儿走去。","James turned the steering wheel and the lorry turned in a circle, the back of the lorry hitting the back of the car. The guy sitting at the window on the right went flying into the car, the guy on the left flew out of the window and down the cliff.","mismatch","1.0","中文描述姐妹去公寓，英文描述车祸，语义无关","",""
"DQ-0178","1040149","reject_stratified","reject_candidate","1.61875814228551E-05","对了,牛奶喝之前,一定要先拿出来解冻 。 ”","""So it was painful to get out of this beautiful body.","mismatch","1.0","中文关于牛奶解冻，英文关于身体疼痛，语义无关","",""
"DQ-0179","12069099","gray_upper_boundary","gray","0.0011879054363816977","车辆 - 维基百科,自由的百科全书","JikesRVM - Wikipedia JikesRVM","mismatch","0.95","中文关于车辆，英文关于JikesRVM，主题不同","",""
"DQ-0180","2336894","clean_lower_boundary","clean_candidate","0.001201891340315342","因本协议或本公司服务所引起或与其有关的任何争议应向人民法院提起诉讼,并以中华人民共和国法律为管辖法律。","This Agreement may be signed electronically or, as set out above, your access and make use of of the Services will manifest your consent to this Agreement.","mismatch","0.95","中文关于争议诉讼，英文关于协议签署，内容不同","",""
"DQ-0181","10671051","reject_stratified","reject_candidate","1.61875814228551E-05","过了好一阵子,她才张口说话,这时我的鸡巴早就软掉了。","Manicure, pedicure, and for the first time ever, she had a Brazilian wax.","mismatch","1.0","中文描述性行为后的反应，英文讲美容服务，完全无关","",""
"DQ-0182","588559","clean_lower_boundary","clean_candidate","0.0012065897462889552","第335章 . 赌徒心理","Appointment of general manager 335 .","mismatch","1.0","中文是章节标题，英文是任命总经理，内容不同","",""
"DQ-0183","2840453","reject_stratified","reject_candidate","1.61875814228551E-05","国家环保部的前任部长。","I kept out of sight of the classroom window.","mismatch","1.0","中文指环保部前部长，英文讲躲开教室窗户，无关","",""
"DQ-0184","1484095","reject_stratified","reject_candidate","1.61875814228551E-05","听了小天的话,妈妈似乎松了一口气,而文龙哥哥的嘴角则微微上翘了起来。","We drove to the hunting cabin, @ 15 minutes, and the talking was just about neighborhood things and general talk.","mismatch","1.0","中文描述人物反应，英文讲开车去狩猎小屋，无关","",""
"DQ-0185","3346861","gray_upper_boundary","gray","0.0011832797899842262","(函数模板 ) [ edit]","[edit ] Container data races","mismatch","1.0","中文是函数模板编辑，英文是容器数据竞争，无关","",""
"DQ-0186","7429244","gray_upper_boundary","gray","0.0011879054363816977","他在盼望另外一个新人来帮助他。 丈夫控告妻子,我们的婚姻完了,都是她不认罪。","David did not reject Bathsheba, adding another wrong to his account. David made Bathsheba his wife, and from that union came King Solomon.","mismatch","1.0","中文讲婚姻破裂和认罪，英文讲大卫和拔示巴，无关","",""
"DQ-0187","3586397","reject_stratified","reject_candidate","1.6314539607265E-05","如何保持身心健康","How to Draw a Medieval Castle","mismatch","1.0","中文问如何保持身心健康，英文讲画中世纪城堡，无关","",""
"DQ-0188","11451761","reject_stratified","reject_candidate","1.60616109496914E-05","耐磨带是什么?","How Long is the Visa Valid For?","mismatch","1.0","中文问耐磨带是什么，英文问签证有效期，无关","",""
"DQ-0189","12960994","gray_lower_boundary","gray","1.64424945978681E-05","妈妈触电一般的吐出我阳具,打着胸脯干咳一阵。","I watched until they were out of sight, then went back in the house.","mismatch","1.0","中文描述性行为后的反应，英文讲目送人离开，无关","",""
"DQ-0190","3793656","gray_lower_boundary","gray","1.64424945978681E-05","“啪”他狠狠的挨了一个大嘴巴。","The girl turned back with a smile.","mismatch","1.0","中文讲挨打，英文讲女孩微笑回头，无关","",""
"DQ-0191","3925866","clean_lower_boundary","clean_candidate","0.0012113064294680953","1、向搜索引擎目录提交网站","Your site will plummet to the depths of the unvisited web.","mismatch","1.0","中文是关于提交网站到搜索引擎目录，英文是关于网站沉没到未访问的深处，意思完全不同。","",""
"DQ-0192","4872540","gray_lower_boundary","gray","1.64424945978681E-05","唇边吻了一下,就想要退开,可是却被黑俊玮给用力的抱住,而后更加加深了这","They are unnerved by the use of such terms, but as years, and months, and thats why they laugh.","mismatch","1.0","中文描述亲吻和拥抱，英文描述对术语的不安和笑，内容无关。","",""
"DQ-0193","9925543","gray_lower_boundary","gray","1.64424945978681E-05","摩尔多瓦共和国议会","3 Kingdom of the Netherlands","mismatch","1.0","中文是摩尔多瓦共和国议会，英文是荷兰王国，实体不同。","",""
"DQ-0194","12654092","reject_stratified","reject_candidate","1.61875814228551E-05","来到公司只有我一个人把雨伞拿出来晾干。","Not one of my favorite Venom covers for sure.","mismatch","1.0","中文是关于在公司晾伞，英文是关于不喜欢的漫画封面，无关。","",""
"DQ-0195","12099864","gray_lower_boundary","gray","1.64424945978681E-05","我这是要做未来的大圣人,没有一个与众不同的象形,那可不行 。 ”","""I should much like,"" she said, ""to be a nurse at a hospital.""","mismatch","1.0","中文是关于成为圣人和象形，英文是关于想当护士，无关。","",""
"DQ-0196","7026377","gray_upper_boundary","gray","0.0011832797899842262","「我不要他带,我要小蝶 。 」","Mark is watching cartoons, and I don’t want him to hear me crying.","mismatch","1.0","中文是关于不要他带要小蝶，英文是关于马克看卡通和不想被听到哭，无关。","",""
"DQ-0197","7618436","reject_stratified","reject_candidate","1.6314539607265E-05","现在我就给你种上。","Then when I get home I'm going to purposely sleep.","mismatch","1.0","中文是现在给你种上，英文是回家后故意睡觉，无关。","",""
"DQ-0198","8042546","reject_stratified","reject_candidate","1.6314539607265E-05","公公和他不一样,玩过女人不少,可是有两个固定的情人。","It was beautiful, but there were tourists everywhere, the logical part of me argued.","mismatch","1.0","中文关于公公和情人，英文关于美丽和游客，无关。","",""
"DQ-0199","12151039","reject_stratified","reject_candidate","1.61875814228551E-05","两个版本都各有各的feel。","The two winners will be contacted via email.","mismatch","1.0","中文关于两个版本各有感觉，英文关于获胜者联系，无关。","",""
"DQ-0200","13615589","reject_stratified","reject_candidate","1.61875814228551E-05","“法律中有一个婚姻法知道不?","Perhaps there is a way you are able to remove me from that service?","mismatch","1.0","中文关于婚姻法，英文关于移除服务，无关。","",""
"DQ-0201","5577119","clean_lower_boundary","clean_candidate","0.001201891340315342","严兄弟,看来你和我一样,对这信用看的很重啊 ! 」 萧肃言点头,<br />认可了我的决定。","“Thank you,” she replied and carried on looking. <br />Joey wanted to go into meltdown at this scene that was taking place in his honor.","mismatch","1.0","中英文内容完全无关","",""
"DQ-0202","13556120","gray_lower_boundary","gray","1.64424945978681E-05","其实,这里就留下了一个很大的口子,这也是做业务非常精妙的地方,以后再细表。","I do think people have a right to privacy, and that if I’m going to expose anyone it’s going to be me.","mismatch","1.0","中英文内容完全无关","",""
"DQ-0203","10950152","reject_stratified","reject_candidate","1.61875814228551E-05","局长个人工作总结","Type Of Personal Loan","mismatch","1.0","中英文主题完全不同","",""
"DQ-0204","5562333","reject_stratified","reject_candidate","1.61875814228551E-05","果然,我的预感变成了现实。","""No, my worthy blue-baggist.""","mismatch","1.0","中英文内容完全无关","",""
"DQ-0205","11565941","reject_stratified","reject_candidate","1.61875814228551E-05","她做爱也不少了,可是老公的阴茎小,插入时也没有松的感觉。","I didn’t know too much about it, but I do remember that we had a lot of relatives in Detroit.","mismatch","1.0","中英文内容完全无关","",""
"DQ-0206","7358922","clean_lower_boundary","clean_candidate","0.0012113064294680953","浅析HPPD类除草剂中的新成员—环磺酮 2016-08-26","The Importance of Formulation Design 2016-08-26","mismatch","1.0","中英文主题不同","",""
"DQ-0207","5101258","gray_lower_boundary","gray","1.64424945978681E-05","司机从窗户里探出脑袋大叫着。","She walked out of the room without another word.","mismatch","1.0","中英文内容完全无关","",""
"DQ-0208","329228","gray_upper_boundary","gray","0.001192549243569374","超声波处理污泥技术","Equipment for Biological Treatment of Water","mismatch","1.0","中英文主题不同","",""
"DQ-0209","8264628","clean_lower_boundary","clean_candidate","0.001216041506268084","KirstenBlush重要详情","Important details of -CALYPSO-","mismatch","1.0","中英文内容不同","",""
"DQ-0210","4597592","reject_stratified","reject_candidate","1.6314539607265E-05","母亲原来是南方人,是一名医生。","It was a very beautiful city.","mismatch","1.0","中英文内容完全无关","",""
"DQ-0211","4538195","clean_lower_boundary","clean_candidate","0.0012065897462889552","自慰时想的最多的就是她的前男友。","She gave him her reading of the matter.","mismatch","1.0","中文关于自慰时想前男友，英文关于她给他读东西，语义完全不同。","",""
"DQ-0212","4974783","gray_upper_boundary","gray","0.0011832797899842262","既年轻帅气的小鲜肉,又富有成熟男人的味道。","and not the young, horny teenager who used to fuck his mother and","mismatch","1.0","中文描述年轻帅气且有成熟男人味，英文片段涉及年轻性欲旺盛的少年，语义无关。","",""
"DQ-0213","4520091","gray_lower_boundary","gray","1.64424945978681E-05","如何 接吻","How to Cook Asparagus","mismatch","1.0","中文是如何接吻，英文是如何煮芦笋，主题完全不同。","",""
"DQ-0214","13639753","clean_lower_boundary","clean_candidate","0.001216041506268084","xingbaijc.com Click to buy","bosfansedge.com bosfansedge.com","mismatch","1.0","中文是购买链接，英文是另一个网站名，内容无关。","",""
"DQ-0215","8483752","clean_lower_boundary","clean_candidate","0.001216041506268084","Grand Canyon Mule Tours by Xanterra(大峡谷国家公园)","Best Omelettes in Grand Canyon National Park, AZ Review","mismatch","1.0","中文是大峡谷骡子旅游，英文是大峡谷煎蛋卷评论，主题不同。","",""
"DQ-0216","11641640","reject_stratified","reject_candidate","1.61875814228551E-05","有,那些金针扎进去,比要我的命还难受。","""Yes, yes, and she is glad to know - she approves of it.","mismatch","1.0","中文描述金针扎入的痛苦，英文表达她高兴并赞同，语义无关。","",""
"DQ-0217","6497685","reject_stratified","reject_candidate","1.61875814228551E-05","“是的,E利博娱乐场取款额度 是在寻找漏洞。","Blog not found Sorry, the blog you were looking for does not exist.","mismatch","1.0","中文涉及赌场取款漏洞，英文是博客不存在，内容无关。","",""
"DQ-0218","5822896","reject_stratified","reject_candidate","1.60616109496914E-05","是等太久了让壮尸或是村民追上,再像脱身就难上加难了。","She was entering her fourth year in the navy and had planned to make a career out of the military.","mismatch","1.0","中文描述被僵尸或村民追上难以脱身，英文描述海军服役计划，语义无关。","",""
"DQ-0219","5754267","clean_lower_boundary","clean_candidate","0.0012065897462889552","一个老头赢了你,你都不在乎了。","“No, you don't!”","mismatch","1.0","中文说老头赢了你不在乎，英文是“不，你不”，语义不同。","",""
"DQ-0220","4320552","reject_stratified","reject_candidate","1.6314539607265E-05","所以,雁鼎湖山庄的内部所做的改动并不大,基本上保持了原有的疗养院结构。","For a second, I was back at the top of the water tower in my dream, bracing for an attack.","mismatch","1.0","中文描述雁鼎湖山庄内部改动不大，英文描述梦境中的水塔，语义无关。","",""
"DQ-0221","8456237","reject_stratified","reject_candidate","1.6314539607265E-05","我看了不出声,小弟弟却开始跳动了。","I kissed it, and marveled at how fleshy and sweet it looked.","mismatch","0.99","中文描述观察和弟弟的动作，英文描述亲吻和外观，语义完全不同","",""
"DQ-0222","6924212","gray_upper_boundary","gray","0.001192549243569374","Celebration Cruises of Santa Barbara day trips附近的景点","Restaurants near Santa Barbara Scenic Drive","mismatch","0.95","中文指景点，英文指餐厅，主题不同","",""
"DQ-0223","9601839","gray_upper_boundary","gray","0.0011786719551309943","我挤出两个字。","“Those are good words.”","mismatch","0.98","中文说挤出两个字，英文说那些是好词，意思相反","",""
"DQ-0224","9818330","gray_upper_boundary","gray","0.001192549243569374","那条路上的确如淳风所说,并不安全。","""I should, indeed, like to","mismatch","0.99","中文说路不安全，英文是未完成的句子，无关联","",""
"DQ-0225","7637554","reject_stratified","reject_candidate","1.60616109496914E-05","男子凌厉的双眼中,眼中充满了不敢置信与化不开的复杂情绪,以及一丝的","We have micrology and micrography, approaches to the study of the small, as well as macrology and macrÃ3graphy, the examination of the large.","mismatch","0.99","中文描述男子眼神，英文讨论微观和宏观方法，无关","",""
"DQ-0226","4705245","reject_stratified","reject_candidate","1.60616109496914E-05","因此问题的关键在于电台的内容和素质。","The Broncos are close to the bottom of the league in pass defense.","mismatch","0.99","中文说电台内容素质，英文说橄榄球防守，无关","",""
"DQ-0227","7892417","clean_lower_boundary","clean_candidate","0.0012065897462889552","jahong的工作时间","Working hours of BellaLovely","mismatch","0.95","中文指jahong的工作时间，英文指BellaLovely的工作时间，主体不同","",""
"DQ-0228","3059367","reject_stratified","reject_candidate","1.6314539607265E-05","这里唯一的坏事就是山区的另一边,只要从这个村子的最北边越过一处原始","As I listen to the hum of the motor, I find it amusing how different this ride is from the nightly Venice boat rides I always imagined.","mismatch","0.99","中文描述山区和村庄，英文描述乘船体验，无关","",""
"DQ-0229","13132555","gray_upper_boundary","gray","0.0011832797899842262","第四十四条 审判人员有下列情形之一的,当事人有权申请其回避:","parent undertaking – a person in any of the following situations:","partial","0.7","中文涉及审判人员回避情形，英文涉及父母承诺情形，部分概念重叠但主体不同","",""
"DQ-0230","2978476","reject_stratified","reject_candidate","1.61875814228551E-05","第三,编写体例的生动性。","At the end of the shift, I always feltit.","mismatch","0.99","中文说编写体例生动性，英文说下班后的感受，无关","",""
"DQ-0231","12814545","gray_upper_boundary","gray","0.0011972112115472555","LILYTH-DARK的工作时间","Working hours of ChristyRay1","mismatch","0.99","中文提到LILYTH-DARK，英文是ChristyRay1，人名不同，主题无关","",""
"DQ-0232","11139383","gray_upper_boundary","gray","0.0011832797899842262","公寓配备了一台电视。","The rooms are fitted with a shared bathroom.","mismatch","0.99","中文说公寓有电视，英文说房间有共用浴室，内容完全不同","",""
"DQ-0233","3330495","reject_stratified","reject_candidate","1.61875814228551E-05","我认为这是匈牙利战役拖得很久的原因所在。","General Har I think is part of the royal family or something and controls the army.","mismatch","0.99","中文讲匈牙利战役拖延原因，英文讲将军身份和军队控制，无关","",""
"DQ-0234","13089676","reject_stratified","reject_candidate","1.6314539607265E-05","叶竹兰低着小脑袋胡思乱想起来。","This money was located in his apartment.","mismatch","0.99","中文描述人物胡思乱想，英文说钱在公寓，无关","",""
"DQ-0235","9201064","reject_stratified","reject_candidate","1.6314539607265E-05","当火星撞上地球是什么状况?","What Is The Best Psychic Line To Work For","mismatch","0.99","中文问火星撞地球，英文问通灵热线工作，无关","",""
"DQ-0236","13905691","reject_stratified","reject_candidate","1.60616109496914E-05","插穿了男人肚皮的那头壮尸忽然转身,头也不回地朝着丛林深处走去。","missionary, and were full of regret that papa had not heard, in the first instance, the interesting things which","mismatch","0.99","中文描述尸体走向丛林，英文片段关于传教士和遗憾，无关","",""
"DQ-0237","2975664","reject_stratified","reject_candidate","1.6314539607265E-05","等她终于挪到了沙发前,已是气喘嘘嘘,满身香汗了。","Marilyn was 3 years old when she was brought to a malnourishment clinic in Haiti.","mismatch","0.99","中文描述挪到沙发气喘，英文讲玛丽莲营养不良诊所，无关","",""
"DQ-0238","6371068","clean_lower_boundary","clean_candidate","0.001201891340315342","她知道该如何快速达到高潮,只是我还不太适应。","I hated to ruin her mood, but I had to do this.","mismatch","0.99","中文讲高潮适应，英文讲破坏心情但必须做，无关","",""
"DQ-0239","7167681","gray_lower_boundary","gray","1.64424945978681E-05","我嘴上答应着,就走出房间,并随手将门关了,立即跑进了卫生间把水打开。","Darkspawns rushed out of the treelines, swarming into the battle and killing anyone and everyone they got to.","mismatch","0.99","中文描述走出房间开卫生间水，英文讲暗影生物战斗，无关","",""
"DQ-0240","10849215","reject_stratified","reject_candidate","1.60616109496914E-05","圣文森特和格林纳丁斯","EPF and The Industry","mismatch","0.99","中文是国名，英文是行业名称，无关","",""
"DQ-0241","5567640","gray_upper_boundary","gray","0.0011972112115472555","JaniceRayne的工作时间","Working hours of sk-santelei86","mismatch","0.95","中文指JaniceRayne的工作时间，英文指sk-santelei86的工作时间，人名不同","",""
"DQ-0242","8658197","reject_stratified","reject_candidate","1.60616109496914E-05","阳光的明亮更让一切幻入薄薄的雾中,时隐时现。","The workers are all the time pleased to assist, and are very prompt","mismatch","0.99","中文描述阳光和雾的意境，英文描述工人乐于助人，语义无关","",""
"DQ-0243","14138700","clean_lower_boundary","clean_candidate","0.001216041506268084","Anngelline重要详情","Important details of OdryCaste","mismatch","0.95","中文指Anngelline的重要详情，英文指OdryCaste的重要详情，人名不同","",""
"DQ-0244","3020384","gray_upper_boundary","gray","0.0011832797899842262","Bad Boy特攻 Bad boy dak gung(2000)","High Fidelity (2000) ... Production Company","mismatch","0.99","中文是电影Bad Boy特攻，英文是High Fidelity，片名不同","",""
"DQ-0245","7373101","reject_stratified","reject_candidate","1.6314539607265E-05","拉脱维亚苏维埃社会主义共和国国歌","Leaders of Ukraine Leaders of the Soviet Union","mismatch","0.99","中文是拉脱维亚国歌，英文是乌克兰和苏联领导人，主题无关","",""
"DQ-0246","12000155","reject_stratified","reject_candidate","1.61875814228551E-05","迎向未知的天空","Back to the dinner.","mismatch","0.99","中文是迎向未知的天空，英文是回到晚餐，语义无关","",""
"DQ-0247","5097261","reject_stratified","reject_candidate","1.61875814228551E-05","200 million[69] 惠特妮·休斯顿","Eniwa South High School [69]","mismatch","0.99","中文提到200 million和惠特妮·休斯顿，英文是Eniwa South High School，内容无关","",""
"DQ-0248","1538020","reject_stratified","reject_candidate","1.61875814228551E-05","(三)等待期限的长短","With the rising cost of the loss.","mismatch","0.99","中文是等待期限的长短，英文是损失成本上升，语义无关","",""
"DQ-0249","11517767","clean_lower_boundary","clean_candidate","0.0012113064294680953","Kindan Gems Jewellery附近酒店","Hotels near Cavadurli Station","mismatch","0.95","中文是Kindan Gems Jewellery附近酒店，英文是Cavadurli Station附近酒店，地点不同","",""
"DQ-0250","10163789","reject_stratified","reject_candidate","1.61875814228551E-05","女警官当然不同意了。","They did not kill the prisoners of war afterwards.","mismatch","0.99","中文是女警官不同意，英文是之后没有杀战俘，语义无关","",""
"DQ-0251","8074615","reject_stratified","reject_candidate","1.61875814228551E-05","·世界上最好的长刀","Growing Grapes In The Southwest","mismatch","1.0","中文讲的是长刀，英文讲的是种植葡萄，完全无关","",""
"DQ-0252","1533116","gray_upper_boundary","gray","0.0011879054363816977","Thorold挂牌上市房地产—CENTURY 21 Canada CENTURY 21 Diane Walker","Homes for sale in Oakville, Real Estate Listings - CENTURY 21 Canada CENTURY 21","mismatch","1.0","中文是Thorold的房地产，英文是Oakville的房地产，地点不同","",""
"DQ-0253","8566525","reject_stratified","reject_candidate","1.61875814228551E-05","若是以爲不自由环境裏的自由高於自由环境中的自由,外在环境已经成爲可以决定内在自由价值的要素。","In a sense, it is the fact that there are unCatholic types behaving in a Catholic way which proves the power of the culture.","mismatch","1.0","中文讨论自由与环境，英文讨论天主教行为，语义无关","",""
"DQ-0254","2047602","gray_lower_boundary","gray","1.64424945978681E-05","Q1: 如何加入皇冠官网?","Q1: What time does the festival start?","mismatch","1.0","中文问如何加入官网，英文问节日开始时间，问题不同","",""
"DQ-0255","7367874","gray_upper_boundary","gray","0.0011879054363816977","你在监视我吗?","“Where are you parked?”","mismatch","1.0","中文问是否监视，英文问停车地点，语义不同","",""
"DQ-0256","7456086","gray_lower_boundary","gray","1.64424945978681E-05","仿佛听见你在歌唱 琵琶轻响","If you were an NCO you were like a politician.","mismatch","1.0","中文是歌唱和琵琶，英文是军士和政治家，无关","",""
"DQ-0257","9612447","reject_stratified","reject_candidate","1.61875814228551E-05","家里就剩下我和两个姐妹。","Cat looked at me and frowned.","mismatch","1.0","中文说家里剩我和姐妹，英文说猫看我皱眉，无关","",""
"DQ-0258","9141058","gray_lower_boundary","gray","1.64424945978681E-05","两个女人在前,侯龙涛断后,他们已经出了大门。","""Fuck off, losers,"" Benji said, rinsing off quickly and hurrying out of the showers to dress.","mismatch","1.0","中文描述人物出门，英文是骂人和淋浴，无关","",""
"DQ-0259","12159740","gray_lower_boundary","gray","1.64424945978681E-05","下面是保存记录时所需的典型的工作流。","Validates that the attribute value is a number.","mismatch","1.0","中文讲保存记录工作流，英文讲验证属性值，无关","",""
"DQ-0260","8437166","reject_stratified","reject_candidate","1.6314539607265E-05","文森高兴的说着,手还紧紧的握","to say that there is an unchristened child in the house","mismatch","1.0","中文是高兴说话和握手，英文是未受洗的孩子，无关","",""
"DQ-0261","9033084","gray_lower_boundary","gray","1.64424945978681E-05","唉,回去怎么向妈妈交待,她可是叫我好好保护你的。","I got to the Pier about 15 minutes early, and sat, and waited.","mismatch","1.0","中文表达回家向妈妈交代，英文描述在码头等待，语义完全不同。","",""
"DQ-0262","7889574","gray_lower_boundary","gray","1.64424945978681E-05","在黑洞洞的枪口下,阿威不得不照办了,一颗心直沉到了脚底。","At midnight the wind began to rise, and a rustling sound was heard at the foot of the tree.","mismatch","1.0","中文描述枪口下被迫照办，英文描述午夜风声和树下的响声，语义无关。","",""
"DQ-0263","1639831","reject_stratified","reject_candidate","1.60616109496914E-05","在IWC万国表踏出第一步","The price in the above form is RMB.","mismatch","1.0","中文关于IWC万国表的第一步，英文关于价格表，语义无关。","",""
"DQ-0264","1607554","gray_lower_boundary","gray","1.64424945978681E-05","“日本人要毛尸做什么?","What have the cops got to do with us?","mismatch","1.0","中文问日本人要毛尸做什么，英文问警察与我们何干，语义不同。","",""
"DQ-0265","699865","reject_stratified","reject_candidate","1.6314539607265E-05","(二)证实登记确有错误的材料;","a) supervise the payment system in the Republic of Moldova;","mismatch","1.0","中文关于证实登记错误的材料，英文关于监督支付系统，语义无关。","",""
"DQ-0266","1293619","reject_stratified","reject_candidate","1.61875814228551E-05","闪婚啊! 这让我想到一个习惯用语:around the corner.","One of the goals of the program was to keep families together.","mismatch","1.0","中文提到闪婚和习惯用语，英文关于项目目标，语义无关。","",""
"DQ-0267","734306","reject_stratified","reject_candidate","1.6314539607265E-05","芬蘭交通 - 维基百科,自由的百科全书","Abortion in Montenegro - Wikipedia","mismatch","1.0","中文关于芬兰交通维基百科，英文关于黑山堕胎维基百科，主题不同。","",""
"DQ-0268","11898928","gray_lower_boundary","gray","1.64424945978681E-05","我要克服我在大学里那个我讨厌的气氛!","There are a lot of things I want to do in this holiday.","mismatch","1.0","中文表达克服讨厌的大学气氛，英文表达假期想做的事，语义无关。","",""
"DQ-0269","8372252","reject_stratified","reject_candidate","1.6314539607265E-05","如何 吹口哨","How to Draw Buildings","mismatch","1.0","中文关于如何吹口哨，英文关于如何画建筑，主题不同。","",""
"DQ-0270","2668731","gray_upper_boundary","gray","0.0011832797899842262","诸城广源屠宰机械有限公司","Zhongshan Guangrun Lighting Co., Ltd.","mismatch","1.0","中文公司名与英文公司名不同，语义无关。","",""
"DQ-0271","13002011","reject_stratified","reject_candidate","1.61875814228551E-05","压抑越久,那么就越是变态。","She opened the next locker, then sighed.","mismatch","1.0","中文表达压抑导致变态，英文描述打开储物柜，语义无关","",""
"DQ-0272","5047750","gray_lower_boundary","gray","1.64424945978681E-05","你知道大法弟子的圆满是一个多么伟大的事情?","How do you know what is too little or too much?","mismatch","1.0","中文关于大法弟子圆满，英文关于多少，语义无关","",""
"DQ-0273","12717829","gray_upper_boundary","gray","0.0011832797899842262","我真的就想要她。","I did not want her to cum.","mismatch","1.0","中文表达想要她，英文表达不想让她高潮，语义相反","",""
"DQ-0274","6999666","gray_lower_boundary","gray","1.64424945978681E-05","同时更加强化了他对睡眠的反感,宝宝也就越发不肯午睡了。","One Yoga exercise is to take a deep breath, and hold the right nostril with thumb and finger.","mismatch","1.0","中文关于宝宝午睡反感，英文关于瑜伽呼吸，语义无关","",""
"DQ-0275","13322150","clean_lower_boundary","clean_candidate","0.001201891340315342","声援巴勒斯坦人民国际日","United Nations' International Day of Persons with Disabilities","mismatch","1.0","中文是声援巴勒斯坦人民国际日，英文是国际残疾人日，语义不同","",""
"DQ-0276","9422214","gray_lower_boundary","gray","1.64424945978681E-05","下面给利伴网 小编为您介绍一下。","The tomato is a very expensive to insure.","mismatch","1.0","中文介绍利伴网，英文关于番茄保险，语义无关","",""
"DQ-0277","11497684","reject_stratified","reject_candidate","1.61875814228551E-05","我很想念妈妈,无法让我快活起来。","managed to at least free his cock, and I was very pleased.","mismatch","1.0","中文想念妈妈不快乐，英文关于释放性器官，语义无关","",""
"DQ-0278","2149306","reject_stratified","reject_candidate","1.61875814228551E-05","警察把资料递给了博士。","Contribute to the funds of the party.","mismatch","1.0","中文警察递资料，英文为政党捐款，语义无关","",""
"DQ-0279","1825814","reject_stratified","reject_candidate","1.61875814228551E-05","请问师尊飞天艺术学院在台湾设立分校的目地是什么?","What is the sin that took place in the Garden of Eden?","mismatch","1.0","中文问艺术学院分校目的，英文问伊甸园罪，语义无关","",""
"DQ-0280","1192318","gray_lower_boundary","gray","1.64424945978681E-05","龙涛,你怎么会对不起我呢?","Can you tell me anything about Mother's symptoms?""","mismatch","1.0","中文问龙涛为何对不起我，英文问母亲症状，语义无关","",""
"DQ-0281","9674084","reject_stratified","reject_candidate","1.60616109496914E-05","一件艺术品的完整性是很重要的。","I swear I'm like the definition of a poser.","mismatch","1.0","中文谈论艺术品完整性，英文谈论冒充者，语义无关","",""
"DQ-0282","6253724","gray_upper_boundary","gray","0.001192549243569374","原以为事情到此为止了。","And indeed that was the most agreeable part of the whole story.","mismatch","1.0","中文表示事情结束，英文表示故事最令人愉快部分，语义无关","",""
"DQ-0283","3376124","reject_stratified","reject_candidate","1.61875814228551E-05","前往国贸大厦的公交车很多,颜尚投了一元硬币,上得一辆公交车。","They were yellowed old letters, and on the top of the package there was a worn daguerreotype-case with broken clasp.","mismatch","1.0","中文描述乘公交，英文描述旧信件和照片，语义无关","",""
"DQ-0284","4844677","reject_stratified","reject_candidate","1.61875814228551E-05","女人的未来是什么?","“Which is the boy?”","mismatch","1.0","中文问女人未来，英文问哪个是男孩，语义无关","",""
"DQ-0285","7183629","gray_lower_boundary","gray","1.64424945978681E-05","没用多久,终于出了林子,我们看到了万金山所说的那道裂沟。","Now I was thinking, “Great, we can’t climb OUT the window, because of the burglar bars.","mismatch","1.0","中文描述出林子看到裂沟，英文描述窗户和防盗栏，语义无关","",""
"DQ-0286","10188282","gray_lower_boundary","gray","1.64424945978681E-05","他拼命的点点头,这时候解决身体问题是最大的事情。","kitchen, clutching his head and staring out of the window into the back garden.","mismatch","1.0","中文描述点头和解决身体问题，英文描述厨房和花园，语义无关","",""
"DQ-0287","5125506","reject_stratified","reject_candidate","1.6314539607265E-05","其中的“有意者请联系”是可以不写的。","She is one of the most booked coaches I know.","mismatch","1.0","中文关于联系信息可省略，英文关于教练，语义无关","",""
"DQ-0288","12687718","clean_lower_boundary","clean_candidate","0.0012065897462889552","Ben, blogging: December 2006","Ben, blogging: July 2007","mismatch","1.0","中文和英文月份不同，但内容相同，但月份不同，可能为错误，但语义上都是博客标题，但月份不同，视为不匹配","",""
"DQ-0289","4276926","gray_lower_boundary","gray","1.64424945978681E-05","心中的怒火已经忍耐了好久好久,我狠狠地将马卡娜往前顶,撞的桌子咯吱咯吱地响个不停。","I hadn’t seen Kylie and Simone for years, and the prospect of meeting Chris in the flesh for the first time was a bit daunting.","mismatch","1.0","中文描述愤怒和撞桌子，英文描述见朋友和紧张，语义无关","",""
"DQ-0290","4366833","reject_stratified","reject_candidate","1.61875814228551E-05","可就在几个月以前,我妈她交了个男朋友,现在弄的要结婚,我为这事跟她吵了好几回。","7 Then I went to the Euphrates, and dug, and I took the loincloth from the place where I had hidden it.","mismatch","1.0","中文描述母亲交男友和结婚争吵，英文描述藏腰带，语义无关","",""
"DQ-0291","8820925","reject_stratified","reject_candidate","1.61875814228551E-05","等他清醒过来之后,他发现珺梅已经不在了,但是浴室里传出的水声,他知道珺梅此时正在浴室里清洗身体。","In the tense ten years when he was Adolf Légalité, he threatened it so often that he gave the party leaders the jitters, wondering what they would do i f he carried out his threat.","mismatch","1.0","中文描述人物清醒后发现浴室水声，英文内容关于政治威胁，完全无关。","",""
"DQ-0292","9446740","gray_lower_boundary","gray","1.64424945978681E-05","一 你我相隔一冬却是相离一生 . . .","This is a liberated website content manoeuvre that you crapper do anytime.","mismatch","1.0","中文表达相隔一冬却相离一生的诗意，英文为网站操作内容，语义无关。","",""
"DQ-0293","10089505","gray_lower_boundary","gray","1.64424945978681E-05","Gizmode pcバッグ gmpc-002 意见: 533","France political map Views: 471","mismatch","1.0","中文为产品名称和意见数，英文为法国政治地图和浏览量，内容不同。","",""
"DQ-0294","5495522","reject_stratified","reject_candidate","1.6314539607265E-05","泄身过后的妈妈俯身躺在他的怀里大口大口的喘气,整个后背都是密密麻麻的汗水,高耸的大奶子压在他的胸膛上,身子随着胸口起伏微微的颤动。","The middle Hayes was very handsome in a smooth urbanite way with his tailored suit, silk tie, and clean-shaven face, and his complexion was the light tan of a man who was mostly indoors and only had the Texan sun on his face during weekends.","mismatch","1.0","中文描述人物身体状态，英文描述人物外貌，语义无关。","",""
"DQ-0295","4581522","reject_stratified","reject_candidate","1.60616109496914E-05","(Fidai Mahaz指挥官 ) [ 31]","Civilian casualties (2001–2003) [ edit ]","mismatch","1.0","中文为组织名称和编号，英文为平民伤亡统计，内容不同。","",""
"DQ-0296","1748064","reject_stratified","reject_candidate","1.60616109496914E-05","期刊简介","Golfer Of The Year","mismatch","1.0","中文为期刊简介，英文为年度高尔夫球手，语义无关。","",""
"DQ-0297","11860778","reject_stratified","reject_candidate","1.61875814228551E-05","色情电影有哪些","What is an ntstandby booking?","mismatch","1.0","中文询问色情电影，英文询问预订，语义无关。","",""
"DQ-0298","5082232","gray_upper_boundary","gray","0.0011879054363816977","心梅害怕极了他即将说出的话会很可怕。","A fierce rage on a sudden seized Arthur so that he scarcely knew what he was about.","mismatch","1.0","中文表达人物害怕，英文描述愤怒情绪，语义不同。","",""
"DQ-0299","4122864","gray_lower_boundary","gray","1.64424945978681E-05","欢迎光临小店","Moving to the USA?","mismatch","1.0","中文为欢迎光临，英文为移居美国，语义无关。","",""
"DQ-0300","12906628","reject_stratified","reject_candidate","1.60616109496914E-05","赶紧抹了一把脸,带着文件就匆匆开车奔领馆去了。","The resulting amalgam was always a noun-verb, and inflected according to the ordinary rules.","mismatch","1.0","中文描述匆忙去领馆，英文描述语法规则，语义无关。","",""
"DQ-0301","9095986","reject_stratified","reject_candidate","1.6314539607265E-05","时而停下,依偎在恋人身旁,忘身山川之间。","I was furious, and responded, “I will fight to the end.","mismatch","1.0","中文描述浪漫场景，英文表达愤怒和战斗，语义完全不同","",""
"DQ-0302","4056399","reject_stratified","reject_candidate","1.60616109496914E-05","她这个作母亲的除了为爱儿感到骄傲外,她就不为爱儿所迷吗?","Not a fan of smart bombs in general, but that was...","mismatch","1.0","中文关于母亲对儿子的骄傲和迷恋，英文关于智能炸弹，无关","",""
"DQ-0303","4587763","gray_upper_boundary","gray","0.0011972112115472555","请求的 URL : / photo-15-2.aspx","Requested URL: /bottles/white-stout.aspx","mismatch","1.0","URL路径不同，请求的页面不同","",""
"DQ-0304","4217893","reject_stratified","reject_candidate","1.61875814228551E-05","Q1: 请问各个游戏的注额为多少?","Q4: How about the color of HPML002?","mismatch","1.0","中文问注额，英文问颜色，问题不同","",""
"DQ-0305","3587174","gray_lower_boundary","gray","1.64424945978681E-05","随后成为linux内核开发小组中的重要成员。","Meet a member of the opposite sex.","mismatch","1.0","中文关于linux内核开发，英文关于异性成员，无关","",""
"DQ-0306","2402371","reject_stratified","reject_candidate","1.61875814228551E-05","如何让客户关系焕发新生?","Get The Power To Know® on the go.","mismatch","1.0","中文关于客户关系，英文关于移动获取信息，无关","",""
"DQ-0307","12041207","reject_stratified","reject_candidate","1.6314539607265E-05","里流浪呢,大周打下了江山,他官拜殿前都点点,总掌全国的兵马,也算是一人","It was the second in just over a month to strike one of the Shiite group’s bastions of support, and the deadliest in decades. Responder Miguel","mismatch","1.0","中文关于历史人物官职，英文关于袭击事件，无关","",""
"DQ-0308","12245292","reject_stratified","reject_candidate","1.60616109496914E-05","总统直选对宪政运作之影响 .","""OK Go: Of the Blue Colour of the Sky"" .","mismatch","1.0","中文关于总统直选，英文关于音乐专辑，无关","",""
"DQ-0309","7777568","gray_upper_boundary","gray","0.0011972112115472555","BellaLovely的工作时间","Working hours of MalayaNyasha","mismatch","1.0","中文关于BellaLovely，英文关于MalayaNyasha，名称不同","",""
"DQ-0310","12729881","gray_lower_boundary","gray","1.64424945978681E-05","您申请的职位:","BLSR stands for:","mismatch","1.0","中文问申请的职位，英文问BLSR含义，无关","",""
"DQ-0311","328921","reject_stratified","reject_candidate","1.61875814228551E-05","你为什么要捉他?","How much did you enjoy it?","mismatch","1.0","中文问为何捉他，英文问享受程度，语义完全不同","",""
"DQ-0312","10810964","gray_lower_boundary","gray","1.64424945978681E-05","排法是将3个小面团排在模型中间,","Only eight municipalitiesÂ provide Â 82% of the drinking water in the United States.","mismatch","1.0","中文描述排面团，英文涉及美国饮用水，内容无关","",""
"DQ-0313","1966036","reject_stratified","reject_candidate","1.61875814228551E-05","德国驻华大使馆","Infectious Diseases of Germany","mismatch","1.0","中文为德国驻华大使馆，英文为德国传染病，语义不同","",""
"DQ-0314","7996692","clean_lower_boundary","clean_candidate","0.001201891340315342","澳门由中国秦朝起已经是中国领土,中国元朝海军长期在珠三角附近巡逻。","In 1974, Macao was established as a Chinese territory under Portuguese administration; the Chinese refused to accept the return of the territory at the time.","mismatch","1.0","中文强调澳门自古属中国，英文称1974年葡萄牙管理，历史表述矛盾","",""
"DQ-0315","360297","gray_upper_boundary","gray","0.0011832797899842262","Hot_Nicky30的工作时间","Working hours of 2GLAMOURtrans","mismatch","1.0","中文为Hot_Nicky30工作时间，英文为2GLAMOURtrans工作时间，主体不同","",""
"DQ-0316","2077618","clean_lower_boundary","clean_candidate","0.001201891340315342","CaseyFox的工作时间","Working hours of Karlaguci","mismatch","1.0","中文为CaseyFox工作时间，英文为Karlaguci工作时间，主体不同","",""
"DQ-0317","8939075","gray_lower_boundary","gray","1.64424945978681E-05","我们在做决策时,尤其是重大的决策时,都希望自己能够理智地分析情况,然后做出更好的选择。","Hopefully, I'll be able to get more involved with Endeavor in the future, and we've made plans to meet up when he comes to San Francisco!","mismatch","1.0","中文谈决策理性，英文谈未来参与和会面，内容无关","",""
"DQ-0318","6496224","reject_stratified","reject_candidate","1.60616109496914E-05","妇女节是在玫瑰星期一的前一个周的星期四,另外还有妇女节星期六。","The university was re-opened on 17 November 1945 as one of the first in the British occupation zone .","mismatch","1.0","中文讲妇女节日期，英文讲大学重开，内容无关","",""
"DQ-0319","3956902","gray_upper_boundary","gray","0.0011832797899842262","上海北湖建设工程有限公司","Wujiang Jinhua Cleanroom Project Co., Ltd.","mismatch","1.0","中文为上海北湖建设工程有限公司，英文为吴江金华洁净室项目有限公司，公司不同","",""
"DQ-0320","13959225","reject_stratified","reject_candidate","1.61875814228551E-05","10 如何选择人才","How to Get Soft Hair","mismatch","1.0","中文为如何选择人才，英文为如何获得柔软头发，主题不同","",""
"DQ-0321","12394310","reject_stratified","reject_candidate","1.60616109496914E-05","·如何用渔网捕鱼","How To Prevent Gas Bloating With Diabetes","mismatch","1.0","中文讲渔网捕鱼，英文讲糖尿病预防腹胀，完全无关","",""
"DQ-0322","11980298","reject_stratified","reject_candidate","1.60616109496914E-05","那么初中语文课该怎样上呢?","So what exactly is CPA Internet?","mismatch","1.0","中文问初中语文课怎么上，英文问CPA互联网是什么，完全无关","",""
"DQ-0323","6812360","reject_stratified","reject_candidate","1.6314539607265E-05","吉祥侧过脸来,说能不能吻你一下,我说讨厌。","But no matter how, I can't increase my yield.","mismatch","1.0","中文是对话场景，英文讲产量无法增加，完全无关","",""
"DQ-0324","7810353","reject_stratified","reject_candidate","1.60616109496914E-05","黑木耳是好东西。 为什么呢?","This is a bag of heart attack cancer.","mismatch","1.0","中文讲黑木耳好处，英文讲心脏病癌症，完全无关","",""
"DQ-0325","5058255","reject_stratified","reject_candidate","1.61875814228551E-05","网上能买到狗腿刀吗","Can I Deduct Medicare Insurance Premiums","mismatch","1.0","中文问网上买狗腿刀，英文问医疗保险扣除，完全无关","",""
"DQ-0326","1836354","gray_lower_boundary","gray","1.64424945978681E-05","我在念书的时候,曾经听过她的一个讲座,那个讲座从开始到结束,没有一个人中途退场,所有人都听得如痴如醉。","Shortly before midnight, I proposed a crazy idea to Cheryl and Eliza--let's get out of the tub, put on some warmer clothes, and go tromping around the woods in the dark.","mismatch","1.0","中文讲听讲座，英文讲午夜去森林，完全无关","",""
"DQ-0327","4432693","clean_lower_boundary","clean_candidate","0.001201891340315342","田文芝当即表态说 : “ 你放心去吧, 小军就交给我们了。","""You have asked me to tell the truth,"" he said coldly, ""and I have done so.","mismatch","1.0","中文是承诺照顾孩子，英文是冷言回应，完全无关","",""
"DQ-0328","13559604","reject_stratified","reject_candidate","1.61875814228551E-05","阿基米德在世的时候,对球积的求法有着很深的研究。","Investigators had a difficult time pinpointing the source of the illnesses, Englejohn said.","mismatch","1.0","中文讲阿基米德研究球积，英文讲调查疾病来源，完全无关","",""
"DQ-0329","7844218","gray_upper_boundary","gray","0.0011972112115472555","深圳激光脱毛哪家好?","Is a consultation necessary for Laser Hair Removal?","partial","0.8","中文问深圳激光脱毛哪家好，英文问激光脱毛是否需要咨询，主题相关但具体问题不同","",""
"DQ-0330","7953924","gray_lower_boundary","gray","1.64424945978681E-05","用你的大棍子贯穿我吧 . . .","Spend some absolutely free time with your kids.","mismatch","1.0","中文是性暗示，英文是和孩子共度时光，完全无关","",""
"DQ-0331","13807615","reject_stratified","reject_candidate","1.6314539607265E-05","说着,拿起母亲的手,朝自己脸上连扇几巴掌。","He shook out a couple of the pills, recapped the bottle, and tossed it back in his bag.","mismatch","1.0","中文描述打脸动作，英文描述药物和包，语义完全不同","",""
"DQ-0332","9241365","reject_stratified","reject_candidate","1.6314539607265E-05","那股蓝烟依旧在狠力干着他的屁眼,很快这个壮硕的猛男科学家便已经被操得口","Her hair was still a huge mess, and she was wearing the same thing she had been this morning.","mismatch","1.0","中文涉及性行为，英文描述头发和穿着，无关","",""
"DQ-0333","9078898","reject_stratified","reject_candidate","1.61875814228551E-05","在奥涅金余下的人生里,将只有无尽的孤寂、无尽的悔恨。","There will be a marked acceleration in the number of signal boxes decommissioned each year.","mismatch","1.0","中文讲奥涅金的孤寂悔恨，英文讲信号箱退役，无关","",""
"DQ-0334","8455103","clean_lower_boundary","clean_candidate","0.0012113064294680953","Tech Name: SUN XIJUN","Tech Name: DNS Manager","mismatch","1.0","中文人名，英文职位，不同实体","",""
"DQ-0335","7616693","gray_lower_boundary","gray","1.64424945978681E-05","很多事不是努力就能做到的。","The skeptic argues Christina did not have a lot of competition.","mismatch","1.0","中文讲努力不一定成功，英文讲怀疑论者观点，无关","",""
"DQ-0336","7505833","reject_stratified","reject_candidate","1.61875814228551E-05","透过护士站门边的窗户,从","You go in consequence of the breaking up of the family.""","mismatch","1.0","中文描述窗户场景，英文讲家庭破裂，无关","",""
"DQ-0337","9158275","gray_lower_boundary","gray","1.64424945978681E-05","我怎麽不是好人了?","“Who am I to marry?”","mismatch","1.0","中文反问好人，英文问嫁给谁，不同","",""
"DQ-0338","5807482","gray_upper_boundary","gray","0.0011879054363816977","请求的 URL : / showtopic-1987.aspx","Requested URL: /s3/repzioproductimages/1268/tpb-wm_lg.jpg","mismatch","1.0","URL路径不同，内容不同","",""
"DQ-0339","7891427","gray_lower_boundary","gray","1.64424945978681E-05","是的,这女人确实是去参加一个时尚派对,她叫费雯莉,她正要前往位于城北的利贤庄园,参加厉家组织的派对。","The teacher started asking me a lot of bizarre questions and in the end announced that she was going to leave her husband and come follow me, because the Dhamma I taught was so amazing.","mismatch","1.0","中文讲时尚派对，英文讲老师提问，无关","",""
"DQ-0340","7492670","gray_lower_boundary","gray","1.64424945978681E-05","只是,在短暂的风情外露之后,她的脸上却充满着愁容。","I came to know that he died suddenly of renal failure, after a brief illness.","mismatch","1.0","中文讲愁容，英文讲死亡原因，无关","",""
"DQ-0341","9380392","clean_lower_boundary","clean_candidate","0.0012113064294680953","eo.wikipedia.org上的用途 Orakola osto","Usage on zh.wikipedia.org","mismatch","0.99","中文提及eo.wikipedia.org上的用途，英文提及zh.wikipedia.org上的用途，主题不同","",""
"DQ-0342","9288718","reject_stratified","reject_candidate","1.61875814228551E-05","正是三藏的心窝窝中,深藏着、压抑着同样的幻想,老猪的话,只不过是跟自己引起了共鸣、跟老猪在心里面互相追捧。","The `Resolution', as it was called, which was widely published in the newspapers of the day was in fact a declaration of war, and was so accepted by the master class.","mismatch","0.99","中文描述三藏和猪八戒的内心共鸣，英文描述决议和宣战，内容无关","",""
"DQ-0343","13221941","reject_stratified","reject_candidate","1.61875814228551E-05","半年以后我将一个人孤零零地生活,这跟现在的场景相差太大了,我简直无法想象。","I was on fire, I was about to yell at him but the girl, who is most likely a year younger than me, spoke up.","mismatch","0.99","中文表达未来孤独生活与现状对比，英文描述愤怒和女孩说话，内容无关","",""
"DQ-0344","13192225","gray_upper_boundary","gray","0.0011879054363816977","KaelynDiva的工作时间","Working hours of AnyelineThong","mismatch","0.99","中文提及KaelynDiva的工作时间，英文提及AnyelineThong的工作时间，人物不同","",""
"DQ-0345","4299765","reject_stratified","reject_candidate","1.61875814228551E-05","完事之后我还躺在床上,她却起来穿衣服。","When I ride it, I have the soundtrack of Endless summer in my mind.","mismatch","0.99","中文描述事后躺床和穿衣，英文描述骑车和音乐，内容无关","",""
"DQ-0346","2354666","reject_stratified","reject_candidate","1.61875814228551E-05","你对九阳公司选择经销商的条件如何评价?","How do you offer more engagement without the sales pitch?","mismatch","0.99","中文询问对九阳公司选择经销商条件的评价，英文询问如何提供更多参与感，内容无关","",""
"DQ-0347","4473665","gray_lower_boundary","gray","1.64424945978681E-05","这和过年时当时的情景一模一样啊。","The crew stood around a man lying prone at the base of the mid-mast.","mismatch","0.99","中文描述与过年情景相同，英文描述船员围绕躺卧的人，内容无关","",""
"DQ-0348","2592651","gray_lower_boundary","gray","1.64424945978681E-05","造成病人不舒适的外因有哪些?","What are the differences between COM architecture and.NET architecture?","mismatch","0.99","中文询问造成病人不舒适的外因，英文询问COM和.NET架构差异，内容无关","",""
"DQ-0349","12746658","reject_stratified","reject_candidate","1.61875814228551E-05","于是父亲提出离婚,把房和车留给了母亲。","The road to Chicago completes the system, and the Baltimoreans The House of Refuge--Baltimore.","mismatch","0.99","中文描述父亲离婚留房车给母亲，英文描述芝加哥道路和巴尔的摩避难所，内容无关","",""
"DQ-0350","10612332","reject_stratified","reject_candidate","1.6314539607265E-05","老公,都是我的错,这几个星期我光记得工作而把忘","I was only twelve; and I dreamed of cannibals for weeks.""","mismatch","0.99","中文表达妻子道歉和忘记工作，英文描述十二岁梦见食人族，内容无关","",""
"DQ-0351","1652613","gray_lower_boundary","gray","1.64424945978681E-05","回到饭店,我还算好,他们几个就很狼狈了。","John, I'm sorry if this reads a bit like a police report","mismatch","1.0","中文描述回到饭店后的状态，英文是道歉和警察报告，语义无关","",""
"DQ-0352","3062310","reject_stratified","reject_candidate","1.60616109496914E-05","怎样制作刀具","How To Decrease Your Debt","mismatch","1.0","中文关于制作刀具，英文关于减少债务，主题完全不同","",""
"DQ-0353","11283912","reject_stratified","reject_candidate","1.61875814228551E-05","转身回到船舱,整整 一夜她都没有回来,在凌晨的时候,依稀在梦里见过她。","The cold is a bit much but when I switch back to warm water I can feel myself sweating, in the shower, at five in the morning.","mismatch","1.0","中文描述船舱和梦境，英文描述冷水和淋浴，语义无关","",""
"DQ-0354","7106862","reject_stratified","reject_candidate","1.61875814228551E-05","我开口道,这次其实我也不知道我为什么要道歉。","An Italian nun is a singing sensation, and I don't care.","mismatch","1.0","中文关于道歉，英文关于意大利修女唱歌，语义无关","",""
"DQ-0355","9240900","gray_lower_boundary","gray","1.64424945978681E-05","如何注册成为会员","How to Control UISearchBar Background Color","mismatch","1.0","中文关于注册会员，英文关于控制搜索栏背景色，主题不同","",""
"DQ-0356","3929897","gray_lower_boundary","gray","1.64424945978681E-05","·赢话费的游戏大厅都有哪些","What Are The Debts Of Countries","mismatch","1.0","中文关于游戏大厅，英文关于国家债务，语义无关","",""
"DQ-0357","4151545","reject_stratified","reject_candidate","1.61875814228551E-05","数百人一起站起来盯着自己看,那感觉那场面,真的非常具有威慑力。","And I ended up wearing a bachelorette sash and my visor and sunglasses, and yeah, it was ridiculous.","mismatch","1.0","中文描述众人注视的威慑感，英文描述穿着和滑稽场景，语义无关","",""
"DQ-0358","9243389","clean_lower_boundary","clean_candidate","0.001216041506268084","真的这么急吗?","Was it really God’s voice?","mismatch","1.0","中文问是否真的急，英文问是否上帝的声音，语义不同","",""
"DQ-0359","13615292","clean_lower_boundary","clean_candidate","0.0012113064294680953","儿童减肥危害 96.","Lack of Direction 96.","mismatch","1.0","中文关于儿童减肥危害，英文关于缺乏方向，主题无关","",""
"DQ-0360","7307234","clean_lower_boundary","clean_candidate","0.001216041506268084","几次去阿鲁巴都是待在棕榈沙滩的高处。","We do hope to serve you again on one of your visits to Aruba.","mismatch","1.0","中文描述在阿鲁巴的住宿位置，英文表达希望再次服务，语义不同","",""
"DQ-0361","247030","reject_stratified","reject_candidate","1.6314539607265E-05","而当我离开公司后,我希望我能以公司为荣。","I used to ride my bike a lot and when I met my wife, I met her through bike riding.","mismatch","1.0","中文表达离开公司后以公司为荣，英文讲骑自行车认识妻子，语义完全不同。","",""
"DQ-0362","8702686","reject_stratified","reject_candidate","1.61875814228551E-05","二十、 她可能觉得自己确实有点过了,就把车靠在路边停了下来。","Down the side of the rock there are broad ledges, and it is on one of these that the market-place is built.","mismatch","1.0","中文描述停车，英文描述岩石上的市场，内容无关。","",""
"DQ-0363","3698838","reject_stratified","reject_candidate","1.60616109496914E-05","在饭店门口,有刘唯山的弟子负责","It had to be put at the end of the book...","mismatch","1.0","中文讲饭店门口有弟子负责，英文讲书末放置，语义无关。","",""
"DQ-0364","8750687","gray_lower_boundary","gray","1.64424945978681E-05","倒扁总部29日晚公布的最新行程如下:","Some of the terms of the agreement are as follows:","partial","0.6","中文提到行程公布，英文提到协议条款，但都有'如下'，核心信息不同。","",""
"DQ-0365","6575537","reject_stratified","reject_candidate","1.61875814228551E-05","收藏到了《笑傲江湖的文件夹》","Basically the line colour of the pointerGuide.","mismatch","1.0","中文收藏文件夹，英文指针颜色，无关。","",""
"DQ-0366","13913252","reject_stratified","reject_candidate","1.61875814228551E-05","在夜幕降临以前,要回家是太远了,但是到城里去也不近。","But she laughed, and said it was not a ruby at all, but only a red stone.","mismatch","1.0","中文讲回家和进城距离，英文讲红宝石，无关。","",""
"DQ-0367","1584095","reject_stratified","reject_candidate","1.60616109496914E-05","·最新版捕鱼机","Instagram Categories of the day","mismatch","1.0","中文捕鱼机，英文Instagram分类，无关。","",""
"DQ-0368","14123901","reject_stratified","reject_candidate","1.60616109496914E-05","姚婧回房就悃了,小孩子的身体,总是睡得多些。","When a new poll is put up, the old one is replaced.","mismatch","1.0","中文讲孩子睡觉，英文讲民意调查，无关。","",""
"DQ-0369","8652342","gray_lower_boundary","gray","1.64424945978681E-05","并且反锁上了房门。","""And the baby?""","mismatch","1.0","中文反锁房门，英文问婴儿，无关。","",""
"DQ-0370","9673668","gray_lower_boundary","gray","1.64424945978681E-05","作为外国人我就去了第六回大邱达西区的多文化庆典","It’s 9min walk to the entrance of Daegu Arboretum.","partial","0.5","中文提到参加大邱庆典，英文提到大邱植物园步行距离，地点相关但事件不同。","",""
"DQ-0371","1695136","gray_lower_boundary","gray","1.64424945978681E-05","如何 让男人彻底爱上你","Related wikiHows How to Get Prescribed Xanax","mismatch","1.0","中文主题为恋爱技巧，英文主题为获取处方药，完全无关","",""
"DQ-0372","774825","gray_lower_boundary","gray","1.64424945978681E-05","从衣领里伸进去,那一双硕大的乳房沉甸甸的,攥在手里轻轻地揉着。","All maintained a solemn silence, listening to the words of the President, who held a mallet in his hand.","mismatch","1.0","中文描述性爱场景，英文描述会议场景，语义完全不同","",""
"DQ-0373","5085708","gray_lower_boundary","gray","1.64424945978681E-05","990990开奖中心藏宝阁神算了","← Back to Asian Center for Journalism","mismatch","1.0","中文涉及彩票开奖，英文为新闻中心链接，无关","",""
"DQ-0374","7911629","reject_stratified","reject_candidate","1.61875814228551E-05","中国卖刀最好的地方在哪里 . . .","What Is The Best Finance Company To Work For","mismatch","1.0","中文询问卖刀地点，英文询问金融公司，无关","",""
"DQ-0375","4847579","gray_lower_boundary","gray","1.64424945978681E-05","于是,那伙人就去秃子金家查。","Today, I went to the beach with my children.","mismatch","1.0","中文叙述查访事件，英文叙述海滩活动，无关","",""
"DQ-0376","5573940","reject_stratified","reject_candidate","1.61875814228551E-05","你终于肯将就的时候,却连可以将就的对象都没有了。","But you can't, because your dental plan doesn't cover that.","mismatch","1.0","中文表达妥协时机，英文提及牙科保险，无关","",""
"DQ-0377","13770117","gray_lower_boundary","gray","1.64424945978681E-05","捕鱼达人在线版","Click on one of the retailers below","mismatch","1.0","中文为游戏名称，英文为零售商链接，无关","",""
"DQ-0378","13593080","reject_stratified","reject_candidate","1.6314539607265E-05","死者灵魂相信并依托佛教极乐","and labor served the interests of the state.","mismatch","1.0","中文涉及宗教灵魂，英文涉及劳工利益，无关","",""
"DQ-0379","1339657","reject_stratified","reject_candidate","1.61875814228551E-05","尽管那是一件让女人兴奋无比的事情。","I figured it was probably a neighborhood kid.","mismatch","1.0","中文描述女性兴奋之事，英文提及邻里孩子，无关","",""
"DQ-0380","393","reject_stratified","reject_candidate","1.61875814228551E-05","如何 从Soundcloud上下载歌曲","How to Eat a Pomegranate","mismatch","1.0","中文为下载歌曲教程，英文为吃石榴教程，无关","",""
"DQ-0381","5048167","clean_lower_boundary","clean_candidate","0.001216041506268084","Hedley挂牌上市房地产—CENTURY 21 Canada CENTURY 21 Judy Klassen 寻找物业","Homes for sale in Pigeon Lake, Real Estate Listings - CENTURY 21 Canada CENTURY 21","mismatch","0.95","中文提到Hedley挂牌上市，英文提到Pigeon Lake房源，地点和内容不同","",""
"DQ-0382","11210023","reject_stratified","reject_candidate","1.60616109496914E-05","下一篇:捕鱼达人辅助吧","Secured Loans For People In Debt Management","mismatch","0.99","中文关于游戏辅助，英文关于债务管理贷款，完全无关","",""
"DQ-0383","8765765","reject_stratified","reject_candidate","1.6314539607265E-05","陈平在陈俪娜的乳头上画着圈儿,就看到女儿望向一边,顺着她的目光,那个令人惊奇的画面让他感到了心灵的震撼。","A favorite one was at Koamano, on the mainland, and another was at Maiaukiu, the small islet just abreast of the valley of Waipio.","mismatch","0.99","中文描述人物互动，英文描述地点，内容无关","",""
"DQ-0384","9182554","reject_stratified","reject_candidate","1.61875814228551E-05","歌剧院讲解的入口在地下一层,售票处也兼任存包处。","We then headed on to the European Parliament, which serves as the headquarters of the European Union.","mismatch","0.99","中文关于歌剧院入口，英文关于欧洲议会，主题不同","",""
"DQ-0385","2609860","reject_stratified","reject_candidate","1.6314539607265E-05","今天,跟往常一样,她一个人坐在小屋前的院子里。","Jackson was sitting on the bottom step of the bus.","mismatch","0.99","中文描述她坐在院子里，英文描述Jackson坐在公交车上，人物和场景不同","",""
"DQ-0386","7883970","gray_lower_boundary","gray","1.64424945978681E-05","而我则送了一套香水给她。","And I want him to fuck me.""","mismatch","0.99","中文送香水，英文表达性需求，内容无关","",""
"DQ-0387","5168549","reject_stratified","reject_candidate","1.6314539607265E-05","将军知道女儿已体味出自己的心情。","He was in the Air Force when he was baptized at age 21.","mismatch","0.99","中文关于将军女儿的心情，英文关于空军洗礼，内容无关","",""
"DQ-0388","5424097","reject_stratified","reject_candidate","1.61875814228551E-05","那个关键在哪里?","This is the Lord’s declaration.","mismatch","0.99","中文问关键在哪里，英文是宗教宣言，内容无关","",""
"DQ-0389","1747504","reject_stratified","reject_candidate","1.61875814228551E-05","飞机开始在跑道上加速滑行了。","I roughed them up on the regular, I guess.","mismatch","0.99","中文描述飞机滑行，英文描述打人，内容无关","",""
"DQ-0390","3257422","clean_lower_boundary","clean_candidate","0.001216041506268084","Sophiaacat重要详情","Important details of JessyBrun","mismatch","0.99","中文关于Sophiaacat，英文关于JessyBrun，名称不同","",""
"DQ-0391","3375603","gray_lower_boundary","gray","1.64424945978681E-05","如何 仔细清洁车辆","How to Print Double Sided","mismatch","1.0","中文讲清洁车辆，英文讲双面打印，语义完全不同","",""
"DQ-0392","1617855","gray_lower_boundary","gray","1.64424945978681E-05","说着便伸出右手来,轻轻的按在侯龙涛的脸上,向外一推。","I took one of the mangled flash cards from a bergen pocket, dropped it in the lake and checked that it sank.","mismatch","1.0","中文描述动作，英文描述丢弃卡片，内容无关","",""
"DQ-0393","3377767","clean_lower_boundary","clean_candidate","0.0012065897462889552","这其中的差异,就在于有没有自己亲自经历参禅的过程,是不是自己亲自走过来的。","But it is a rhetorical battle, and as such there is a sort of rhetorical reconstruction possible.","mismatch","1.0","中文谈参禅体验，英文谈修辞重构，主题不同","",""
"DQ-0394","12581710","gray_upper_boundary","gray","0.0011972112115472555","电子邮件: urlaub@appartements-schmalzerhof.at","Email : info@art-sporthotel.at","mismatch","1.0","邮箱地址不同，信息不一致","",""
"DQ-0395","7345900","clean_lower_boundary","clean_candidate","0.001216041506268084","“我要我的好老婆给我乳交 。 ”","I want to fuck you all night long.""","partial","0.8","中文要求乳交，英文要求整夜做爱，核心有重叠但具体行为不同","",""
"DQ-0396","5076912","gray_lower_boundary","gray","1.64424945978681E-05","图2:浏览文件夹窗口","Bypass censorship and browse the web anonymously","mismatch","1.0","中文指浏览文件夹窗口，英文指绕过审查匿名上网，语义无关","",""
"DQ-0397","6729607","reject_stratified","reject_candidate","1.61875814228551E-05","而那罩杯之下的两只乳,自己的大手都很难完全握住。","The storerooms had been bust and the two other barracks were empty.","mismatch","1.0","中文描述胸部大小，英文描述仓库和营房，内容无关","",""
"DQ-0398","11303034","gray_upper_boundary","gray","0.001192549243569374","刚走出仓库没多远,侯龙涛就再也支撑不住了,腿上的力气迅速的消失了。","As the engine came out of the tunnel, his back was towards her, and she cut him down.","mismatch","1.0","中文描述人走出仓库体力不支，英文描述引擎出隧道被砍，事件不同","",""
"DQ-0399","8802156","gray_lower_boundary","gray","1.64424945978681E-05","【尼泊尔狗腿 】 哪里可以买到砍刀","Can I Get A Small Business Loan Without A Job","mismatch","1.0","中文问买砍刀，英文问无工作贷款，主题无关","",""
"DQ-0400","13468880","gray_upper_boundary","gray","0.0011832797899842262","中国相关条目索引","Index of Panama-related articles","mismatch","1.0","中文为中国条目索引，英文为巴拿马相关文章索引，国家不同","",""
