"review_id","source_line","sample_stratum","model_bucket","score","shuffle_score","mojibake","direction_suspect","length_ratio_suspect","duplicate","number_mismatch"
"DQ-0001","2478086","reject_stratified","reject_candidate","1.61875814228551E-05","1.61875814228551E-05","False","False","False","False","False"
"DQ-0002","12092579","gray_lower_boundary","gray","1.64424945978681E-05","1.60616109496914E-05","False","False","False","False","False"
"DQ-0003","11917237","gray_lower_boundary","gray","1.64424945978681E-05","1.65714536706218E-05","False","False","False","False","False"
"DQ-0004","7726086","gray_upper_boundary","gray","0.001192549243569374","0.002387409098446369","False","False","False","False","False"
"DQ-0005","14089791","gray_lower_boundary","gray","1.64424945978681E-05","1.60616109496914E-05","False","False","False","False","False"
"DQ-0006","1078055","gray_upper_boundary","gray","0.0011786719551309943","1.67014204635052E-05","False","False","False","False","False"
"DQ-0007","8306533","gray_lower_boundary","gray","1.64424945978681E-05","1.60616109496914E-05","False","False","False","False","False"
"DQ-0008","12103471","reject_stratified","reject_candidate","1.6314539607265E-05","1.60616109496914E-05","False","False","False","False","False"
"DQ-0009","12042776","gray_upper_boundary","gray","0.0011832797899842262","1.61875814228551E-05","False","False","False","False","False"
"DQ-0010","10239047","reject_stratified","reject_candidate","1.60616109496914E-05","1.6314539607265E-05","False","False","False","False","False"
"DQ-0011","3930520","gray_lower_boundary","gray","1.64424945978681E-05","0.00013982206291984767","False","False","False","False","False"
"DQ-0012","8230692","clean_lower_boundary","clean_candidate","0.0012113064294680953","1.6314539607265E-05","False","False","False","False","False"
"DQ-0013","208415","clean_lower_boundary","clean_candidate","0.001216041506268084","1.70974781212863E-05","False","False","False","False","False"
"DQ-0014","9735706","gray_upper_boundary","gray","0.0011972112115472555","0.00022167809947859496","False","True","False","False","True"
"DQ-0015","1429210","reject_stratified","reject_candidate","1.61875814228551E-05","0.0039454069919884205","False","False","False","False","False"
"DQ-0016","10399893","reject_stratified","reject_candidate","1.61875814228551E-05","1.61875814228551E-05","False","False","False","False","False"
"DQ-0017","12128610","clean_lower_boundary","clean_candidate","0.0012065897462889552","1.64424945978681E-05","False","False","False","False","False"
"DQ-0018","7379841","gray_lower_boundary","gray","1.64424945978681E-05","1.6314539607265E-05","False","False","False","False","False"
"DQ-0019","4947989","clean_lower_boundary","clean_candidate","0.0012065897462889552","1.61875814228551E-05","False","True","False","False","True"
"DQ-0020","1806366","gray_upper_boundary","gray","0.001192549243569374","1.61875814228551E-05","False","False","False","False","False"
"DQ-0021","10871175","gray_lower_boundary","gray","1.64424945978681E-05","1.6314539607265E-05","False","False","False","False","False"
"DQ-0022","12467610","gray_upper_boundary","gray","0.0011972112115472555","0.002323162741959095","False","False","False","False","False"
"DQ-0023","3825757","reject_stratified","reject_candidate","1.6314539607265E-05","1.79179878614377E-05","False","False","False","False","False"
"DQ-0024","2700820","reject_stratified","reject_candidate","1.61875814228551E-05","4.36587833974045E-05","False","False","False","False","False"
"DQ-0025","1726413","gray_lower_boundary","gray","1.64424945978681E-05","1.60616109496914E-05","False","False","False","False","False"
"DQ-0026","4001496","reject_stratified","reject_candidate","1.6314539607265E-05","1.61875814228551E-05","False","False","False","False","False"
"DQ-0027","10595540","clean_lower_boundary","clean_candidate","0.001201891340315342","2.12780651054345E-05","False","False","False","False","False"
"DQ-0028","1781194","reject_stratified","reject_candidate","1.6314539607265E-05","1.6314539607265E-05","False","False","False","False","False"
"DQ-0029","1545301","gray_lower_boundary","gray","1.64424945978681E-05","3.34746910084505E-05","False","False","False","False","False"
"DQ-0030","10703479","gray_lower_boundary","gray","1.64424945978681E-05","1.61875814228551E-05","False","False","False","False","False"
"DQ-0031","7444144","gray_upper_boundary","gray","0.0011879054363816977","1.61875814228551E-05","False","True","False","False","False"
"DQ-0032","11250567","reject_stratified","reject_candidate","1.6314539607265E-05","1.60616109496914E-05","False","False","False","False","False"
"DQ-0033","14070177","gray_lower_boundary","gray","1.64424945978681E-05","1.64424945978681E-05","False","False","False","False","False"
"DQ-0034","12539162","gray_lower_boundary","gray","1.64424945978681E-05","1.61875814228551E-05","False","False","False","False","False"
"DQ-0035","5976422","reject_stratified","reject_candidate","1.61875814228551E-05","0.00011682839976856485","False","False","False","False","False"
"DQ-0036","13306203","reject_stratified","reject_candidate","1.60616109496914E-05","1.60616109496914E-05","False","False","False","False","False"
"DQ-0037","12474032","reject_stratified","reject_candidate","1.6314539607265E-05","1.69644263223745E-05","False","False","False","False","False"
"DQ-0038","7155780","reject_stratified","reject_candidate","1.60616109496914E-05","1.60616109496914E-05","False","False","False","False","False"
"DQ-0039","14074398","gray_lower_boundary","gray","1.64424945978681E-05","1.61875814228551E-05","False","False","False","False","False"
"DQ-0040","12702388","clean_lower_boundary","clean_candidate","0.0012113064294680953","1.61875814228551E-05","False","False","False","False","False"
"DQ-0041","5257600","reject_stratified","reject_candidate","1.6314539607265E-05","1.59366190928267E-05","False","False","False","False","False"
"DQ-0042","759294","reject_stratified","reject_candidate","1.6314539607265E-05","1.96790242625866E-05","False","False","False","False","False"
"DQ-0043","10473251","gray_lower_boundary","gray","1.64424945978681E-05","1.60616109496914E-05","False","False","False","False","False"
"DQ-0044","5087668","gray_upper_boundary","gray","0.0011832797899842262","1.61875814228551E-05","False","True","False","False","True"
"DQ-0045","5783266","reject_stratified","reject_candidate","1.60616109496914E-05","1.64424945978681E-05","False","False","False","False","True"
"DQ-0046","172573","reject_stratified","reject_candidate","1.60616109496914E-05","1.60616109496914E-05","False","False","False","False","False"
"DQ-0047","1480570","gray_lower_boundary","gray","1.64424945978681E-05","1.64424945978681E-05","False","False","False","False","False"
"DQ-0048","4665362","reject_stratified","reject_candidate","1.61875814228551E-05","1.60616109496914E-05","False","False","False","False","False"
"DQ-0049","3050751","reject_stratified","reject_candidate","1.61875814228551E-05","1.60616109496914E-05","False","False","False","False","False"
"DQ-0050","2191063","reject_stratified","reject_candidate","1.6314539607265E-05","1.6314539607265E-05","False","False","False","False","False"
"DQ-0051","11752326","reject_stratified","reject_candidate","1.61875814228551E-05","1.61875814228551E-05","False","False","False","False","False"
"DQ-0052","9922775","reject_stratified","reject_candidate","1.61875814228551E-05","1.61875814228551E-05","False","False","False","False","True"
"DQ-0053","8877647","reject_stratified","reject_candidate","1.6314539607265E-05","1.67014204635052E-05","False","False","False","False","True"
"DQ-0054","4044056","reject_stratified","reject_candidate","1.61875814228551E-05","1.61875814228551E-05","False","False","False","False","False"
"DQ-0055","3206800","reject_stratified","reject_candidate","1.60616109496914E-05","1.60616109496914E-05","False","False","False","False","False"
"DQ-0056","1190980","gray_lower_boundary","gray","1.64424945978681E-05","1.65714536706218E-05","False","False","False","False","False"
"DQ-0057","2232574","reject_stratified","reject_candidate","1.61875814228551E-05","1.60616109496914E-05","False","False","False","False","False"
"DQ-0058","14141805","clean_lower_boundary","clean_candidate","0.001201891340315342","1.65714536706218E-05","False","False","False","False","False"
"DQ-0059","13266249","reject_stratified","reject_candidate","1.61875814228551E-05","1.6314539607265E-05","False","False","False","False","False"
"DQ-0060","5077249","reject_stratified","reject_candidate","1.61875814228551E-05","1.60616109496914E-05","False","False","False","False","True"
"DQ-0061","9959923","reject_stratified","reject_candidate","1.61875814228551E-05","1.65714536706218E-05","False","False","False","False","False"
"DQ-0062","7536618","reject_stratified","reject_candidate","1.59366190928267E-05","1.60616109496914E-05","False","False","False","False","False"
"DQ-0063","11923992","gray_lower_boundary","gray","1.64424945978681E-05","7.36859292373993E-05","False","False","False","False","False"
"DQ-0064","609309","reject_stratified","reject_candidate","1.61875814228551E-05","1.64424945978681E-05","False","False","False","False","False"
"DQ-0065","11427431","gray_upper_boundary","gray","0.0011786719551309943","1.64424945978681E-05","False","False","False","False","False"
"DQ-0066","13844425","reject_stratified","reject_candidate","1.61875814228551E-05","1.61875814228551E-05","False","False","False","False","True"
"DQ-0067","10365822","gray_upper_boundary","gray","0.001192549243569374","6.35218893876299E-05","False","False","False","False","False"
"DQ-0068","11884071","gray_lower_boundary","gray","1.64424945978681E-05","1.6314539607265E-05","False","False","False","False","False"
"DQ-0069","1644485","reject_stratified","reject_candidate","1.60616109496914E-05","1.61875814228551E-05","True","False","False","False","True"
"DQ-0070","8937445","gray_lower_boundary","gray","1.64424945978681E-05","1.65714536706218E-05","False","False","False","False","False"
"DQ-0071","11883639","gray_lower_boundary","gray","1.64424945978681E-05","1.61875814228551E-05","False","False","False","False","False"
"DQ-0072","12303205","reject_stratified","reject_candidate","1.61875814228551E-05","3.295572969364E-05","False","False","False","False","True"
"DQ-0073","9372050","reject_stratified","reject_candidate","1.6314539607265E-05","2.01456914510345E-05","False","False","False","False","False"
"DQ-0074","13301811","reject_stratified","reject_candidate","1.61875814228551E-05","1.72315722011263E-05","False","False","False","False","False"
"DQ-0075","9496326","reject_stratified","reject_candidate","1.6314539607265E-05","1.64424945978681E-05","False","False","False","False","False"
"DQ-0076","3778235","reject_stratified","reject_candidate","1.6314539607265E-05","1.77785514097195E-05","False","False","False","False","False"
"DQ-0077","826055","reject_stratified","reject_candidate","1.6314539607265E-05","1.60616109496914E-05","False","False","False","False","False"
"DQ-0078","2278271","clean_lower_boundary","clean_candidate","0.0012065897462889552","1.6314539607265E-05","False","False","False","False","False"
"DQ-0079","11116347","reject_stratified","reject_candidate","1.61875814228551E-05","2.09481877391227E-05","False","False","False","False","False"
"DQ-0080","9059847","gray_lower_boundary","gray","1.64424945978681E-05","2.79693012998905E-05","False","False","False","False","False"
"DQ-0081","7521583","reject_stratified","reject_candidate","1.6314539607265E-05","1.60616109496914E-05","False","False","False","False","False"
"DQ-0082","8165574","reject_stratified","reject_candidate","1.60616109496914E-05","1.61875814228551E-05","False","True","False","False","False"
"DQ-0083","2510270","reject_stratified","reject_candidate","1.61875814228551E-05","0.007149102166295052","False","False","False","False","False"
"DQ-0084","13457572","reject_stratified","reject_candidate","1.61875814228551E-05","1.61875814228551E-05","False","False","False","False","False"
"DQ-0085","1063392","reject_stratified","reject_candidate","1.60616109496914E-05","1.60616109496914E-05","False","False","False","False","False"
"DQ-0086","4870969","reject_stratified","reject_candidate","1.6314539607265E-05","1.60616109496914E-05","False","False","False","False","False"
"DQ-0087","11521561","reject_stratified","reject_candidate","1.61875814228551E-05","1.6314539607265E-05","False","False","False","False","False"
"DQ-0088","2173255","reject_stratified","reject_candidate","1.60616109496914E-05","1.60616109496914E-05","False","False","False","False","False"
"DQ-0089","3597666","reject_stratified","reject_candidate","1.6314539607265E-05","7.19791205483489E-05","False","False","False","False","False"
"DQ-0090","10255507","reject_stratified","reject_candidate","1.61875814228551E-05","1.6314539607265E-05","False","False","False","False","False"
"DQ-0091","3863168","clean_lower_boundary","clean_candidate","0.001201891340315342","1.83428928721696E-05","False","False","False","False","False"
"DQ-0092","8301933","reject_stratified","reject_candidate","1.61875814228551E-05","1.60616109496914E-05","False","False","False","False","True"
"DQ-0093","658217","gray_lower_boundary","gray","1.64424945978681E-05","2.28279968723655E-05","False","False","False","False","False"
"DQ-0094","2193488","gray_upper_boundary","gray","0.0011972112115472555","6.10885472269729E-05","False","False","False","False","True"
"DQ-0095","13822215","reject_stratified","reject_candidate","1.6314539607265E-05","1.61875814228551E-05","False","False","False","False","False"
"DQ-0096","1418875","gray_lower_boundary","gray","1.64424945978681E-05","1.61875814228551E-05","False","False","False","False","False"
"DQ-0097","10207183","gray_lower_boundary","gray","1.64424945978681E-05","1.6314539607265E-05","False","False","False","False","False"
"DQ-0098","6899306","gray_upper_boundary","gray","0.0011832797899842262","1.86317465704633E-05","False","False","False","False","False"
"DQ-0099","9454280","gray_lower_boundary","gray","1.64424945978681E-05","1.68324113474227E-05","False","False","False","False","False"
"DQ-0100","12896603","reject_stratified","reject_candidate","1.6314539607265E-05","2.11124825000297E-05","False","False","False","False","False"
"DQ-0101","6894618","gray_lower_boundary","gray","1.64424945978681E-05","1.64424945978681E-05","False","False","False","False","False"
"DQ-0102","12650540","clean_lower_boundary","clean_candidate","0.0012065897462889552","1.95258835447021E-05","False","False","False","False","False"
"DQ-0103","6370612","reject_stratified","reject_candidate","1.60616109496914E-05","1.60616109496914E-05","False","False","False","False","False"
"DQ-0104","9921559","reject_stratified","reject_candidate","1.61875814228551E-05","1.60616109496914E-05","False","False","False","False","False"
"DQ-0105","788121","reject_stratified","reject_candidate","1.60616109496914E-05","1.60616109496914E-05","False","False","False","False","True"
"DQ-0106","244063","gray_lower_boundary","gray","1.64424945978681E-05","1.6314539607265E-05","False","False","False","False","False"
"DQ-0107","2631160","gray_lower_boundary","gray","1.64424945978681E-05","1.65714536706218E-05","False","False","False","False","False"
"DQ-0108","5187901","reject_stratified","reject_candidate","1.60616109496914E-05","1.60616109496914E-05","False","False","False","False","False"
"DQ-0109","11565923","clean_lower_boundary","clean_candidate","0.0012113064294680953","1.6314539607265E-05","False","False","False","False","False"
"DQ-0110","4703024","reject_stratified","reject_candidate","1.61875814228551E-05","1.67014204635052E-05","False","False","False","False","True"
"DQ-0111","880589","gray_lower_boundary","gray","1.64424945978681E-05","1.61875814228551E-05","False","False","False","False","True"
"DQ-0112","8249968","reject_stratified","reject_candidate","1.6314539607265E-05","1.6314539607265E-05","False","False","False","False","False"
"DQ-0113","3126172","clean_lower_boundary","clean_candidate","0.001216041506268084","1.61875814228551E-05","False","False","False","False","False"
"DQ-0114","13909672","gray_upper_boundary","gray","0.0011972112115472555","3.48081230185926E-05","False","False","False","False","True"
"DQ-0115","2667802","gray_lower_boundary","gray","1.64424945978681E-05","1.60616109496914E-05","False","False","False","False","False"
"DQ-0116","10934484","reject_stratified","reject_candidate","1.60616109496914E-05","1.61875814228551E-05","False","False","False","False","False"
"DQ-0117","9392073","gray_lower_boundary","gray","1.64424945978681E-05","0.003350423648953438","False","False","False","False","False"
"DQ-0118","14036077","reject_stratified","reject_candidate","1.6314539607265E-05","1.60616109496914E-05","False","False","False","False","False"
"DQ-0119","1400991","gray_lower_boundary","gray","1.64424945978681E-05","0.004718369338661432","False","False","False","False","False"
"DQ-0120","14110044","reject_stratified","reject_candidate","1.61875814228551E-05","1.61875814228551E-05","False","False","False","False","False"
"DQ-0121","9816508","reject_stratified","reject_candidate","1.61875814228551E-05","1.60616109496914E-05","False","False","False","False","True"
"DQ-0122","6756714","reject_stratified","reject_candidate","1.61875814228551E-05","0.02838212065398693","False","False","False","False","False"
"DQ-0123","2271139","clean_lower_boundary","clean_candidate","0.001216041506268084","3.56335440301336E-05","False","False","False","False","False"
"DQ-0124","661072","reject_stratified","reject_candidate","1.59366190928267E-05","1.60616109496914E-05","False","False","False","False","False"
"DQ-0125","2426610","gray_upper_boundary","gray","0.0011972112115472555","7.25436184438877E-05","False","False","False","False","False"
"DQ-0126","335200","gray_lower_boundary","gray","1.64424945978681E-05","1.6314539607265E-05","False","False","False","False","False"
"DQ-0127","5151156","gray_lower_boundary","gray","1.64424945978681E-05","1.60616109496914E-05","False","False","False","False","False"
"DQ-0128","10661087","gray_upper_boundary","gray","0.0011879054363816977","6.81487217661925E-05","False","False","False","False","False"
"DQ-0129","5224438","gray_upper_boundary","gray","0.0011832797899842262","0.0006719278171658516","False","False","False","False","False"
"DQ-0130","12809298","reject_stratified","reject_candidate","1.60616109496914E-05","1.60616109496914E-05","False","False","False","False","False"
"DQ-0131","7558305","gray_lower_boundary","gray","1.64424945978681E-05","1.60616109496914E-05","False","False","False","False","False"
"DQ-0132","10970046","gray_lower_boundary","gray","1.64424945978681E-05","1.61875814228551E-05","False","False","False","False","False"
"DQ-0133","5287009","reject_stratified","reject_candidate","1.61875814228551E-05","1.61875814228551E-05","False","False","False","False","False"
"DQ-0134","5505195","reject_stratified","reject_candidate","1.60616109496914E-05","3.48081230185926E-05","False","False","False","False","False"
"DQ-0135","9451221","clean_lower_boundary","clean_candidate","0.001216041506268084","1.65714536706218E-05","False","False","False","False","False"
"DQ-0136","2168215","reject_stratified","reject_candidate","1.6314539607265E-05","1.61875814228551E-05","False","False","False","False","False"
"DQ-0137","13896081","clean_lower_boundary","clean_candidate","0.001201891340315342","1.60616109496914E-05","False","False","False","False","False"
"DQ-0138","4169971","clean_lower_boundary","clean_candidate","0.0012113064294680953","1.60616109496914E-05","False","False","False","False","False"
"DQ-0139","2517926","clean_lower_boundary","clean_candidate","0.001216041506268084","1.60616109496914E-05","False","True","False","False","True"
"DQ-0140","7755828","gray_lower_boundary","gray","1.64424945978681E-05","1.6314539607265E-05","False","False","False","False","False"
"DQ-0141","9366436","reject_stratified","reject_candidate","1.61875814228551E-05","1.61875814228551E-05","False","False","False","False","False"
"DQ-0142","13700148","reject_stratified","reject_candidate","1.6314539607265E-05","1.60616109496914E-05","False","False","False","False","False"
"DQ-0143","1702417","reject_stratified","reject_candidate","1.61875814228551E-05","1.61875814228551E-05","False","False","False","False","False"
"DQ-0144","12436690","gray_lower_boundary","gray","1.64424945978681E-05","1.6314539607265E-05","False","False","False","False","False"
"DQ-0145","7024528","reject_stratified","reject_candidate","1.60616109496914E-05","1.61875814228551E-05","False","False","False","False","False"
"DQ-0146","1087566","reject_stratified","reject_candidate","1.61875814228551E-05","1.68324113474227E-05","False","False","False","False","False"
"DQ-0147","3201480","reject_stratified","reject_candidate","1.60616109496914E-05","1.6314539607265E-05","False","False","False","False","False"
"DQ-0148","4248231","gray_lower_boundary","gray","1.64424945978681E-05","1.6314539607265E-05","False","False","False","False","False"
"DQ-0149","9675035","gray_lower_boundary","gray","1.64424945978681E-05","1.67014204635052E-05","False","False","False","False","False"
"DQ-0150","5149465","clean_lower_boundary","clean_candidate","0.001201891340315342","1.60616109496914E-05","False","True","False","False","False"
"DQ-0151","1056696","gray_upper_boundary","gray","0.0011786719551309943","1.6314539607265E-05","False","False","False","False","False"
"DQ-0152","12429478","reject_stratified","reject_candidate","1.6314539607265E-05","1.82001494977158E-05","False","False","False","False","False"
"DQ-0153","4203260","gray_upper_boundary","gray","0.0011972112115472555","1.60616109496914E-05","False","False","False","False","True"
"DQ-0154","8876692","reject_stratified","reject_candidate","1.60616109496914E-05","1.61875814228551E-05","False","False","False","False","False"
"DQ-0155","201336","reject_stratified","reject_candidate","1.61875814228551E-05","1.61875814228551E-05","False","False","False","False","False"
"DQ-0156","9898415","reject_stratified","reject_candidate","1.60616109496914E-05","1.60616109496914E-05","False","False","False","False","False"
"DQ-0157","13282495","clean_lower_boundary","clean_candidate","0.0012065897462889552","4.98595800308976E-05","False","False","False","False","False"
"DQ-0158","8428132","reject_stratified","reject_candidate","1.61875814228551E-05","1.60616109496914E-05","False","False","False","False","False"
"DQ-0159","2691937","reject_stratified","reject_candidate","1.61875814228551E-05","0.00024536947603337467","False","False","False","False","False"
"DQ-0160","614700","gray_lower_boundary","gray","1.64424945978681E-05","1.60616109496914E-05","False","False","False","False","False"
"DQ-0161","9136064","gray_lower_boundary","gray","1.64424945978681E-05","2.14449482882628E-05","False","False","False","False","False"
"DQ-0162","11552986","reject_stratified","reject_candidate","1.6314539607265E-05","1.87778732652077E-05","False","False","False","False","False"
"DQ-0163","7194139","reject_stratified","reject_candidate","1.6314539607265E-05","2.19534904317698E-05","False","False","False","False","False"
"DQ-0164","202420","clean_lower_boundary","clean_candidate","0.0012113064294680953","1.6314539607265E-05","False","False","False","False","False"
"DQ-0165","1795393","gray_upper_boundary","gray","0.0011832797899842262","1.67014204635052E-05","False","True","False","False","False"
"DQ-0166","8903635","gray_lower_boundary","gray","1.64424945978681E-05","1.6314539607265E-05","False","False","False","False","False"
"DQ-0167","10933737","gray_lower_boundary","gray","1.64424945978681E-05","0.0020033332984894514","False","False","False","False","False"
"DQ-0168","363338","reject_stratified","reject_candidate","1.60616109496914E-05","1.61875814228551E-05","False","False","False","False","False"
"DQ-0169","4693948","reject_stratified","reject_candidate","1.60616109496914E-05","2.64808422798524E-05","False","False","False","False","False"
"DQ-0170","11287019","clean_lower_boundary","clean_candidate","0.0012113064294680953","1.65714536706218E-05","False","False","False","False","False"
"DQ-0171","7852198","reject_stratified","reject_candidate","1.6314539607265E-05","1.60616109496914E-05","False","False","False","False","True"
"DQ-0172","6891351","reject_stratified","reject_candidate","1.61875814228551E-05","1.61875814228551E-05","False","False","False","False","False"
"DQ-0173","13401114","clean_lower_boundary","clean_candidate","0.0012113064294680953","1.60616109496914E-05","False","True","False","False","False"
"DQ-0174","10269733","gray_upper_boundary","gray","0.0011879054363816977","3.12019146804232E-05","False","False","False","False","True"
"DQ-0175","4634228","reject_stratified","reject_candidate","1.61875814228551E-05","1.6314539607265E-05","False","False","False","False","True"
"DQ-0176","455483","reject_stratified","reject_candidate","1.6314539607265E-05","1.6314539607265E-05","False","False","False","False","False"
"DQ-0177","504097","gray_lower_boundary","gray","1.64424945978681E-05","1.68324113474227E-05","False","False","False","False","False"
"DQ-0178","1040149","reject_stratified","reject_candidate","1.61875814228551E-05","1.61875814228551E-05","False","False","False","False","False"
"DQ-0179","12069099","gray_upper_boundary","gray","0.0011879054363816977","1.64424945978681E-05","False","False","False","False","False"
"DQ-0180","2336894","clean_lower_boundary","clean_candidate","0.001201891340315342","1.61875814228551E-05","False","False","False","False","False"
"DQ-0181","10671051","reject_stratified","reject_candidate","1.61875814228551E-05","1.67014204635052E-05","False","False","False","False","False"
"DQ-0182","588559","clean_lower_boundary","clean_candidate","0.0012065897462889552","1.60616109496914E-05","False","False","False","False","False"
"DQ-0183","2840453","reject_stratified","reject_candidate","1.61875814228551E-05","1.6314539607265E-05","False","False","False","False","False"
"DQ-0184","1484095","reject_stratified","reject_candidate","1.61875814228551E-05","1.61875814228551E-05","False","False","False","False","True"
"DQ-0185","3346861","gray_upper_boundary","gray","0.0011832797899842262","1.61875814228551E-05","False","False","False","False","False"
"DQ-0186","7429244","gray_upper_boundary","gray","0.0011879054363816977","1.61875814228551E-05","False","False","False","False","False"
"DQ-0187","3586397","reject_stratified","reject_candidate","1.6314539607265E-05","1.65714536706218E-05","False","False","False","False","False"
"DQ-0188","11451761","reject_stratified","reject_candidate","1.60616109496914E-05","1.60616109496914E-05","False","False","False","False","False"
"DQ-0189","12960994","gray_lower_boundary","gray","1.64424945978681E-05","1.60616109496914E-05","False","False","False","False","False"
"DQ-0190","3793656","gray_lower_boundary","gray","1.64424945978681E-05","1.60616109496914E-05","False","False","False","False","False"
"DQ-0191","3925866","clean_lower_boundary","clean_candidate","0.0012113064294680953","1.6314539607265E-05","False","False","False","False","True"
"DQ-0192","4872540","gray_lower_boundary","gray","1.64424945978681E-05","1.60616109496914E-05","False","False","False","False","False"
"DQ-0193","9925543","gray_lower_boundary","gray","1.64424945978681E-05","1.64424945978681E-05","False","False","False","False","True"
"DQ-0194","12654092","reject_stratified","reject_candidate","1.61875814228551E-05","1.6314539607265E-05","False","False","False","False","False"
"DQ-0195","12099864","gray_lower_boundary","gray","1.64424945978681E-05","1.61875814228551E-05","False","False","False","False","False"
"DQ-0196","7026377","gray_upper_boundary","gray","0.0011832797899842262","1.61875814228551E-05","False","False","False","False","False"
"DQ-0197","7618436","reject_stratified","reject_candidate","1.6314539607265E-05","2.64808422798524E-05","False","False","False","False","False"
"DQ-0198","8042546","reject_stratified","reject_candidate","1.6314539607265E-05","2.03036925086053E-05","False","False","False","False","False"
"DQ-0199","12151039","reject_stratified","reject_candidate","1.61875814228551E-05","1.65714536706218E-05","False","False","False","False","False"
"DQ-0200","13615589","reject_stratified","reject_candidate","1.61875814228551E-05","1.65714536706218E-05","False","False","False","False","False"
"DQ-0201","5577119","clean_lower_boundary","clean_candidate","0.001201891340315342","1.96790242625866E-05","False","False","False","False","False"
"DQ-0202","13556120","gray_lower_boundary","gray","1.64424945978681E-05","1.61875814228551E-05","False","False","False","False","False"
"DQ-0203","10950152","reject_stratified","reject_candidate","1.61875814228551E-05","0.0006190416170284152","False","False","False","False","False"
"DQ-0204","5562333","reject_stratified","reject_candidate","1.61875814228551E-05","1.61875814228551E-05","False","False","False","False","False"
"DQ-0205","11565941","reject_stratified","reject_candidate","1.61875814228551E-05","1.68324113474227E-05","False","False","False","False","False"
"DQ-0206","7358922","clean_lower_boundary","clean_candidate","0.0012113064294680953","0.00019716942915692925","False","False","False","False","False"
"DQ-0207","5101258","gray_lower_boundary","gray","1.64424945978681E-05","1.60616109496914E-05","False","False","False","False","False"
"DQ-0208","329228","gray_upper_boundary","gray","0.001192549243569374","1.60616109496914E-05","False","False","False","False","False"
"DQ-0209","8264628","clean_lower_boundary","clean_candidate","0.001216041506268084","1.64424945978681E-05","False","False","False","False","False"
"DQ-0210","4597592","reject_stratified","reject_candidate","1.6314539607265E-05","1.61875814228551E-05","False","False","False","False","False"
"DQ-0211","4538195","clean_lower_boundary","clean_candidate","0.0012065897462889552","1.60616109496914E-05","False","False","False","False","False"
"DQ-0212","4974783","gray_upper_boundary","gray","0.0011832797899842262","1.61875814228551E-05","False","False","False","False","False"
"DQ-0213","4520091","gray_lower_boundary","gray","1.64424945978681E-05","1.69644263223745E-05","False","False","False","False","False"
"DQ-0214","13639753","clean_lower_boundary","clean_candidate","0.001216041506268084","2.33693335758289E-05","False","True","False","False","False"
"DQ-0215","8483752","clean_lower_boundary","clean_candidate","0.001216041506268084","2.17826491279993E-05","False","True","False","False","False"
"DQ-0216","11641640","reject_stratified","reject_candidate","1.61875814228551E-05","1.67014204635052E-05","False","False","False","False","False"
"DQ-0217","6497685","reject_stratified","reject_candidate","1.61875814228551E-05","1.61875814228551E-05","False","False","False","False","False"
"DQ-0218","5822896","reject_stratified","reject_candidate","1.60616109496914E-05","1.60616109496914E-05","False","False","False","False","False"
"DQ-0219","5754267","clean_lower_boundary","clean_candidate","0.0012065897462889552","0.00978387612849474","False","False","False","False","False"
"DQ-0220","4320552","reject_stratified","reject_candidate","1.6314539607265E-05","1.60616109496914E-05","False","False","False","False","False"
"DQ-0221","8456237","reject_stratified","reject_candidate","1.6314539607265E-05","1.65714536706218E-05","False","False","False","False","False"
"DQ-0222","6924212","gray_upper_boundary","gray","0.001192549243569374","1.61875814228551E-05","False","True","False","False","False"
"DQ-0223","9601839","gray_upper_boundary","gray","0.0011786719551309943","3.32141935359687E-05","False","False","False","False","False"
"DQ-0224","9818330","gray_upper_boundary","gray","0.001192549243569374","1.6314539607265E-05","False","False","False","False","False"
"DQ-0225","7637554","reject_stratified","reject_candidate","1.60616109496914E-05","1.60616109496914E-05","True","False","False","False","True"
"DQ-0226","4705245","reject_stratified","reject_candidate","1.60616109496914E-05","1.60616109496914E-05","False","False","False","False","False"
"DQ-0227","7892417","clean_lower_boundary","clean_candidate","0.0012065897462889552","1.61875814228551E-05","False","False","False","False","False"
"DQ-0228","3059367","reject_stratified","reject_candidate","1.6314539607265E-05","1.61875814228551E-05","False","False","False","False","False"
"DQ-0229","13132555","gray_upper_boundary","gray","0.0011832797899842262","1.79179878614377E-05","False","False","False","False","False"
"DQ-0230","2978476","reject_stratified","reject_candidate","1.61875814228551E-05","1.61875814228551E-05","False","False","False","False","False"
"DQ-0231","12814545","gray_upper_boundary","gray","0.0011972112115472555","1.61875814228551E-05","False","False","False","False","True"
"DQ-0232","11139383","gray_upper_boundary","gray","0.0011832797899842262","1.67014204635052E-05","False","False","False","False","False"
"DQ-0233","3330495","reject_stratified","reject_candidate","1.61875814228551E-05","1.65714536706218E-05","False","False","False","False","False"
"DQ-0234","13089676","reject_stratified","reject_candidate","1.6314539607265E-05","1.60616109496914E-05","False","False","False","False","False"
"DQ-0235","9201064","reject_stratified","reject_candidate","1.6314539607265E-05","1.6314539607265E-05","False","False","False","False","False"
"DQ-0236","13905691","reject_stratified","reject_candidate","1.60616109496914E-05","1.64424945978681E-05","False","False","False","False","False"
"DQ-0237","2975664","reject_stratified","reject_candidate","1.6314539607265E-05","1.60616109496914E-05","False","False","False","False","True"
"DQ-0238","6371068","clean_lower_boundary","clean_candidate","0.001201891340315342","1.75029254023684E-05","False","False","False","False","False"
"DQ-0239","7167681","gray_lower_boundary","gray","1.64424945978681E-05","1.61875814228551E-05","False","False","False","False","False"
"DQ-0240","10849215","reject_stratified","reject_candidate","1.60616109496914E-05","1.60616109496914E-05","False","False","False","False","False"
"DQ-0241","5567640","gray_upper_boundary","gray","0.0011972112115472555","1.61875814228551E-05","False","False","False","False","True"
"DQ-0242","8658197","reject_stratified","reject_candidate","1.60616109496914E-05","1.60616109496914E-05","False","False","False","False","False"
"DQ-0243","14138700","clean_lower_boundary","clean_candidate","0.001216041506268084","4.19863063143566E-05","False","False","False","False","False"
"DQ-0244","3020384","gray_upper_boundary","gray","0.0011832797899842262","3.12019146804232E-05","False","True","False","False","False"
"DQ-0245","7373101","reject_stratified","reject_candidate","1.6314539607265E-05","4.13353991461918E-05","False","False","False","False","False"
"DQ-0246","12000155","reject_stratified","reject_candidate","1.61875814228551E-05","1.64424945978681E-05","False","False","False","False","False"
"DQ-0247","5097261","reject_stratified","reject_candidate","1.61875814228551E-05","3.48081230185926E-05","False","False","False","False","True"
"DQ-0248","1538020","reject_stratified","reject_candidate","1.61875814228551E-05","1.64424945978681E-05","False","False","False","False","False"
"DQ-0249","11517767","clean_lower_boundary","clean_candidate","0.0012113064294680953","1.61875814228551E-05","False","True","False","False","False"
"DQ-0250","10163789","reject_stratified","reject_candidate","1.61875814228551E-05","1.60616109496914E-05","False","False","False","False","False"
"DQ-0251","8074615","reject_stratified","reject_candidate","1.61875814228551E-05","0.0002396868512732908","False","False","False","False","False"
"DQ-0252","1533116","gray_upper_boundary","gray","0.0011879054363816977","1.6314539607265E-05","False","True","False","False","False"
"DQ-0253","8566525","reject_stratified","reject_candidate","1.61875814228551E-05","1.6314539607265E-05","False","False","False","False","False"
"DQ-0254","2047602","gray_lower_boundary","gray","1.64424945978681E-05","1.6314539607265E-05","False","False","False","False","False"
"DQ-0255","7367874","gray_upper_boundary","gray","0.0011879054363816977","1.61875814228551E-05","False","False","False","False","False"
"DQ-0256","7456086","gray_lower_boundary","gray","1.64424945978681E-05","1.61875814228551E-05","False","False","False","False","False"
"DQ-0257","9612447","reject_stratified","reject_candidate","1.61875814228551E-05","1.61875814228551E-05","False","False","False","False","False"
"DQ-0258","9141058","gray_lower_boundary","gray","1.64424945978681E-05","1.60616109496914E-05","False","False","False","False","False"
"DQ-0259","12159740","gray_lower_boundary","gray","1.64424945978681E-05","1.65714536706218E-05","False","False","False","False","False"
"DQ-0260","8437166","reject_stratified","reject_candidate","1.6314539607265E-05","1.61875814228551E-05","False","False","False","False","False"
"DQ-0261","9033084","gray_lower_boundary","gray","1.64424945978681E-05","1.61875814228551E-05","False","False","False","False","True"
"DQ-0262","7889574","gray_lower_boundary","gray","1.64424945978681E-05","1.60616109496914E-05","False","False","False","False","False"
"DQ-0263","1639831","reject_stratified","reject_candidate","1.60616109496914E-05","1.6314539607265E-05","False","False","False","False","False"
"DQ-0264","1607554","gray_lower_boundary","gray","1.64424945978681E-05","1.90735772775952E-05","False","False","False","False","False"
"DQ-0265","699865","reject_stratified","reject_candidate","1.6314539607265E-05","1.61875814228551E-05","False","False","False","False","False"
"DQ-0266","1293619","reject_stratified","reject_candidate","1.61875814228551E-05","1.60616109496914E-05","False","False","False","False","False"
"DQ-0267","734306","reject_stratified","reject_candidate","1.6314539607265E-05","1.6314539607265E-05","False","False","False","False","False"
"DQ-0268","11898928","gray_lower_boundary","gray","1.64424945978681E-05","1.64424945978681E-05","False","False","False","False","False"
"DQ-0269","8372252","reject_stratified","reject_candidate","1.6314539607265E-05","1.6314539607265E-05","False","False","False","False","False"
"DQ-0270","2668731","gray_upper_boundary","gray","0.0011832797899842262","1.69644263223745E-05","False","False","False","False","False"
"DQ-0271","13002011","reject_stratified","reject_candidate","1.61875814228551E-05","1.69644263223745E-05","False","False","False","False","False"
"DQ-0272","5047750","gray_lower_boundary","gray","1.64424945978681E-05","1.60616109496914E-05","False","False","False","False","False"
"DQ-0273","12717829","gray_upper_boundary","gray","0.0011832797899842262","1.61875814228551E-05","False","False","False","False","False"
"DQ-0274","6999666","gray_lower_boundary","gray","1.64424945978681E-05","1.60616109496914E-05","False","False","False","False","False"
"DQ-0275","13322150","clean_lower_boundary","clean_candidate","0.001201891340315342","1.61875814228551E-05","False","False","False","False","False"
"DQ-0276","9422214","gray_lower_boundary","gray","1.64424945978681E-05","1.64424945978681E-05","False","False","False","False","False"
"DQ-0277","11497684","reject_stratified","reject_candidate","1.61875814228551E-05","1.61875814228551E-05","False","False","False","False","False"
"DQ-0278","2149306","reject_stratified","reject_candidate","1.61875814228551E-05","1.61875814228551E-05","False","False","False","False","False"
"DQ-0279","1825814","reject_stratified","reject_candidate","1.61875814228551E-05","1.60616109496914E-05","False","False","False","False","False"
"DQ-0280","1192318","gray_lower_boundary","gray","1.64424945978681E-05","1.87778732652077E-05","False","False","False","False","False"
"DQ-0281","9674084","reject_stratified","reject_candidate","1.60616109496914E-05","1.61875814228551E-05","False","False","False","False","False"
"DQ-0282","6253724","gray_upper_boundary","gray","0.001192549243569374","1.6314539607265E-05","False","False","False","False","False"
"DQ-0283","3376124","reject_stratified","reject_candidate","1.61875814228551E-05","1.61875814228551E-05","False","False","False","False","False"
"DQ-0284","4844677","reject_stratified","reject_candidate","1.61875814228551E-05","1.60616109496914E-05","False","False","False","False","False"
"DQ-0285","7183629","gray_lower_boundary","gray","1.64424945978681E-05","1.61875814228551E-05","False","False","False","False","False"
"DQ-0286","10188282","gray_lower_boundary","gray","1.64424945978681E-05","1.60616109496914E-05","False","False","False","False","False"
"DQ-0287","5125506","reject_stratified","reject_candidate","1.6314539607265E-05","1.61875814228551E-05","False","False","False","False","False"
"DQ-0288","12687718","clean_lower_boundary","clean_candidate","0.0012065897462889552","1.6314539607265E-05","False","True","False","False","True"
"DQ-0289","4276926","gray_lower_boundary","gray","1.64424945978681E-05","1.60616109496914E-05","False","False","False","False","False"
"DQ-0290","4366833","reject_stratified","reject_candidate","1.61875814228551E-05","1.61875814228551E-05","False","False","False","False","True"
"DQ-0291","8820925","reject_stratified","reject_candidate","1.61875814228551E-05","1.61875814228551E-05","False","False","False","False","False"
"DQ-0292","9446740","gray_lower_boundary","gray","1.64424945978681E-05","1.61875814228551E-05","False","False","False","False","False"
"DQ-0293","10089505","gray_lower_boundary","gray","1.64424945978681E-05","1.67014204635052E-05","False","True","False","False","True"
"DQ-0294","5495522","reject_stratified","reject_candidate","1.6314539607265E-05","1.6314539607265E-05","False","False","False","False","False"
"DQ-0295","4581522","reject_stratified","reject_candidate","1.60616109496914E-05","1.61875814228551E-05","False","True","False","False","True"
"DQ-0296","1748064","reject_stratified","reject_candidate","1.60616109496914E-05","0.0004974745097570121","False","False","False","False","False"
"DQ-0297","11860778","reject_stratified","reject_candidate","1.61875814228551E-05","1.61875814228551E-05","False","False","False","False","False"
"DQ-0298","5082232","gray_upper_boundary","gray","0.0011879054363816977","0.00028462239424698055","False","False","False","False","False"
"DQ-0299","4122864","gray_lower_boundary","gray","1.64424945978681E-05","0.00024536947603337467","False","False","False","False","False"
"DQ-0300","12906628","reject_stratified","reject_candidate","1.60616109496914E-05","1.60616109496914E-05","False","False","False","False","False"
"DQ-0301","9095986","reject_stratified","reject_candidate","1.6314539607265E-05","1.61875814228551E-05","False","False","False","False","False"
"DQ-0302","4056399","reject_stratified","reject_candidate","1.60616109496914E-05","1.61875814228551E-05","False","False","False","False","False"
"DQ-0303","4587763","gray_upper_boundary","gray","0.0011972112115472555","1.61875814228551E-05","False","True","False","False","True"
"DQ-0304","4217893","reject_stratified","reject_candidate","1.61875814228551E-05","1.60616109496914E-05","False","False","False","False","True"
"DQ-0305","3587174","gray_lower_boundary","gray","1.64424945978681E-05","1.68324113474227E-05","False","False","False","False","False"
"DQ-0306","2402371","reject_stratified","reject_candidate","1.61875814228551E-05","1.61875814228551E-05","False","False","False","False","False"
"DQ-0307","12041207","reject_stratified","reject_candidate","1.6314539607265E-05","1.68324113474227E-05","False","False","False","False","False"
"DQ-0308","12245292","reject_stratified","reject_candidate","1.60616109496914E-05","1.67014204635052E-05","False","False","False","False","False"
"DQ-0309","7777568","gray_upper_boundary","gray","0.0011972112115472555","1.64424945978681E-05","False","False","False","False","False"
"DQ-0310","12729881","gray_lower_boundary","gray","1.64424945978681E-05","1.68324113474227E-05","False","False","False","False","False"
"DQ-0311","328921","reject_stratified","reject_candidate","1.61875814228551E-05","1.65714536706218E-05","False","False","False","False","False"
"DQ-0312","10810964","gray_lower_boundary","gray","1.64424945978681E-05","1.65714536706218E-05","True","False","False","False","True"
"DQ-0313","1966036","reject_stratified","reject_candidate","1.61875814228551E-05","1.79179878614377E-05","False","False","False","False","False"
"DQ-0314","7996692","clean_lower_boundary","clean_candidate","0.001201891340315342","1.61875814228551E-05","False","False","False","False","True"
"DQ-0315","360297","gray_upper_boundary","gray","0.0011832797899842262","1.60616109496914E-05","False","False","False","False","True"
"DQ-0316","2077618","clean_lower_boundary","clean_candidate","0.001201891340315342","1.61875814228551E-05","False","False","False","False","False"
"DQ-0317","8939075","gray_lower_boundary","gray","1.64424945978681E-05","1.60616109496914E-05","False","False","False","False","False"
"DQ-0318","6496224","reject_stratified","reject_candidate","1.60616109496914E-05","1.61875814228551E-05","False","False","False","False","True"
"DQ-0319","3956902","gray_upper_boundary","gray","0.0011832797899842262","1.60616109496914E-05","False","False","False","False","False"
"DQ-0320","13959225","reject_stratified","reject_candidate","1.61875814228551E-05","1.60616109496914E-05","False","False","False","False","True"
"DQ-0321","12394310","reject_stratified","reject_candidate","1.60616109496914E-05","1.95258835447021E-05","False","False","False","False","False"
"DQ-0322","11980298","reject_stratified","reject_candidate","1.60616109496914E-05","1.60616109496914E-05","False","False","False","False","False"
"DQ-0323","6812360","reject_stratified","reject_candidate","1.6314539607265E-05","1.73667194758309E-05","False","False","False","False","False"
"DQ-0324","7810353","reject_stratified","reject_candidate","1.60616109496914E-05","1.6314539607265E-05","False","False","False","False","False"
"DQ-0325","5058255","reject_stratified","reject_candidate","1.61875814228551E-05","5.64979345654137E-05","False","False","False","False","False"
"DQ-0326","1836354","gray_lower_boundary","gray","1.64424945978681E-05","1.6314539607265E-05","False","False","False","False","False"
"DQ-0327","4432693","clean_lower_boundary","clean_candidate","0.001201891340315342","1.61875814228551E-05","False","False","False","False","False"
"DQ-0328","13559604","reject_stratified","reject_candidate","1.61875814228551E-05","1.60616109496914E-05","False","False","False","False","False"
"DQ-0329","7844218","gray_upper_boundary","gray","0.0011972112115472555","1.64424945978681E-05","False","False","False","False","False"
"DQ-0330","7953924","gray_lower_boundary","gray","1.64424945978681E-05","1.6314539607265E-05","False","False","False","False","False"
"DQ-0331","13807615","reject_stratified","reject_candidate","1.6314539607265E-05","3.26992703776341E-05","False","False","False","False","False"
"DQ-0332","9241365","reject_stratified","reject_candidate","1.6314539607265E-05","1.60616109496914E-05","False","False","False","False","False"
"DQ-0333","9078898","reject_stratified","reject_candidate","1.61875814228551E-05","1.68324113474227E-05","False","False","False","False","False"
"DQ-0334","8455103","clean_lower_boundary","clean_candidate","0.0012113064294680953","1.61875814228551E-05","False","True","False","False","False"
"DQ-0335","7616693","gray_lower_boundary","gray","1.64424945978681E-05","1.61875814228551E-05","False","False","False","False","False"
"DQ-0336","7505833","reject_stratified","reject_candidate","1.61875814228551E-05","1.60616109496914E-05","False","False","False","False","False"
"DQ-0337","9158275","gray_lower_boundary","gray","1.64424945978681E-05","1.61875814228551E-05","False","False","False","False","False"
"DQ-0338","5807482","gray_upper_boundary","gray","0.0011879054363816977","0.0014103584690019488","False","True","False","False","True"
"DQ-0339","7891427","gray_lower_boundary","gray","1.64424945978681E-05","1.73667194758309E-05","False","False","False","False","False"
"DQ-0340","7492670","gray_lower_boundary","gray","1.64424945978681E-05","1.61875814228551E-05","False","False","False","False","False"
"DQ-0341","9380392","clean_lower_boundary","clean_candidate","0.0012113064294680953","1.6314539607265E-05","False","True","False","False","False"
"DQ-0342","9288718","reject_stratified","reject_candidate","1.61875814228551E-05","1.6314539607265E-05","False","False","False","False","False"
"DQ-0343","13221941","reject_stratified","reject_candidate","1.61875814228551E-05","1.60616109496914E-05","False","False","False","False","False"
"DQ-0344","13192225","gray_upper_boundary","gray","0.0011879054363816977","1.65714536706218E-05","False","False","False","False","False"
"DQ-0345","4299765","reject_stratified","reject_candidate","1.61875814228551E-05","1.6314539607265E-05","False","False","False","False","False"
"DQ-0346","2354666","reject_stratified","reject_candidate","1.61875814228551E-05","1.6314539607265E-05","False","False","False","False","False"
"DQ-0347","4473665","gray_lower_boundary","gray","1.64424945978681E-05","1.61875814228551E-05","False","False","False","False","False"
"DQ-0348","2592651","gray_lower_boundary","gray","1.64424945978681E-05","1.60616109496914E-05","False","False","False","False","False"
"DQ-0349","12746658","reject_stratified","reject_candidate","1.61875814228551E-05","1.61875814228551E-05","False","False","False","False","False"
"DQ-0350","10612332","reject_stratified","reject_candidate","1.6314539607265E-05","1.59366190928267E-05","False","False","False","False","False"
"DQ-0351","1652613","gray_lower_boundary","gray","1.64424945978681E-05","1.65714536706218E-05","False","False","False","False","False"
"DQ-0352","3062310","reject_stratified","reject_candidate","1.60616109496914E-05","1.60616109496914E-05","False","False","False","False","False"
"DQ-0353","11283912","reject_stratified","reject_candidate","1.61875814228551E-05","1.60616109496914E-05","False","False","False","False","False"
"DQ-0354","7106862","reject_stratified","reject_candidate","1.61875814228551E-05","1.64424945978681E-05","False","False","False","False","False"
"DQ-0355","9240900","gray_lower_boundary","gray","1.64424945978681E-05","1.60616109496914E-05","False","False","False","False","False"
"DQ-0356","3929897","gray_lower_boundary","gray","1.64424945978681E-05","1.60616109496914E-05","False","False","False","False","False"
"DQ-0357","4151545","reject_stratified","reject_candidate","1.61875814228551E-05","1.67014204635052E-05","False","False","False","False","False"
"DQ-0358","9243389","clean_lower_boundary","clean_candidate","0.001216041506268084","0.00019871552649419755","False","False","False","False","False"
"DQ-0359","13615292","clean_lower_boundary","clean_candidate","0.0012113064294680953","1.6314539607265E-05","False","False","False","False","False"
"DQ-0360","7307234","clean_lower_boundary","clean_candidate","0.001216041506268084","2.8857117285952E-05","False","False","False","False","False"
"DQ-0361","247030","reject_stratified","reject_candidate","1.6314539607265E-05","1.61875814228551E-05","False","False","False","False","False"
"DQ-0362","8702686","reject_stratified","reject_candidate","1.61875814228551E-05","1.60616109496914E-05","False","False","False","False","False"
"DQ-0363","3698838","reject_stratified","reject_candidate","1.60616109496914E-05","3.37372257490642E-05","False","False","False","False","False"
"DQ-0364","8750687","gray_lower_boundary","gray","1.64424945978681E-05","1.60616109496914E-05","False","False","False","False","True"
"DQ-0365","6575537","reject_stratified","reject_candidate","1.61875814228551E-05","1.60616109496914E-05","False","False","False","False","False"
"DQ-0366","13913252","reject_stratified","reject_candidate","1.61875814228551E-05","2.56661332969088E-05","False","False","False","False","False"
"DQ-0367","1584095","reject_stratified","reject_candidate","1.60616109496914E-05","0.00010071400902234018","False","False","False","False","False"
"DQ-0368","14123901","reject_stratified","reject_candidate","1.60616109496914E-05","1.60616109496914E-05","False","False","False","False","False"
"DQ-0369","8652342","gray_lower_boundary","gray","1.64424945978681E-05","5.4333642765414E-05","False","False","False","False","False"
"DQ-0370","9673668","gray_lower_boundary","gray","1.64424945978681E-05","1.61875814228551E-05","False","False","False","False","True"
"DQ-0371","1695136","gray_lower_boundary","gray","1.64424945978681E-05","1.60616109496914E-05","False","False","False","False","False"
"DQ-0372","774825","gray_lower_boundary","gray","1.64424945978681E-05","1.65714536706218E-05","False","False","False","False","False"
"DQ-0373","5085708","gray_lower_boundary","gray","1.64424945978681E-05","1.87778732652077E-05","False","False","False","False","True"
"DQ-0374","7911629","reject_stratified","reject_candidate","1.61875814228551E-05","2.17826491279993E-05","False","False","False","False","False"
"DQ-0375","4847579","gray_lower_boundary","gray","1.64424945978681E-05","1.6314539607265E-05","False","False","False","False","False"
"DQ-0376","5573940","reject_stratified","reject_candidate","1.61875814228551E-05","1.6314539607265E-05","False","False","False","False","False"
"DQ-0377","13770117","gray_lower_boundary","gray","1.64424945978681E-05","0.0007613258203491569","False","False","False","False","False"
"DQ-0378","13593080","reject_stratified","reject_candidate","1.6314539607265E-05","1.68324113474227E-05","False","False","False","False","False"
"DQ-0379","1339657","reject_stratified","reject_candidate","1.61875814228551E-05","1.6314539607265E-05","False","False","False","False","False"
"DQ-0380","393","reject_stratified","reject_candidate","1.61875814228551E-05","1.6314539607265E-05","False","False","False","False","False"
"DQ-0381","5048167","clean_lower_boundary","clean_candidate","0.001216041506268084","1.61875814228551E-05","False","True","False","False","False"
"DQ-0382","11210023","reject_stratified","reject_candidate","1.60616109496914E-05","0.00025315635139122605","False","False","False","False","False"
"DQ-0383","8765765","reject_stratified","reject_candidate","1.6314539607265E-05","1.64424945978681E-05","False","False","False","False","False"
"DQ-0384","9182554","reject_stratified","reject_candidate","1.61875814228551E-05","1.60616109496914E-05","False","False","False","False","False"
"DQ-0385","2609860","reject_stratified","reject_candidate","1.6314539607265E-05","1.65714536706218E-05","False","False","False","False","False"
"DQ-0386","7883970","gray_lower_boundary","gray","1.64424945978681E-05","0.00014091856428422034","False","False","False","False","False"
"DQ-0387","5168549","reject_stratified","reject_candidate","1.6314539607265E-05","1.61875814228551E-05","False","False","False","False","True"
"DQ-0388","5424097","reject_stratified","reject_candidate","1.61875814228551E-05","1.61875814228551E-05","False","False","False","False","False"
"DQ-0389","1747504","reject_stratified","reject_candidate","1.61875814228551E-05","1.60616109496914E-05","False","False","False","False","False"
"DQ-0390","3257422","clean_lower_boundary","clean_candidate","0.001216041506268084","1.83428928721696E-05","False","False","False","False","False"
"DQ-0391","3375603","gray_lower_boundary","gray","1.64424945978681E-05","4.75764536531642E-05","False","False","False","False","False"
"DQ-0392","1617855","gray_lower_boundary","gray","1.64424945978681E-05","1.60616109496914E-05","False","False","False","False","False"
"DQ-0393","3377767","clean_lower_boundary","clean_candidate","0.0012065897462889552","0.0005295418086461723","False","False","False","False","False"
"DQ-0394","12581710","gray_upper_boundary","gray","0.0011972112115472555","1.80585193447769E-05","False","True","False","False","False"
"DQ-0395","7345900","clean_lower_boundary","clean_candidate","0.001216041506268084","0.00039977103006094694","False","False","False","False","False"
"DQ-0396","5076912","gray_lower_boundary","gray","1.64424945978681E-05","1.61875814228551E-05","False","False","False","False","True"
"DQ-0397","6729607","reject_stratified","reject_candidate","1.61875814228551E-05","1.6314539607265E-05","False","False","False","False","False"
"DQ-0398","11303034","gray_upper_boundary","gray","0.001192549243569374","0.00010071400902234018","False","False","False","False","False"
"DQ-0399","8802156","gray_lower_boundary","gray","1.64424945978681E-05","1.67014204635052E-05","False","False","False","False","False"
"DQ-0400","13468880","gray_upper_boundary","gray","0.0011832797899842262","2.33693335758289E-05","False","False","False","False","False"
