"review_id","source_line","zh","en","review_label","reviewer_notes"
"DQ-0001","2478086","美国财政部长","United States Marine Corps in films","",""
"DQ-0002","12092579","眉子的双臂已经不停地颤抖,手臂内的肌肉也开始小小地痉挛着。","The tune that they were playing changed, and the tone of the music changed too.","",""
"DQ-0003","11917237","功德从哪儿来?","Who does the design for your products?","",""
"DQ-0004","7726086","Adam-Saidi重要详情","Important details of ebonypixie","",""
"DQ-0005","14089791","又是焦急等待的一分钟,门这才终于开了。","It was the beginning of July, and the long summer heats had come.","",""
"DQ-0006","1078055","“你就是好人吗?","“Why are you following me?”","",""
"DQ-0007","8306533","纪云欣看着深田贺一正在对早上来到诊所的那对夫妻做简介,本来,这个工","And then he looked down to his dirty hands, he looked at the yellow ground and he remembered he was not in his room, and that it wasn’t the sun.","",""
"DQ-0008","12103471","穷人集中北方城市?","TONEY ATKINS: WHAT IN THE WORLD?","",""
"DQ-0009","12042776","“我怕什么?","Now what am I going to wear?","",""
"DQ-0010","10239047","突然,棋盘一亮。","He wasn't much of a parent.","",""
"DQ-0011","3930520","汇发棋最多赢多少钱 . . .","How Much Is The Greek Debt Today","",""
"DQ-0012","8230692","爸,那上面还有疤痕 。 ”","And, he meant it.","",""
"DQ-0013","208415","冻结决定书应当载明下列事项:","The request for transit shall contain:","",""
"DQ-0014","9735706","3N65L-TN3-T Datasheet(数据表) 7 Page - Unisonic Technologies","详细搜索 FQPF5P10 Datasheet(数据表) 4 Page - Fairchild Semiconductor","",""
"DQ-0015","1429210","正在胡思乱想时。","He lifted it.","",""
"DQ-0016","10399893","看看前不久菲律宾赌场的事吧!","The slickness could come later in the week.","",""
"DQ-0017","12128610","File:PanoramaofCanton.jpg - 维基百科,自由的百科全书","File:Carron fish bar.jpg - Wikipedia","",""
"DQ-0018","7379841","我一定会回来的,呵呵!","“That must be one big conference hall!”","",""
"DQ-0019","4947989","SIZ728DT_12 Datasheet(数据表) 8 Page - Vishay Siliconix","详细搜索 FQP4P25 Datasheet(数据表) 3 Page - Fairchild Semiconductor","",""
"DQ-0020","1806366","第35章:决战,虚拟战场","Chapter 35: Information and Technology Services","",""
"DQ-0021","10871175","在国家动乱的情况下,人民解放军仍然英勇地保卫着祖国的安全。","Actually, the title of the document is Strategy and Tactics of Armed Struggle in Nepal.","",""
"DQ-0022","12467610","(待续)","To be obtuse?","",""
"DQ-0023","3825757","【双头折刀】 世界上最好的日本刀","Definition Of Divorce In The Bible","",""
"DQ-0024","2700820","人力资源被视为社会中最重要的","Petersburg to investigate the most scandalous affairs in Moscow.","",""
"DQ-0025","1726413","其他应当中止诉讼的情形。","The source of all material should be clearly identifiable.","",""
"DQ-0026","4001496","如何 使用指南针","How to Write an Advertisement","",""
"DQ-0027","10595540","VictoriaReed重要详情","Important details of HellenBrooks","",""
"DQ-0028","1781194","让我顺利完成这我这一次的<br />预定计划 。 」","I knew that my Aunt Tasha<br />was in the shower.","",""
"DQ-0029","1545301","或许也只有幸村,才看得明白他内心的想法吧。","It was the ""New Age"" capital of the ""Old World.""","",""
"DQ-0030","10703479","这个概念也可以纳入现有的规划,在设计环节上,该项目具有更大的,向杭州城市的边缘水道的伸展性。","Using daylight as a designing element, the pattern on top of the membrane is related to the one represented in the design of the court.","",""
"DQ-0031","7444144","Admin Name: yuxiuhui","Admin Name: Rocket Oxygen","",""
"DQ-0032","11250567","她的眼睛看着他鼓起的裤子,她不由得低下头,确实是害羞。","When it was too hot outside, and she was cuddled up in her room.","",""
"DQ-0033","14070177","群众欢呼,拿那个洋女人大开玩笑。","And so it is with the workman of art.","",""
"DQ-0034","12539162","我好想见妈妈一面啊!","I want my car and I want it now!","",""
"DQ-0035","5976422","说着,我在妈妈的脸上亲了一下,手用力的抓了一下那丰满有弹性的乳房。","Sighing, I climbed into the car, pushed the button to start it up, and drove away.","",""
"DQ-0036","13306203","损伤了总统的第一节胸脊,是子弹还是应力造成的不得而知。","It is the child of hope and the home of the brave.","",""
"DQ-0037","12474032","我们就这样眼睁睁看着整个包皮如同被气吹了一样,被满满的精液鼓胀起来。","The dog was gone, and the little girl was gleefully tearing shiny paper off a cardboard box.","",""
"DQ-0038","7155780","生理课实验结束的时候,太阳已经消失,月亮和星星都仿佛畏惧这寒气,躲起来了。","At the top of the main building stood Jesus, with sprawled out hands and a palpable smile, welcoming his children with the love of the world.","",""
"DQ-0039","14074398","她又去洗了个澡,然后穿了衣服,管我要了钱就走了。","Bob, and Diane, had never let up on her tits, and now Jack was starting to play with mine.","",""
"DQ-0040","12702388","海外公司年审或续牌","Patent Application of Overseas","",""
"DQ-0041","5257600","凌晨时分,雨下来起来,空气中变的清凉起来。","There are cracks in the foundation, the floor is collapsing, and we are sinking down, down, down.","",""
"DQ-0042","759294","信息安全性的处理方式?","How to Start a New Club","",""
"DQ-0043","10473251","科学不是真理的全部,很多问题也是它所不能解释的。","All nations will be involved in the presentation of the gospel, and then the end will come.","",""
"DQ-0044","5087668","TS64MDOM44V Datasheet(数据表) 5 Page - Transcend Information.","详细搜索 TPV7E10G61MSW Datasheet(数据表) 4 Page - ITT Industries","",""
"DQ-0045","5783266","悬崖上做爱,公共汽车上交媾,在漆黑的屋子里和二十多个男男女","First issued in 2003, the Purple heart stamp will continue to honor the men and women wounded while serving in the US military.","",""
"DQ-0046","172573","该教堂位于通往到山顶的轨道。","On the other side the rich fishing grounds in this part of the Adriatic","",""
"DQ-0047","1480570","还有就是,我要买大量帅气时尚的服装,还要请两个保姆。","I've come so far, so fast, I'm in the dark about a lot of things.","",""
"DQ-0048","4665362","· 物业没搞好费用交不交?","When is the next train?","",""
"DQ-0049","3050751","俩人回到工地时,天色已暗,工人们都拿了碗盘聚集在工棚门口,准备开饭。","""I was at the door of the Assembly, and the decree was known to the crowd the moment the votes had been taken.""","",""
"DQ-0050","2191063","沙里淘疼得一时喘不上来气,蹲了下来。","He looked puzzled for a moment, then laughed lightly.","",""
"DQ-0051","11752326","幼儿期是口语发展的最佳年龄阶段。","For that is the sole prerogative of men.","",""
"DQ-0052","9922775","72. 警察也有家","I don't have a favorite color.","",""
"DQ-0053","8877647","第集 1.0 马迭尔旅馆的枪声","Play Pirates of the Caribbean game online","",""
"DQ-0054","4044056","虽然只是一面之交,在将军多年的戎马生涯中,也不曾再次想起那一夜之欢,但看到她对自己如此深情,也不觉为之动容。","Yes, there it lay on the sofa under the quilt, but it was so covered with dust and grime that Zametov could not have seen anything on it. ""Bah, Zametov!","",""
"DQ-0055","3206800","一名消防员在救人时被洪水冲入排水道丧生。","I was born during the war when he was overseas.","",""
"DQ-0056","1190980","列表所用MAPLE公式 [ 编辑 ]","Definition and properties of a quadric [ edit ]","",""
"DQ-0057","2232574","没有了蒂凡那的民主行动党,棒子交吴福源领导。","The economy is in the sixth year of recession.","",""
"DQ-0058","14141805","论坛: 温哥华中文网站务信息","Forum: Community & Family Studies","",""
"DQ-0059","13266249","我再次望着她,在我眼里,她再也不是我的妈妈。","She was wearing a sky blue bikini and her voluptuous thighs were giving me kick in my boxer.","",""
"DQ-0060","5077249","美国导演工会奖获得者","1969 in United States case law","",""
"DQ-0061","9959923","两人从床头上拿好了笔,然后面对着面。","I crawled off the bed and threw up everywhere.","",""
"DQ-0062","7536618","校园舞(小学高段)","Nickel Refining (Primary) in United States","",""
"DQ-0063","11923992","我存在有什么意义?","What is the gospel?","",""
"DQ-0064","609309","我的肉棒在裤裆里胀成一团,鼓鼓的挤压着内裤,已经无法再胀大了。","There is more to my life than just the tale of liquor, and the tale of love for my children.","",""
"DQ-0065","11427431","RochelleEve的工作时间","Working hours of Yanissa","",""
"DQ-0066","13844425","’ ” 这两则源自同一篇文章的材料,却充满了矛盾。","From the 22d to the 24th of March, it was carried on with great activity.","",""
"DQ-0067","10365822","“别让我恶心!","""Don't look so worried.""","",""
"DQ-0068","11884071","以最理想的价钱探索世界","We wait at the airport","",""
"DQ-0069","1644485","下一篇:有水浒传的棋牌游戏","Investment in the agricultural sector of the Tomsk... 27Â DecÂ '07","",""
"DQ-0070","8937445","肩膀,轻轻转动她的娇体对着他,然后嘴巴动了几下后,就直接吻向她的红唇,","The horses stopped grazing before midday, and came into the shadow below him, and stood in couples nose to tail, flapping.","",""
"DQ-0071","11883639","为什么说三果才是真正的解脱道的圣人呢?","Why is it that we’re all as bad as we’ve ever been?","",""
"DQ-0072","12303205","<br /> 对他,我隐约有一种预感,却也没有那么肯定。","Hospitals like that have a policy of providing 24-hour care, so personal caregivers are not permitted<br />to stay there.","",""
"DQ-0073","9372050","事情还得从头说起,L是我老师的女儿,四五岁时我们代她一起玩过,我大她十几岁。","Here I was with Joaquin on the couch, and I was now staring at the erection he was beginning to have.","",""
"DQ-0074","13301811","已经注册? 已经是我们的客户?","When is it time to outsource tasks?","",""
"DQ-0075","9496326","又把我赶回去了。","I'm going upstairs to take a bath.","",""
"DQ-0076","3778235","其次,就是床上生活的和谐问题。","The following year, the rebels attacked Kamansondo.","",""
"DQ-0077","826055","抽插了几十下,金莲的洞中淫水开始泛滥,一点点往外流。","All the children in the hut began crying, and looking at them, Sasha, too, began to cry.","",""
"DQ-0078","2278271","大数据平台 公司动态","Big Data Harpreet Singh Oxyent","",""
"DQ-0079","11116347","想想大概是刚才前戏做得太足,或者是由于第一次红杏出墙的异常刺激吧?","Movement of the limbs could be permitted, limited, or prohibited, depending on the volition of the operator.","",""
"DQ-0080","9059847","有他们守在门口儿,陈倩知道自己是很难有机会离开的,不由得感到一阵绝望。","He was perfect , exactly my type , nice car , nice job , was very nice to me and showered me with gifts at the beginning","",""
"DQ-0081","7521583","刚才偷偷去了瀑布belukar bukit 。 。","He biked from Singapore to the Himalayas .","",""
"DQ-0082","8165574","xinxinlaopoxin的贴吧","Free Stickers for Developers","",""
"DQ-0083","2510270","这是运输带上的生锅食材","""What is the meaning of this!""","",""
"DQ-0084","13457572","英格兰接受了这种勇敢,他被追绶维多利亚十字勋章。","The fire had died down in the fireplace, and he realized that he was cold.","",""
"DQ-0085","1063392","声音很爹,很软,不像责怪人的口气。","But this is a problem of wages, not time.","",""
"DQ-0086","4870969","在国务院公报上刊登,也不能代替部门依照规定的程序向国务院报送备案。","In the event that plans to conduct an excavation are in place, the license holder must negotiate with the landowner to rent or purchase the land for the purpose of carrying out the excavation.","",""
"DQ-0087","11521561","视,由于我安装的其中一部摄影机,放在电视机旁的公仔内,固我可清楚地看到","I raised one of the scattered golden locks that lay shining like a sunbeam on the pillow, and kissed it tenderly.","",""
"DQ-0088","2173255","英国是否会脱欧","Beefeater Bbq Discounted in the UK","",""
"DQ-0089","3597666","欧阳的手动了一下,眼皮没有睁开,但眼珠在里面翻滚了几下,这才睁开。","Things got bad quickly as starvation and homelessness spread, and a few protesters petitioned for help, but the Edisonians mowed them down with automatic fire.","",""
"DQ-0090","10255507","我覺得也不是新車了,就 . . .","""Jesus, Rachel I don't know.""","",""
"DQ-0091","3863168","我趁着小姨子和她说话的功夫打量了一下她。","But while I was in my bed at night sometimes I used to masturbate fantasizing her.","",""
"DQ-0092","8301933","3可以把年届七旬的母亲接到身边来安度晚年。","You need to be a part of a contest for one of the best sites on the internet.","",""
"DQ-0093","658217","回家也可以接着做啊!","She loved it!","",""
"DQ-0094","2193488","GottesHand [作者] 2016年4月26日下午10:01","AlexWorth [author] Jun 24 @ 7:21pm","",""
"DQ-0095","13822215","偿所愿的控制了松江的黑道了呢?","""And what is the officer's name on the ticket?""","",""
"DQ-0096","1418875","我还得寸进尺,用双手指尖呈包围状兜在她的肋侧,偷偷感受了一下被挤出乳罩来的乳根嫩肉。","He caught up with the youth just as the latter reached the side of the damsel, and Sir Kay cried out, with a scornful laugh:","",""
"DQ-0097","10207183","如果你有一面壁镜,用它来检查自己的动作。","How can you tell if you have a ripe kiwi?","",""
"DQ-0098","6899306","看来以后必须要注意了 。 」","You have to love your mother .""","",""
"DQ-0099","9454280","一顿饭吃得昏七素八,末了,单胖子被愣总搂着脖子一口一个兄弟的叫着,口齿含糊不清。","The messenger hurried before him, along a grove of little rooms, and turning into one at the end of the grove, looked round the door.","",""
"DQ-0100","12896603","“噢,我买的时候‘广本’还没有自动档的呢 。 ”","I was bullied when I was at school and, frankly, I deserved it.","",""
"DQ-0101","6894618","每次开法会,我都想用它来救度众生。","It's not that I want to die, I just don't want to live that way.","",""
"DQ-0102","12650540","因为,主持人是沈梦。","However, the fan was still higher.","",""
"DQ-0103","6370612","第一滴血中的刀","Online Gifts In The Philippines","",""
"DQ-0104","9921559","有很多的形象值得拍照并且让你印象深刻。","Tried a lot of different food, and so far no brown rain.","",""
"DQ-0105","788121","Ø ISO9000族标概论","Skip to the following year:","",""
"DQ-0106","244063","讲到这儿,我给你们讲点你们愿意听的吧。","You want to applaud the bravery of a defeated, treasonous army?","",""
"DQ-0107","2631160","她保持了这两天来已经习惯了的自然声调。","I went to the police and reported that my passport had been stolen.","",""
"DQ-0108","5187901","他虽然听不清楚她在说什么,但是可以肯定她的梦中少不了他的存在。","We didn't know what was a Nazi, but we started to say 'Hail Hitler' and raise our arms in the toilet.""","",""
"DQ-0109","11565923","美国主要城市房车营地","V. Spence, United States","",""
"DQ-0110","4703024","西南山坡的那一块熟的早,都上来了,来不及,再说,这个天气还不知怎么的,还是早下手的好。","It was a Father's Day, 13 or 14 years ago, and most of the family and friends had come by, with a barbecue planned for later in the day.","",""
"DQ-0111","880589","英格兰的十八种蝙蝠有十种能在艾坪森林找到[150 ] 。","Talksport is one of the biggest commercial radio stations in the UK.[131]","",""
"DQ-0112","8249968","那个,就会变得舒服极了,是你想都想不到舒服。","“These babies are going to be sore tonight,” you say.","",""
"DQ-0113","3126172","晃了晃头,不想了,到卫生间里拿着毛巾,一边擦着身子一边重新回到床上。","I said turning to him as I pushed the door open with my back, “You need to go to bed.”","",""
"DQ-0114","13909672","耶稣又对他们说,孩子们,1 倚靠钱财的人进神的国,是何等的难!","17 And Jesus said unto them, Come ye after me, and I will make you to become fishers of men.","",""
"DQ-0115","2667802","如何测试AngularJS中的Directive","How to Install CakePHP in XAMPP","",""
"DQ-0116","10934484","不知不觉间,我和妈妈“同居”已快三星期了。","But after I was interviewed once, I was interviewed again.","",""
"DQ-0117","9392073","“龙儿,能不能别这样说,我不喜欢 。 ”","The work she does is justified, and I just love it.""","",""
"DQ-0118","14036077","为什么许子根会有第二个方案作为腹稿?","Is there a mistake?!'"" Steve Nelson said.","",""
"DQ-0119","1400991","尼泊尔纸刀的折法 . . .","The Governor of the Novosobirsk region Victor...","",""
"DQ-0120","14110044","在抚养他的过程中,我们对圣经上「罪」的理解又深了一层。","Never the less, We have a small number of new Ugg sheepskin boots looks that we love.","",""
"DQ-0121","9816508","美国军用微创直出弹簧刀","United States Public Debt 2012","",""
"DQ-0122","6756714","但明显看出来他神情非常沮丧。","It was very still and nothing disturbed them for hours.","",""
"DQ-0123","2271139","一切的计划也因此取消","all the best...","",""
"DQ-0124","661072","由于有避孕套上的淫水润滑,女人并不觉的太疼,只是胀得要命。","In this case, the cardholder number is not shown on the front of the card. Evan wrote:","",""
"DQ-0125","2426610","大胖的脸上突然出现了淫笑。","Suddenly, there was a knock on the door.","",""
"DQ-0126","335200","有些烟瘾上头的我便找了个借口,离开了住处,到楼下抽烟去了。","So they wetted his ears, and some of the milk ran down his neck under the red jersey.","",""
"DQ-0127","5151156","我急需要释放心中的抑郁,灌满这个骚货的屁眼是个很好的方法。","This movement brought his focus to her, and he got a good look for the first time.","",""
"DQ-0128","10661087","出现一个新窗口。 选择新建艺术画笔然后按确定。","Create a New Document and Set Up a Grid Hit Control-N to create a new document.","",""
"DQ-0129","5224438","严格说来,那不是一封信,是一张信封,和里面的两张船票 。","I am not, strictly speaking, a thing. I am a process, an idea.","",""
"DQ-0130","12809298","丈夫的一家都信佛,家中香火不断。","No, the Ascension is a promise and a revelation.","",""
"DQ-0131","7558305","陈曦觉得姐姐这样的美人儿当然是应该穿性感的内衣了。","There were, of course, plenty of ships to be had.","",""
"DQ-0132","10970046","我必须在表面上注意自己的形象,考虑将来的家庭。","I have been eying your cock all day on the beach.","",""
"DQ-0133","5287009","接下来,他掌心贴紧花蕊,很有技巧地揉动起来。","Deciding not to say anything, and just find his meal else where, he walked to the bathroom door.","",""
"DQ-0134","5505195","在中世纪早期的几百年中,东罗马一直是欧洲经济最发达的国家。","This magnificent structure fascinated architects in the centuries that followed and has been considered one of the most important examples of Persian architecture .","",""
"DQ-0135","9451221","Emacs:以管理员身份编辑当前文件 Leave a reply","Emacs: Delete the file that is associated with the current buffer","",""
"DQ-0136","2168215","紧接着肚子上又被狠踹了几下,再也站不住了,跪倒在地。","Stacking the file folders in a neat pile on his desk, he checked the time on his Blackberry.","",""
"DQ-0137","13896081","他说到那个父就想到了“丈夫 ” 。","“Your dad said that the only family of Dane’s he worried about was me.”","",""
"DQ-0138","4169971","妈妈的阴精开始喷出时,我便已经停止了动作,整个身子压在妈妈的身上。","Although she was on top, I was doing most of the work, and it was a labor of love.","",""
"DQ-0139","2517926","Registrant Street: beijing","Street: 808 Brannan Street","",""
"DQ-0140","7755828","她家住在五楼,到四楼的时候,就看到明明的妈妈站在门口了。","As I learned later, she also threw glass ashtrays at other housemates, and kicked another housemate in the stomach.","",""
"DQ-0141","9366436","最近是读到哪里啊?","Religion, or what is worshiped","",""
"DQ-0142","13700148","我冲进厨房里,搜寻看有没有合适的东西。","I fell back into the bed and laughed for the first time in awhile.","",""
"DQ-0143","1702417","一想到这个问题,大脑条件反射般避开了去。","Then we were carried to the flat of the SS-man.","",""
"DQ-0144","12436690","上一篇:哪有卖砍刀的","Other : Chester's last season in the League","",""
"DQ-0145","7024528","我觉得有可能参与私有化和拆除VIE的基金,另外一个途径是在新三板上撒网。","He has a child on the way, and is in a dead-end thankless job as a high school teacher in the troubled economy of the American Southwest.","",""
"DQ-0146","1087566","救生圈的租金。","This is the image of the palace.","",""
"DQ-0147","3201480","房间的电话响了。","Chloe poked him playfully in the stomach.","",""
"DQ-0148","4248231","“到时我向你借,然后我再借给那个老板 。 ”","I can’t see the bottom and I freeze, cling to the side, or just choke.","",""
"DQ-0149","9675035","她又是怎么逃出来的?","“This is how to do it?”","",""
"DQ-0150","5149465","File:GreatWall PSU.JPG","File:Gerrard Street, Toronto.JPG","",""
"DQ-0151","1056696","欢迎来到AileenFoxter 的视频聊天室!","Live Cams Girls AngelaBella's Video Chat","",""
"DQ-0152","12429478","怎么制作简单好看的军刀","Do You Need An Attorney For A Civil Lawsuit","",""
"DQ-0153","4203260","megane1重要详情","Important details of TamaraPorter","",""
"DQ-0154","8876692","我敢肯定她和某个男人上床后,立马就意识到了。","“No, nothing and I have an appointment myself with a client.","",""
"DQ-0155","201336","好容易止住咳,我回头一看,原来是那台历倒了。","I have gone to them for depression, anxiety, and insomnia, and mania.","",""
"DQ-0156","9898415","在网上买刀是货到付款吗","Is The Government Going To Raise The Debt Ceiling","",""
"DQ-0157","13282495","当前位置 :首页 > 检测业务","Current Location :Home > Communication Corporation","",""
"DQ-0158","8428132","酸奶是维持细菌平衡的.","But so is the case with the love of the father.","",""
"DQ-0159","2691937","妈妈继续说道,捏在腰部的力道又大了一些。","I had slept on the back of the Harley many times, so this was nothing new.","",""
"DQ-0160","614700","关于“五一节的由来”是这样的:","This plan will be developed by the student with the","",""
"DQ-0161","9136064","“德外四虎不是四个人吗?","""Is the back of the restaurant covered?""","",""
"DQ-0162","11552986","·怎样在野外捕鱼","how to apply MBA in liba","",""
"DQ-0163","7194139","他作为一厅之长,为人一向严谨,下属见了都有点害怕,只有女儿俪娜才和他显得亲热。","No, sir! This was a bonafide telescope, and it was going to be mine in a little over a month.","",""
"DQ-0164","202420","DrugBossa的工作时间","Working hours of PinkDiamond","",""
"DQ-0165","1795393","19, 处女座, tokyo, onitsuka tiger","19, ORLANDO,FLA","",""
"DQ-0166","8903635","基金的去向","Specials of the Week","",""
"DQ-0167","10933737","茹嫣走过去,其中一个很壮的抬起醉眼色迷迷的瞄着她。","I gave her a check, and I never thought any more of the matter.","",""
"DQ-0168","363338","钟嫣儿听完之后,十分兴奋地鼓掌道。","After that, Chariot hired a third-party that uses algorithms to trade currency.","",""
"DQ-0169","4693948","这个乱吃醋的变态同性恋!","This really is a very short time.","",""
"DQ-0170","11287019","贝尔格莱德5星级酒店","5-star Hotels in Sao Bento do Sapucai","",""
"DQ-0171","7852198","“好的,这孩子在我们老两口这里也不习惯。","I have 40 tickets that our sponsor, The Spa at West End, gave to us.","",""
"DQ-0172","6891351","也正以为他们都生活的很幸福,所以他并没太着急与他们相见。","They were all hit by it and slammed back against the wall that was probably thirty feet behind them.","",""
"DQ-0173","13401114","File:Chuniaomugong.JPG","File:Alderleaf Mountain Mahogany.jpg","",""
"DQ-0174","10269733","Pohotlivaya11的工作时间","Working hours of -ALESSANDRA-","",""
"DQ-0175","4634228","叙利亚与伊斯兰国最新战事下载地址","The time difference between Syria and Cyprus is 0.196 decimal hours .","",""
"DQ-0176","455483","交通信用卡如何转账","How To Get Skinny Fast Without Diet","",""
"DQ-0177","504097","今晚,她们不光不在家里住,还面临着第一次和其他女子同床侍夫的考验。 姐妹俩打车来到了四环边的一片涉外公寓区的大门口儿,下车向一栋精美的白色两层小洋楼儿走去。","James turned the steering wheel and the lorry turned in a circle, the back of the lorry hitting the back of the car. The guy sitting at the window on the right went flying into the car, the guy on the left flew out of the window and down the cliff.","",""
"DQ-0178","1040149","对了,牛奶喝之前,一定要先拿出来解冻 。 ”","""So it was painful to get out of this beautiful body.","",""
"DQ-0179","12069099","车辆 - 维基百科,自由的百科全书","JikesRVM - Wikipedia JikesRVM","",""
"DQ-0180","2336894","因本协议或本公司服务所引起或与其有关的任何争议应向人民法院提起诉讼,并以中华人民共和国法律为管辖法律。","This Agreement may be signed electronically or, as set out above, your access and make use of of the Services will manifest your consent to this Agreement.","",""
"DQ-0181","10671051","过了好一阵子,她才张口说话,这时我的鸡巴早就软掉了。","Manicure, pedicure, and for the first time ever, she had a Brazilian wax.","",""
"DQ-0182","588559","第335章 . 赌徒心理","Appointment of general manager 335 .","",""
"DQ-0183","2840453","国家环保部的前任部长。","I kept out of sight of the classroom window.","",""
"DQ-0184","1484095","听了小天的话,妈妈似乎松了一口气,而文龙哥哥的嘴角则微微上翘了起来。","We drove to the hunting cabin, @ 15 minutes, and the talking was just about neighborhood things and general talk.","",""
"DQ-0185","3346861","(函数模板 ) [ edit]","[edit ] Container data races","",""
"DQ-0186","7429244","他在盼望另外一个新人来帮助他。 丈夫控告妻子,我们的婚姻完了,都是她不认罪。","David did not reject Bathsheba, adding another wrong to his account. David made Bathsheba his wife, and from that union came King Solomon.","",""
"DQ-0187","3586397","如何保持身心健康","How to Draw a Medieval Castle","",""
"DQ-0188","11451761","耐磨带是什么?","How Long is the Visa Valid For?","",""
"DQ-0189","12960994","妈妈触电一般的吐出我阳具,打着胸脯干咳一阵。","I watched until they were out of sight, then went back in the house.","",""
"DQ-0190","3793656","“啪”他狠狠的挨了一个大嘴巴。","The girl turned back with a smile.","",""
"DQ-0191","3925866","1、向搜索引擎目录提交网站","Your site will plummet to the depths of the unvisited web.","",""
"DQ-0192","4872540","唇边吻了一下,就想要退开,可是却被黑俊玮给用力的抱住,而后更加加深了这","They are unnerved by the use of such terms, but as years, and months, and thats why they laugh.","",""
"DQ-0193","9925543","摩尔多瓦共和国议会","3 Kingdom of the Netherlands","",""
"DQ-0194","12654092","来到公司只有我一个人把雨伞拿出来晾干。","Not one of my favorite Venom covers for sure.","",""
"DQ-0195","12099864","我这是要做未来的大圣人,没有一个与众不同的象形,那可不行 。 ”","""I should much like,"" she said, ""to be a nurse at a hospital.""","",""
"DQ-0196","7026377","「我不要他带,我要小蝶 。 」","Mark is watching cartoons, and I don’t want him to hear me crying.","",""
"DQ-0197","7618436","现在我就给你种上。","Then when I get home I'm going to purposely sleep.","",""
"DQ-0198","8042546","公公和他不一样,玩过女人不少,可是有两个固定的情人。","It was beautiful, but there were tourists everywhere, the logical part of me argued.","",""
"DQ-0199","12151039","两个版本都各有各的feel。","The two winners will be contacted via email.","",""
"DQ-0200","13615589","“法律中有一个婚姻法知道不?","Perhaps there is a way you are able to remove me from that service?","",""
"DQ-0201","5577119","严兄弟,看来你和我一样,对这信用看的很重啊 ! 」 萧肃言点头,<br />认可了我的决定。","“Thank you,” she replied and carried on looking. <br />Joey wanted to go into meltdown at this scene that was taking place in his honor.","",""
"DQ-0202","13556120","其实,这里就留下了一个很大的口子,这也是做业务非常精妙的地方,以后再细表。","I do think people have a right to privacy, and that if I’m going to expose anyone it’s going to be me.","",""
"DQ-0203","10950152","局长个人工作总结","Type Of Personal Loan","",""
"DQ-0204","5562333","果然,我的预感变成了现实。","""No, my worthy blue-baggist.""","",""
"DQ-0205","11565941","她做爱也不少了,可是老公的阴茎小,插入时也没有松的感觉。","I didn’t know too much about it, but I do remember that we had a lot of relatives in Detroit.","",""
"DQ-0206","7358922","浅析HPPD类除草剂中的新成员—环磺酮 2016-08-26","The Importance of Formulation Design 2016-08-26","",""
"DQ-0207","5101258","司机从窗户里探出脑袋大叫着。","She walked out of the room without another word.","",""
"DQ-0208","329228","超声波处理污泥技术","Equipment for Biological Treatment of Water","",""
"DQ-0209","8264628","KirstenBlush重要详情","Important details of -CALYPSO-","",""
"DQ-0210","4597592","母亲原来是南方人,是一名医生。","It was a very beautiful city.","",""
"DQ-0211","4538195","自慰时想的最多的就是她的前男友。","She gave him her reading of the matter.","",""
"DQ-0212","4974783","既年轻帅气的小鲜肉,又富有成熟男人的味道。","and not the young, horny teenager who used to fuck his mother and","",""
"DQ-0213","4520091","如何 接吻","How to Cook Asparagus","",""
"DQ-0214","13639753","xingbaijc.com Click to buy","bosfansedge.com bosfansedge.com","",""
"DQ-0215","8483752","Grand Canyon Mule Tours by Xanterra(大峡谷国家公园)","Best Omelettes in Grand Canyon National Park, AZ Review","",""
"DQ-0216","11641640","有,那些金针扎进去,比要我的命还难受。","""Yes, yes, and she is glad to know - she approves of it.","",""
"DQ-0217","6497685","“是的,E利博娱乐场取款额度 是在寻找漏洞。","Blog not found Sorry, the blog you were looking for does not exist.","",""
"DQ-0218","5822896","是等太久了让壮尸或是村民追上,再像脱身就难上加难了。","She was entering her fourth year in the navy and had planned to make a career out of the military.","",""
"DQ-0219","5754267","一个老头赢了你,你都不在乎了。","“No, you don't!”","",""
"DQ-0220","4320552","所以,雁鼎湖山庄的内部所做的改动并不大,基本上保持了原有的疗养院结构。","For a second, I was back at the top of the water tower in my dream, bracing for an attack.","",""
"DQ-0221","8456237","我看了不出声,小弟弟却开始跳动了。","I kissed it, and marveled at how fleshy and sweet it looked.","",""
"DQ-0222","6924212","Celebration Cruises of Santa Barbara day trips附近的景点","Restaurants near Santa Barbara Scenic Drive","",""
"DQ-0223","9601839","我挤出两个字。","“Those are good words.”","",""
"DQ-0224","9818330","那条路上的确如淳风所说,并不安全。","""I should, indeed, like to","",""
"DQ-0225","7637554","男子凌厉的双眼中,眼中充满了不敢置信与化不开的复杂情绪,以及一丝的","We have micrology and micrography, approaches to the study of the small, as well as macrology and macrÃ3graphy, the examination of the large.","",""
"DQ-0226","4705245","因此问题的关键在于电台的内容和素质。","The Broncos are close to the bottom of the league in pass defense.","",""
"DQ-0227","7892417","jahong的工作时间","Working hours of BellaLovely","",""
"DQ-0228","3059367","这里唯一的坏事就是山区的另一边,只要从这个村子的最北边越过一处原始","As I listen to the hum of the motor, I find it amusing how different this ride is from the nightly Venice boat rides I always imagined.","",""
"DQ-0229","13132555","第四十四条 审判人员有下列情形之一的,当事人有权申请其回避:","parent undertaking – a person in any of the following situations:","",""
"DQ-0230","2978476","第三,编写体例的生动性。","At the end of the shift, I always feltit.","",""
"DQ-0231","12814545","LILYTH-DARK的工作时间","Working hours of ChristyRay1","",""
"DQ-0232","11139383","公寓配备了一台电视。","The rooms are fitted with a shared bathroom.","",""
"DQ-0233","3330495","我认为这是匈牙利战役拖得很久的原因所在。","General Har I think is part of the royal family or something and controls the army.","",""
"DQ-0234","13089676","叶竹兰低着小脑袋胡思乱想起来。","This money was located in his apartment.","",""
"DQ-0235","9201064","当火星撞上地球是什么状况?","What Is The Best Psychic Line To Work For","",""
"DQ-0236","13905691","插穿了男人肚皮的那头壮尸忽然转身,头也不回地朝着丛林深处走去。","missionary, and were full of regret that papa had not heard, in the first instance, the interesting things which","",""
"DQ-0237","2975664","等她终于挪到了沙发前,已是气喘嘘嘘,满身香汗了。","Marilyn was 3 years old when she was brought to a malnourishment clinic in Haiti.","",""
"DQ-0238","6371068","她知道该如何快速达到高潮,只是我还不太适应。","I hated to ruin her mood, but I had to do this.","",""
"DQ-0239","7167681","我嘴上答应着,就走出房间,并随手将门关了,立即跑进了卫生间把水打开。","Darkspawns rushed out of the treelines, swarming into the battle and killing anyone and everyone they got to.","",""
"DQ-0240","10849215","圣文森特和格林纳丁斯","EPF and The Industry","",""
"DQ-0241","5567640","JaniceRayne的工作时间","Working hours of sk-santelei86","",""
"DQ-0242","8658197","阳光的明亮更让一切幻入薄薄的雾中,时隐时现。","The workers are all the time pleased to assist, and are very prompt","",""
"DQ-0243","14138700","Anngelline重要详情","Important details of OdryCaste","",""
"DQ-0244","3020384","Bad Boy特攻 Bad boy dak gung(2000)","High Fidelity (2000) ... Production Company","",""
"DQ-0245","7373101","拉脱维亚苏维埃社会主义共和国国歌","Leaders of Ukraine Leaders of the Soviet Union","",""
"DQ-0246","12000155","迎向未知的天空","Back to the dinner.","",""
"DQ-0247","5097261","200 million[69] 惠特妮·休斯顿","Eniwa South High School [69]","",""
"DQ-0248","1538020","(三)等待期限的长短","With the rising cost of the loss.","",""
"DQ-0249","11517767","Kindan Gems Jewellery附近酒店","Hotels near Cavadurli Station","",""
"DQ-0250","10163789","女警官当然不同意了。","They did not kill the prisoners of war afterwards.","",""
"DQ-0251","8074615","·世界上最好的长刀","Growing Grapes In The Southwest","",""
"DQ-0252","1533116","Thorold挂牌上市房地产—CENTURY 21 Canada CENTURY 21 Diane Walker","Homes for sale in Oakville, Real Estate Listings - CENTURY 21 Canada CENTURY 21","",""
"DQ-0253","8566525","若是以爲不自由环境裏的自由高於自由环境中的自由,外在环境已经成爲可以决定内在自由价值的要素。","In a sense, it is the fact that there are unCatholic types behaving in a Catholic way which proves the power of the culture.","",""
"DQ-0254","2047602","Q1: 如何加入皇冠官网?","Q1: What time does the festival start?","",""
"DQ-0255","7367874","你在监视我吗?","“Where are you parked?”","",""
"DQ-0256","7456086","仿佛听见你在歌唱 琵琶轻响","If you were an NCO you were like a politician.","",""
"DQ-0257","9612447","家里就剩下我和两个姐妹。","Cat looked at me and frowned.","",""
"DQ-0258","9141058","两个女人在前,侯龙涛断后,他们已经出了大门。","""Fuck off, losers,"" Benji said, rinsing off quickly and hurrying out of the showers to dress.","",""
"DQ-0259","12159740","下面是保存记录时所需的典型的工作流。","Validates that the attribute value is a number.","",""
"DQ-0260","8437166","文森高兴的说着,手还紧紧的握","to say that there is an unchristened child in the house","",""
"DQ-0261","9033084","唉,回去怎么向妈妈交待,她可是叫我好好保护你的。","I got to the Pier about 15 minutes early, and sat, and waited.","",""
"DQ-0262","7889574","在黑洞洞的枪口下,阿威不得不照办了,一颗心直沉到了脚底。","At midnight the wind began to rise, and a rustling sound was heard at the foot of the tree.","",""
"DQ-0263","1639831","在IWC万国表踏出第一步","The price in the above form is RMB.","",""
"DQ-0264","1607554","“日本人要毛尸做什么?","What have the cops got to do with us?","",""
"DQ-0265","699865","(二)证实登记确有错误的材料;","a) supervise the payment system in the Republic of Moldova;","",""
"DQ-0266","1293619","闪婚啊! 这让我想到一个习惯用语:around the corner.","One of the goals of the program was to keep families together.","",""
"DQ-0267","734306","芬蘭交通 - 维基百科,自由的百科全书","Abortion in Montenegro - Wikipedia","",""
"DQ-0268","11898928","我要克服我在大学里那个我讨厌的气氛!","There are a lot of things I want to do in this holiday.","",""
"DQ-0269","8372252","如何 吹口哨","How to Draw Buildings","",""
"DQ-0270","2668731","诸城广源屠宰机械有限公司","Zhongshan Guangrun Lighting Co., Ltd.","",""
"DQ-0271","13002011","压抑越久,那么就越是变态。","She opened the next locker, then sighed.","",""
"DQ-0272","5047750","你知道大法弟子的圆满是一个多么伟大的事情?","How do you know what is too little or too much?","",""
"DQ-0273","12717829","我真的就想要她。","I did not want her to cum.","",""
"DQ-0274","6999666","同时更加强化了他对睡眠的反感,宝宝也就越发不肯午睡了。","One Yoga exercise is to take a deep breath, and hold the right nostril with thumb and finger.","",""
"DQ-0275","13322150","声援巴勒斯坦人民国际日","United Nations' International Day of Persons with Disabilities","",""
"DQ-0276","9422214","下面给利伴网 小编为您介绍一下。","The tomato is a very expensive to insure.","",""
"DQ-0277","11497684","我很想念妈妈,无法让我快活起来。","managed to at least free his cock, and I was very pleased.","",""
"DQ-0278","2149306","警察把资料递给了博士。","Contribute to the funds of the party.","",""
"DQ-0279","1825814","请问师尊飞天艺术学院在台湾设立分校的目地是什么?","What is the sin that took place in the Garden of Eden?","",""
"DQ-0280","1192318","龙涛,你怎么会对不起我呢?","Can you tell me anything about Mother's symptoms?""","",""
"DQ-0281","9674084","一件艺术品的完整性是很重要的。","I swear I'm like the definition of a poser.","",""
"DQ-0282","6253724","原以为事情到此为止了。","And indeed that was the most agreeable part of the whole story.","",""
"DQ-0283","3376124","前往国贸大厦的公交车很多,颜尚投了一元硬币,上得一辆公交车。","They were yellowed old letters, and on the top of the package there was a worn daguerreotype-case with broken clasp.","",""
"DQ-0284","4844677","女人的未来是什么?","“Which is the boy?”","",""
"DQ-0285","7183629","没用多久,终于出了林子,我们看到了万金山所说的那道裂沟。","Now I was thinking, “Great, we can’t climb OUT the window, because of the burglar bars.","",""
"DQ-0286","10188282","他拼命的点点头,这时候解决身体问题是最大的事情。","kitchen, clutching his head and staring out of the window into the back garden.","",""
"DQ-0287","5125506","其中的“有意者请联系”是可以不写的。","She is one of the most booked coaches I know.","",""
"DQ-0288","12687718","Ben, blogging: December 2006","Ben, blogging: July 2007","",""
"DQ-0289","4276926","心中的怒火已经忍耐了好久好久,我狠狠地将马卡娜往前顶,撞的桌子咯吱咯吱地响个不停。","I hadn’t seen Kylie and Simone for years, and the prospect of meeting Chris in the flesh for the first time was a bit daunting.","",""
"DQ-0290","4366833","可就在几个月以前,我妈她交了个男朋友,现在弄的要结婚,我为这事跟她吵了好几回。","7 Then I went to the Euphrates, and dug, and I took the loincloth from the place where I had hidden it.","",""
"DQ-0291","8820925","等他清醒过来之后,他发现珺梅已经不在了,但是浴室里传出的水声,他知道珺梅此时正在浴室里清洗身体。","In the tense ten years when he was Adolf Légalité, he threatened it so often that he gave the party leaders the jitters, wondering what they would do i f he carried out his threat.","",""
"DQ-0292","9446740","一 你我相隔一冬却是相离一生 . . .","This is a liberated website content manoeuvre that you crapper do anytime.","",""
"DQ-0293","10089505","Gizmode pcバッグ gmpc-002 意见: 533","France political map Views: 471","",""
"DQ-0294","5495522","泄身过后的妈妈俯身躺在他的怀里大口大口的喘气,整个后背都是密密麻麻的汗水,高耸的大奶子压在他的胸膛上,身子随着胸口起伏微微的颤动。","The middle Hayes was very handsome in a smooth urbanite way with his tailored suit, silk tie, and clean-shaven face, and his complexion was the light tan of a man who was mostly indoors and only had the Texan sun on his face during weekends.","",""
"DQ-0295","4581522","(Fidai Mahaz指挥官 ) [ 31]","Civilian casualties (2001–2003) [ edit ]","",""
"DQ-0296","1748064","期刊简介","Golfer Of The Year","",""
"DQ-0297","11860778","色情电影有哪些","What is an ntstandby booking?","",""
"DQ-0298","5082232","心梅害怕极了他即将说出的话会很可怕。","A fierce rage on a sudden seized Arthur so that he scarcely knew what he was about.","",""
"DQ-0299","4122864","欢迎光临小店","Moving to the USA?","",""
"DQ-0300","12906628","赶紧抹了一把脸,带着文件就匆匆开车奔领馆去了。","The resulting amalgam was always a noun-verb, and inflected according to the ordinary rules.","",""
"DQ-0301","9095986","时而停下,依偎在恋人身旁,忘身山川之间。","I was furious, and responded, “I will fight to the end.","",""
"DQ-0302","4056399","她这个作母亲的除了为爱儿感到骄傲外,她就不为爱儿所迷吗?","Not a fan of smart bombs in general, but that was...","",""
"DQ-0303","4587763","请求的 URL : / photo-15-2.aspx","Requested URL: /bottles/white-stout.aspx","",""
"DQ-0304","4217893","Q1: 请问各个游戏的注额为多少?","Q4: How about the color of HPML002?","",""
"DQ-0305","3587174","随后成为linux内核开发小组中的重要成员。","Meet a member of the opposite sex.","",""
"DQ-0306","2402371","如何让客户关系焕发新生?","Get The Power To Know® on the go.","",""
"DQ-0307","12041207","里流浪呢,大周打下了江山,他官拜殿前都点点,总掌全国的兵马,也算是一人","It was the second in just over a month to strike one of the Shiite group’s bastions of support, and the deadliest in decades. Responder Miguel","",""
"DQ-0308","12245292","总统直选对宪政运作之影响 .","""OK Go: Of the Blue Colour of the Sky"" .","",""
"DQ-0309","7777568","BellaLovely的工作时间","Working hours of MalayaNyasha","",""
"DQ-0310","12729881","您申请的职位:","BLSR stands for:","",""
"DQ-0311","328921","你为什么要捉他?","How much did you enjoy it?","",""
"DQ-0312","10810964","排法是将3个小面团排在模型中间,","Only eight municipalitiesÂ provide Â 82% of the drinking water in the United States.","",""
"DQ-0313","1966036","德国驻华大使馆","Infectious Diseases of Germany","",""
"DQ-0314","7996692","澳门由中国秦朝起已经是中国领土,中国元朝海军长期在珠三角附近巡逻。","In 1974, Macao was established as a Chinese territory under Portuguese administration; the Chinese refused to accept the return of the territory at the time.","",""
"DQ-0315","360297","Hot_Nicky30的工作时间","Working hours of 2GLAMOURtrans","",""
"DQ-0316","2077618","CaseyFox的工作时间","Working hours of Karlaguci","",""
"DQ-0317","8939075","我们在做决策时,尤其是重大的决策时,都希望自己能够理智地分析情况,然后做出更好的选择。","Hopefully, I'll be able to get more involved with Endeavor in the future, and we've made plans to meet up when he comes to San Francisco!","",""
"DQ-0318","6496224","妇女节是在玫瑰星期一的前一个周的星期四,另外还有妇女节星期六。","The university was re-opened on 17 November 1945 as one of the first in the British occupation zone .","",""
"DQ-0319","3956902","上海北湖建设工程有限公司","Wujiang Jinhua Cleanroom Project Co., Ltd.","",""
"DQ-0320","13959225","10 如何选择人才","How to Get Soft Hair","",""
"DQ-0321","12394310","·如何用渔网捕鱼","How To Prevent Gas Bloating With Diabetes","",""
"DQ-0322","11980298","那么初中语文课该怎样上呢?","So what exactly is CPA Internet?","",""
"DQ-0323","6812360","吉祥侧过脸来,说能不能吻你一下,我说讨厌。","But no matter how, I can't increase my yield.","",""
"DQ-0324","7810353","黑木耳是好东西。 为什么呢?","This is a bag of heart attack cancer.","",""
"DQ-0325","5058255","网上能买到狗腿刀吗","Can I Deduct Medicare Insurance Premiums","",""
"DQ-0326","1836354","我在念书的时候,曾经听过她的一个讲座,那个讲座从开始到结束,没有一个人中途退场,所有人都听得如痴如醉。","Shortly before midnight, I proposed a crazy idea to Cheryl and Eliza--let's get out of the tub, put on some warmer clothes, and go tromping around the woods in the dark.","",""
"DQ-0327","4432693","田文芝当即表态说 : “ 你放心去吧, 小军就交给我们了。","""You have asked me to tell the truth,"" he said coldly, ""and I have done so.","",""
"DQ-0328","13559604","阿基米德在世的时候,对球积的求法有着很深的研究。","Investigators had a difficult time pinpointing the source of the illnesses, Englejohn said.","",""
"DQ-0329","7844218","深圳激光脱毛哪家好?","Is a consultation necessary for Laser Hair Removal?","",""
"DQ-0330","7953924","用你的大棍子贯穿我吧 . . .","Spend some absolutely free time with your kids.","",""
"DQ-0331","13807615","说着,拿起母亲的手,朝自己脸上连扇几巴掌。","He shook out a couple of the pills, recapped the bottle, and tossed it back in his bag.","",""
"DQ-0332","9241365","那股蓝烟依旧在狠力干着他的屁眼,很快这个壮硕的猛男科学家便已经被操得口","Her hair was still a huge mess, and she was wearing the same thing she had been this morning.","",""
"DQ-0333","9078898","在奥涅金余下的人生里,将只有无尽的孤寂、无尽的悔恨。","There will be a marked acceleration in the number of signal boxes decommissioned each year.","",""
"DQ-0334","8455103","Tech Name: SUN XIJUN","Tech Name: DNS Manager","",""
"DQ-0335","7616693","很多事不是努力就能做到的。","The skeptic argues Christina did not have a lot of competition.","",""
"DQ-0336","7505833","透过护士站门边的窗户,从","You go in consequence of the breaking up of the family.""","",""
"DQ-0337","9158275","我怎麽不是好人了?","“Who am I to marry?”","",""
"DQ-0338","5807482","请求的 URL : / showtopic-1987.aspx","Requested URL: /s3/repzioproductimages/1268/tpb-wm_lg.jpg","",""
"DQ-0339","7891427","是的,这女人确实是去参加一个时尚派对,她叫费雯莉,她正要前往位于城北的利贤庄园,参加厉家组织的派对。","The teacher started asking me a lot of bizarre questions and in the end announced that she was going to leave her husband and come follow me, because the Dhamma I taught was so amazing.","",""
"DQ-0340","7492670","只是,在短暂的风情外露之后,她的脸上却充满着愁容。","I came to know that he died suddenly of renal failure, after a brief illness.","",""
"DQ-0341","9380392","eo.wikipedia.org上的用途 Orakola osto","Usage on zh.wikipedia.org","",""
"DQ-0342","9288718","正是三藏的心窝窝中,深藏着、压抑着同样的幻想,老猪的话,只不过是跟自己引起了共鸣、跟老猪在心里面互相追捧。","The `Resolution', as it was called, which was widely published in the newspapers of the day was in fact a declaration of war, and was so accepted by the master class.","",""
"DQ-0343","13221941","半年以后我将一个人孤零零地生活,这跟现在的场景相差太大了,我简直无法想象。","I was on fire, I was about to yell at him but the girl, who is most likely a year younger than me, spoke up.","",""
"DQ-0344","13192225","KaelynDiva的工作时间","Working hours of AnyelineThong","",""
"DQ-0345","4299765","完事之后我还躺在床上,她却起来穿衣服。","When I ride it, I have the soundtrack of Endless summer in my mind.","",""
"DQ-0346","2354666","你对九阳公司选择经销商的条件如何评价?","How do you offer more engagement without the sales pitch?","",""
"DQ-0347","4473665","这和过年时当时的情景一模一样啊。","The crew stood around a man lying prone at the base of the mid-mast.","",""
"DQ-0348","2592651","造成病人不舒适的外因有哪些?","What are the differences between COM architecture and.NET architecture?","",""
"DQ-0349","12746658","于是父亲提出离婚,把房和车留给了母亲。","The road to Chicago completes the system, and the Baltimoreans The House of Refuge--Baltimore.","",""
"DQ-0350","10612332","老公,都是我的错,这几个星期我光记得工作而把忘","I was only twelve; and I dreamed of cannibals for weeks.""","",""
"DQ-0351","1652613","回到饭店,我还算好,他们几个就很狼狈了。","John, I'm sorry if this reads a bit like a police report","",""
"DQ-0352","3062310","怎样制作刀具","How To Decrease Your Debt","",""
"DQ-0353","11283912","转身回到船舱,整整 一夜她都没有回来,在凌晨的时候,依稀在梦里见过她。","The cold is a bit much but when I switch back to warm water I can feel myself sweating, in the shower, at five in the morning.","",""
"DQ-0354","7106862","我开口道,这次其实我也不知道我为什么要道歉。","An Italian nun is a singing sensation, and I don't care.","",""
"DQ-0355","9240900","如何注册成为会员","How to Control UISearchBar Background Color","",""
"DQ-0356","3929897","·赢话费的游戏大厅都有哪些","What Are The Debts Of Countries","",""
"DQ-0357","4151545","数百人一起站起来盯着自己看,那感觉那场面,真的非常具有威慑力。","And I ended up wearing a bachelorette sash and my visor and sunglasses, and yeah, it was ridiculous.","",""
"DQ-0358","9243389","真的这么急吗?","Was it really God’s voice?","",""
"DQ-0359","13615292","儿童减肥危害 96.","Lack of Direction 96.","",""
"DQ-0360","7307234","几次去阿鲁巴都是待在棕榈沙滩的高处。","We do hope to serve you again on one of your visits to Aruba.","",""
"DQ-0361","247030","而当我离开公司后,我希望我能以公司为荣。","I used to ride my bike a lot and when I met my wife, I met her through bike riding.","",""
"DQ-0362","8702686","二十、 她可能觉得自己确实有点过了,就把车靠在路边停了下来。","Down the side of the rock there are broad ledges, and it is on one of these that the market-place is built.","",""
"DQ-0363","3698838","在饭店门口,有刘唯山的弟子负责","It had to be put at the end of the book...","",""
"DQ-0364","8750687","倒扁总部29日晚公布的最新行程如下:","Some of the terms of the agreement are as follows:","",""
"DQ-0365","6575537","收藏到了《笑傲江湖的文件夹》","Basically the line colour of the pointerGuide.","",""
"DQ-0366","13913252","在夜幕降临以前,要回家是太远了,但是到城里去也不近。","But she laughed, and said it was not a ruby at all, but only a red stone.","",""
"DQ-0367","1584095","·最新版捕鱼机","Instagram Categories of the day","",""
"DQ-0368","14123901","姚婧回房就悃了,小孩子的身体,总是睡得多些。","When a new poll is put up, the old one is replaced.","",""
"DQ-0369","8652342","并且反锁上了房门。","""And the baby?""","",""
"DQ-0370","9673668","作为外国人我就去了第六回大邱达西区的多文化庆典","It’s 9min walk to the entrance of Daegu Arboretum.","",""
"DQ-0371","1695136","如何 让男人彻底爱上你","Related wikiHows How to Get Prescribed Xanax","",""
"DQ-0372","774825","从衣领里伸进去,那一双硕大的乳房沉甸甸的,攥在手里轻轻地揉着。","All maintained a solemn silence, listening to the words of the President, who held a mallet in his hand.","",""
"DQ-0373","5085708","990990开奖中心藏宝阁神算了","← Back to Asian Center for Journalism","",""
"DQ-0374","7911629","中国卖刀最好的地方在哪里 . . .","What Is The Best Finance Company To Work For","",""
"DQ-0375","4847579","于是,那伙人就去秃子金家查。","Today, I went to the beach with my children.","",""
"DQ-0376","5573940","你终于肯将就的时候,却连可以将就的对象都没有了。","But you can't, because your dental plan doesn't cover that.","",""
"DQ-0377","13770117","捕鱼达人在线版","Click on one of the retailers below","",""
"DQ-0378","13593080","死者灵魂相信并依托佛教极乐","and labor served the interests of the state.","",""
"DQ-0379","1339657","尽管那是一件让女人兴奋无比的事情。","I figured it was probably a neighborhood kid.","",""
"DQ-0380","393","如何 从Soundcloud上下载歌曲","How to Eat a Pomegranate","",""
"DQ-0381","5048167","Hedley挂牌上市房地产—CENTURY 21 Canada CENTURY 21 Judy Klassen 寻找物业","Homes for sale in Pigeon Lake, Real Estate Listings - CENTURY 21 Canada CENTURY 21","",""
"DQ-0382","11210023","下一篇:捕鱼达人辅助吧","Secured Loans For People In Debt Management","",""
"DQ-0383","8765765","陈平在陈俪娜的乳头上画着圈儿,就看到女儿望向一边,顺着她的目光,那个令人惊奇的画面让他感到了心灵的震撼。","A favorite one was at Koamano, on the mainland, and another was at Maiaukiu, the small islet just abreast of the valley of Waipio.","",""
"DQ-0384","9182554","歌剧院讲解的入口在地下一层,售票处也兼任存包处。","We then headed on to the European Parliament, which serves as the headquarters of the European Union.","",""
"DQ-0385","2609860","今天,跟往常一样,她一个人坐在小屋前的院子里。","Jackson was sitting on the bottom step of the bus.","",""
"DQ-0386","7883970","而我则送了一套香水给她。","And I want him to fuck me.""","",""
"DQ-0387","5168549","将军知道女儿已体味出自己的心情。","He was in the Air Force when he was baptized at age 21.","",""
"DQ-0388","5424097","那个关键在哪里?","This is the Lord’s declaration.","",""
"DQ-0389","1747504","飞机开始在跑道上加速滑行了。","I roughed them up on the regular, I guess.","",""
"DQ-0390","3257422","Sophiaacat重要详情","Important details of JessyBrun","",""
"DQ-0391","3375603","如何 仔细清洁车辆","How to Print Double Sided","",""
"DQ-0392","1617855","说着便伸出右手来,轻轻的按在侯龙涛的脸上,向外一推。","I took one of the mangled flash cards from a bergen pocket, dropped it in the lake and checked that it sank.","",""
"DQ-0393","3377767","这其中的差异,就在于有没有自己亲自经历参禅的过程,是不是自己亲自走过来的。","But it is a rhetorical battle, and as such there is a sort of rhetorical reconstruction possible.","",""
"DQ-0394","12581710","电子邮件: urlaub@appartements-schmalzerhof.at","Email : info@art-sporthotel.at","",""
"DQ-0395","7345900","“我要我的好老婆给我乳交 。 ”","I want to fuck you all night long.""","",""
"DQ-0396","5076912","图2:浏览文件夹窗口","Bypass censorship and browse the web anonymously","",""
"DQ-0397","6729607","而那罩杯之下的两只乳,自己的大手都很难完全握住。","The storerooms had been bust and the two other barracks were empty.","",""
"DQ-0398","11303034","刚走出仓库没多远,侯龙涛就再也支撑不住了,腿上的力气迅速的消失了。","As the engine came out of the tunnel, his back was towards her, and she cut him down.","",""
"DQ-0399","8802156","【尼泊尔狗腿 】 哪里可以买到砍刀","Can I Get A Small Business Loan Without A Job","",""
"DQ-0400","13468880","中国相关条目索引","Index of Panama-related articles","",""
